head	relation	tail
item_B002AHU4KC	compatible_with	item_B00M20E91M
item_B0012JRLWS	compatible_with	item_B00ZKYMG4E
item_B00JW2A7LO	compatible_with	item_B00XZ3EF0U
item_B00295MQLU	compatible_with	item_B00RCKUFF6
item_B01E5JLKWI	compatible_with	item_B01FX3ZSWI
item_B00VJ41U6Y	compatible_with	item_B012AP0CKA
item_B00B58FQ5K	compatible_with	item_B0161018Z8
item_B005GQAMLK	compatible_with	item_B00XKXHMD2
item_B0085TF7DS	compatible_with	item_B00CBE1S6I
item_B00H1S7N2W	compatible_with	item_B00YGAISMM
item_B010EAL7M0	compatible_with	item_B01DQ2BLZG
item_B00HHHI66O	compatible_with	item_B00R70LP8W
item_B0062OP2G0	compatible_with	item_B00HTAT6Y0
item_B00GC1WPJ0	compatible_with	item_B00INYPIT8
item_B00MNKTBJ6	compatible_with	item_B01DFQVL4E
item_B004DPAEGS	compatible_with	item_B009GWZF6M
item_B009T1R6HG	compatible_with	item_B01AB25C4K
item_B0012G6KX2	compatible_with	item_B015Q84QXW
item_B008X6AX0K	compatible_with	item_B00D076MXE
item_B00E9E1CDC	compatible_with	item_B01EH14W24
item_B00T2QQLJW	compatible_with	item_B018YLSIWI
item_B00HAV9RNS	compatible_with	item_B017ULEI9U
item_B00Q6BSE9G	compatible_with	item_B01DDDAAJ6
item_B003B2SVHS	compatible_with	item_B01DJP6MTA
item_B013SEP6FS	compatible_with	item_B01DZKLOAQ
item_B00ZM0MUY2	compatible_with	item_B00ZUK0E2O
item_B0002NYN44	compatible_with	item_B01AK98V6A
item_B01CI4C8GO	compatible_with	item_B01H3EALEA
item_B00ELAKV0E	compatible_with	item_B01E2DKX66
item_B0152R74K4	compatible_with	item_B015E03PJ8
item_B0010TR6NE	compatible_with	item_B00V9U3DU4
item_B00HIZKH7G	compatible_with	item_B00I04GJO4
item_B00KM8GXL0	compatible_with	item_B00QNAIJ4A
item_B005GPI056	compatible_with	item_B01DTY57Q0
item_B00T6H8UY6	compatible_with	item_B01F8VL0UE
item_B0026O1LSI	compatible_with	item_B00Q4LZUW2
item_B01AEUQZJK	compatible_with	item_B01D410A2O
item_B001CVRAXQ	compatible_with	item_B00MY8WSCO
item_B00FXLCUPO	compatible_with	item_B01FWRHX0A
item_B00S4HGBZ4	compatible_with	item_B013E0HGEA
item_B0195AU1AY	compatible_with	item_B019MDWF76
item_B00ZAIILVC	compatible_with	item_B011WGY5AQ
item_B00DGCI6WS	compatible_with	item_B00GXZVIWA
item_B00ESFANUU	compatible_with	item_B0152ZWO7O
item_B003JH8SU0	compatible_with	item_B017CNVBVY
item_B000G1FDIM	compatible_with	item_B01G4RTNGE
item_B00JULWE54	compatible_with	item_B00V3ML4MW
item_B00Q4LZUW2	compatible_with	item_B01AFRRTV0
item_B007H52HKC	compatible_with	item_B00HFA919E
item_B000A2KEAY	compatible_with	item_B00FXPRJWO
item_B00FXPRL5O	compatible_with	item_B00S8RQ2JA
item_B00JS3EV5A	compatible_with	item_B011LTPIQO
item_B0072J71HM	compatible_with	item_B0072J7XTI
item_B00RGWU7E4	compatible_with	item_B01810JDN0
item_B00UGKQBZC	compatible_with	item_B00XZ3EF0U
item_B00RL7MK4Y	compatible_with	item_B0115KHC8Q
item_B0029NYPSO	compatible_with	item_B00I04GJO4
item_B00CI5LPUO	compatible_with	item_B00XKSI06U
item_B00RHQQI38	compatible_with	item_B013NGSC1G
item_B00S9VVUAQ	compatible_with	item_B01890QD8K
item_B016LJ4GBM	compatible_with	item_B01FTHPX2I
item_B00T2QQLJW	compatible_with	item_B01D3ZH6QY
item_B009REO5S8	compatible_with	item_B00QI7CQ1K
item_B00JWURVRY	compatible_with	item_B00QITXB4E
item_B0002M4VJM	compatible_with	item_B00XKXHMD2
item_B01F1ROZFC	compatible_with	item_B01H3CSYOQ
item_B015JGVV70	compatible_with	item_B01CTPAFFI
item_B00KXU16SW	compatible_with	item_B00WJ28R20
item_B017589X2K	compatible_with	item_B01BU5AVK2
item_B0012G6KX2	compatible_with	item_B00300HGXQ
item_B00YGAISMM	compatible_with	item_B01779YZXY
item_B00K0DOGSY	compatible_with	item_B01BBUIS0Q
item_B01CXPBSGE	compatible_with	item_B01DDUNCLM
item_B00XKXI2D6	compatible_with	item_B01B48NSLO
item_B00IM3FLUQ	compatible_with	item_B00YX032HQ
item_B00IMB1DAA	compatible_with	item_B01EH14W24
item_B001NDBCZK	compatible_with	item_B00QGSJVZU
item_B00846FJSA	compatible_with	item_B00XKXI2D6
item_B00ARH8C9M	compatible_with	item_B013GDLRMC
item_B000WTOCS0	compatible_with	item_B01DUQUIG6
item_B00XKXHMD2	compatible_with	item_B011UFIFP0
item_B00PXSBBJI	compatible_with	item_B00XKXHMD2
item_B000OQQ4ZU	compatible_with	item_B01DDDAAJ6
item_B002TNQBB8	compatible_with	item_B00UX6OI36
item_B003JH8SU0	compatible_with	item_B00XH0MUEO
item_B00GO986PC	compatible_with	item_B00LE1C2V4
item_B004ZWH9UI	compatible_with	item_B00C81BU58
item_B015Q84QXW	compatible_with	item_B018I887MS
item_B00K00U4IS	compatible_with	item_B01DTOHXMG
item_B018JABMHW	compatible_with	item_B01ESQPHWW
item_B00Z5SJIPK	compatible_with	item_B01H3EALTK
item_B0061DQR52	compatible_with	item_B00Z8A3TPK
item_B00GSW1AXK	compatible_with	item_B01FRGKIZI
item_B009XHZMSG	compatible_with	item_B00QGSJVZU
item_B00PSHH9N6	compatible_with	item_B013SEP6FS
item_B00YZJZTYO	compatible_with	item_B01DBGJDYI
item_B002P8NCLE	compatible_with	item_B00A9ZBGKO
item_B017ACMZ5I	compatible_with	item_B01AN6M31Y
item_B00F9IGIKO	compatible_with	item_B01CF3JB6I
item_B002G9UGT8	compatible_with	item_B00RYM6XIA
item_B00XKXHMD2	compatible_with	item_B01BGYIG7C
item_B008EQQKEC	compatible_with	item_B00L5E0QTU
item_B00JRS14MY	compatible_with	item_B00PUCFZG2
item_B014K7GO7Q	compatible_with	item_B01890QD8K
item_B01CH3FZNO	compatible_with	item_B01FVZH0EM
item_B014PH1ZVG	compatible_with	item_B0186SA2QE
item_B005GV9AV8	compatible_with	item_B016LJ4GBM
item_B01F4NMTGA	compatible_with	item_B01GCIJRWK
item_B00HRNU3B4	compatible_with	item_B00I39JPV0
item_B00KZT5X26	compatible_with	item_B010TTTSQ8
item_B00FXPRL5O	compatible_with	item_B00TX4S4MK
item_B00VTTOGHE	compatible_with	item_B016MZPXNU
item_B00GOUCPYE	compatible_with	item_B00J1O8WLU
item_B00NE4YJVK	compatible_with	item_B01DLDSFAE
item_B00IUQIC92	compatible_with	item_B012XOO8UI
item_B001TVFBH6	compatible_with	item_B01H3EALMM
item_B00J4RUHAI	compatible_with	item_B00NJ873Q4
item_B00V84SHIE	compatible_with	item_B00Y5T5MAU
item_B01DKMMUY8	compatible_with	item_B01ET645HO
item_B0090O4XQE	compatible_with	item_B00HRNU3B4
item_B017WSG1QY	compatible_with	item_B01G7W84FW
item_B0196YFEUG	compatible_with	item_B01BUATEP0
item_B0183SZ1S6	compatible_with	item_B01D8HEDA4
item_B00D470W5Y	compatible_with	item_B00MY6MVVO
item_B00LHJO5JA	compatible_with	item_B00N4N2IGO
item_B01DZKLOAQ	compatible_with	item_B01ESQPHWW
item_B019GKUEY6	compatible_with	item_B01DP724O4
item_B00Y1NS2OS	compatible_with	item_B01H7EMBXK
item_B00H2SPZPI	compatible_with	item_B00HO0AA9K
item_B00WLLOXAO	compatible_with	item_B01H7EMBXK
item_B019407BLC	compatible_with	item_B01DLQ7ET4
item_B004I766BS	compatible_with	item_B005GW6ALK
item_B00QXASI64	compatible_with	item_B014WKPS14
item_B00HY57N22	compatible_with	item_B00N2DQKDI
item_B00Q4LZUW2	compatible_with	item_B00XWQXH4U
item_B00EC82BTO	compatible_with	item_B00JULWE54
item_B00W9E8FOI	compatible_with	item_B015CJQGB0
item_B00O72IPCC	compatible_with	item_B0183IV2V6
item_B00DMW4T8C	compatible_with	item_B01DAWMC9Q
item_B00I544SQU	compatible_with	item_B01BGG4LRY
item_B00B6EBX4Q	compatible_with	item_B00JB8OW42
item_B00K7Z6SBI	compatible_with	item_B00WY4QXT2
item_B00L87X4OI	compatible_with	item_B00O4DOA64
item_B019JDHA4C	compatible_with	item_B01H30LCP6
item_B00WT1H3SK	compatible_with	item_B01DB9WT4Q
item_B00HIZKH7G	compatible_with	item_B01DET03C8
item_B00KGE37HS	compatible_with	item_B00V84SHIE
item_B00526UXMC	compatible_with	item_B01ATQM6JC
item_B00R7CKSCY	compatible_with	item_B01E9B54Z6
item_B007QQ2RD4	compatible_with	item_B00X9HIFIA
item_B00EUA0IVW	compatible_with	item_B00YE7NW14
item_B009TC0YV0	compatible_with	item_B00KFNYVIO
item_B00P8NSPQ0	compatible_with	item_B00TKVQM7K
item_B000FXSU5Y	compatible_with	item_B00FXPRL5O
item_B00N4N2IGO	compatible_with	item_B00YIWVGTK
item_B00RDDSQIU	compatible_with	item_B012P2FLA4
item_B00ARH8C9M	compatible_with	item_B00XKY84LK
item_B00XXPMJKI	compatible_with	item_B011J67L1O
item_B004QLAYV4	compatible_with	item_B00QGSJVZU
item_B00417QFF2	compatible_with	item_B00PXSBGOI
item_B00A41E812	compatible_with	item_B00ULZAECI
item_B00DMW4T8C	compatible_with	item_B01D824N90
item_B01DOFVECK	compatible_with	item_B01H4AER5W
item_B00936UYSU	compatible_with	item_B00B58FQ5K
item_B007VB95C0	compatible_with	item_B00XXPMJKI
item_B004DJ29GW	compatible_with	item_B0077IGFLQ
item_B007L6GC3A	compatible_with	item_B0132JVIUQ
item_B00CHNMU1U	compatible_with	item_B00FXPRL5O
item_B00WV1VN0W	compatible_with	item_B00WWFVYCO
item_B00CVU2OME	compatible_with	item_B01BYTLKOA
item_B00L5E0QTU	compatible_with	item_B01CO81XYC
item_B018SRR0N6	compatible_with	item_B01EVGFVZM
item_B00BW5VJW0	compatible_with	item_B00ZUJ9Q8I
item_B01CUJUMXI	compatible_with	item_B01DCK4SW0
item_B00NJ873Q4	compatible_with	item_B019DE22WW
item_B0002LTCWY	compatible_with	item_B00V84SHIE
item_B00XBBAV2C	compatible_with	item_B01GUXR7YM
item_B00VTTOGHE	compatible_with	item_B013QTGDYI
item_B00PNUJO5E	compatible_with	item_B00VTTOGHE
item_B0000WL0WA	compatible_with	item_B00FXPRIPC
item_B00L5E0NQG	compatible_with	item_B00SPQWIZG
item_B0012G6KX2	compatible_with	item_B004SW9LE2
item_B00VJL4Y1A	compatible_with	item_B015WKM9WE
item_B004V7D3MA	compatible_with	item_B00Q4LZUW2
item_B000TGPR4O	compatible_with	item_B005SW8GDI
item_B005GPKWLQ	compatible_with	item_B016LJ4J7S
item_B00QLCUTGG	compatible_with	item_B019X2NGF6
item_B0018SW4DY	compatible_with	item_B00MY8WSCO
item_B0065ECGKM	compatible_with	item_B01FD7PF72
item_B00WVS7T26	compatible_with	item_B018I887MS
item_B00PGR7IC0	compatible_with	item_B019HHGR3K
item_B005HTOORY	compatible_with	item_B00QGSJVZU
item_B00ZUJ9Q8I	compatible_with	item_B01CNZ8T7U
item_B00QGAM8EY	compatible_with	item_B0156GCLD6
item_B00505DPSO	compatible_with	item_B008B80O1I
item_B0013EE9S6	compatible_with	item_B01H7EMBXK
item_B010USSWOC	compatible_with	item_B01GMEWU6O
item_B00180R7RA	compatible_with	item_B014O4NQ9E
item_B00Q4LZUW2	compatible_with	item_B00SAHP1UO
item_B004CO6PY0	compatible_with	item_B00O5F00UQ
item_B00VVGX0RW	compatible_with	item_B0170MI3TU
item_B0008172KC	compatible_with	item_B00V84SHIE
item_B00I14WP78	compatible_with	item_B00OES38DA
item_B001KFTHD0	compatible_with	item_B01AK98V6A
item_B004CK739A	compatible_with	item_B0152U54V2
item_B010BTFTPU	compatible_with	item_B016LJ4J7S
item_B013RX6A50	compatible_with	item_B017WWTSO2
item_B00DOE8V28	compatible_with	item_B00F3SJQ72
item_B00JULWE54	compatible_with	item_B0151E6OVI
item_B0007KQHJG	compatible_with	item_B000GB1R7S
item_B000A7G6OC	compatible_with	item_B00F9IGIKO
item_B009W1HTP2	compatible_with	item_B00Y9MH16G
item_B00Z9T6XL2	compatible_with	item_B01G280KAS
item_B015CFAEP8	compatible_with	item_B01H6DY7BQ
item_B00V84SHIE	compatible_with	item_B0132I5EYS
item_B00B58FQ5K	compatible_with	item_B0155461IK
item_B00DVFWFKE	compatible_with	item_B00EY5EHXI
item_B00505DPQG	compatible_with	item_B008B80O1I
item_B00421BJTE	compatible_with	item_B018YIF56S
item_B00U1MTFVW	compatible_with	item_B011N9SR1K
item_B002KIPDSY	compatible_with	item_B013W7M3XE
item_B007RH6RVA	compatible_with	item_B00XXPNFME
item_B00UV7J2HE	compatible_with	item_B01B3HP24W
item_B00VXIG80Y	compatible_with	item_B01AWZ1UGU
item_B0163HYA7C	compatible_with	item_B01FUMB2U4
item_B001BK2LBO	compatible_with	item_B014MCFM4K
item_B000BTYQVO	compatible_with	item_B00XKXHMD2
item_B00YU7L8TQ	compatible_with	item_B016YKHX1S
item_B00M94LQYE	compatible_with	item_B00ZUJ9Q8I
item_B00CBE1N86	compatible_with	item_B01011SNBA
item_B014SWBP7W	compatible_with	item_B01EFWC55Q
item_B000MURLY6	compatible_with	item_B00I04GJO4
item_B000H2VW2G	compatible_with	item_B018YIF56S
item_B00566SJPG	compatible_with	item_B01DFU1RLC
item_B01E2DKX66	compatible_with	item_B01GKEH1CY
item_B005C9GNNW	compatible_with	item_B00XKXHMD2
item_B0072J71LI	compatible_with	item_B0072J7XTI
item_B017WSG1QY	compatible_with	item_B01CT5Q0D4
item_B000HOSFDI	compatible_with	item_B00389VKDQ
item_B00B81I4IU	compatible_with	item_B00HIZKH7G
item_B0170MHXVE	compatible_with	item_B017JHA2GS
item_B005KYIMR4	compatible_with	item_B007T4WR4C
item_B001FOQI1U	compatible_with	item_B00KYM1DBE
item_B012N5BYZY	compatible_with	item_B01E2DKX66
item_B005ARA44U	compatible_with	item_B00APXN95U
item_B01ARJYYLY	compatible_with	item_B01E7QKE5S
item_B0091CC1OG	compatible_with	item_B00NC7FVCK
item_B00SCG8WSQ	compatible_with	item_B01B3HP24W
item_B00NHECL6M	compatible_with	item_B00XBBAV2C
item_B00C7K8SW8	compatible_with	item_B00FXLCUPO
item_B009KYL038	compatible_with	item_B00NASDGCI
item_B00XPRMBY8	compatible_with	item_B017GD0S6O
item_B00E9TM9J8	compatible_with	item_B012BOQ632
item_B0163HYA7C	compatible_with	item_B01A7VLY60
item_B0094WML7U	compatible_with	item_B00KOJYK44
item_B006WMAC2Q	compatible_with	item_B00EVQYB72
item_B00KRYL792	compatible_with	item_B014QJY7GS
item_B00669VA7G	compatible_with	item_B01F324FMI
item_B00ZX86EA4	compatible_with	item_B01H439QI2
item_B00505DPQG	compatible_with	item_B008B81LP6
item_B00O70UZ3Q	compatible_with	item_B01AFUXXA8
item_B00XKXHMD2	compatible_with	item_B00ZGE9N1W
item_B001E4X1UM	compatible_with	item_B013OVICL0
item_B017R0HCAG	compatible_with	item_B017ULEI9U
item_B00ID4ROGI	compatible_with	item_B00XWUD32W
item_B00387EF08	compatible_with	item_B00APXN95U
item_B004I76686	compatible_with	item_B005GV9AEU
item_B00WG2YPHY	compatible_with	item_B00YV697IK
item_B003BSMK74	compatible_with	item_B006SRSZOW
item_B019S38JJI	compatible_with	item_B01FJXXW6Q
item_B00KKV2MW8	compatible_with	item_B0111RF5JG
item_B00BXEF066	compatible_with	item_B017WSG1QY
item_B003MWCODE	compatible_with	item_B00XKXI3J4
item_B00DMQR60Q	compatible_with	item_B00MN7REHA
item_B015VLOR0Q	compatible_with	item_B01DS6GZYM
item_B003SG06RA	compatible_with	item_B00FNR2FOY
item_B0029NYPSO	compatible_with	item_B00KBZOB40
item_B017R0HCAG	compatible_with	item_B01EHU2SLC
item_B00APXN95U	compatible_with	item_B00WWNV43A
item_B00G9QQBPC	compatible_with	item_B019S38JJI
item_B011LTPIQO	compatible_with	item_B01AO46WS0
item_B00J1ZATDS	compatible_with	item_B00MJU0E6E
item_B00JULWE54	compatible_with	item_B011YXZXI0
item_B00BMSEO8I	compatible_with	item_B00XWUD32W
item_B015G2HA3Q	compatible_with	item_B0182G7G3M
item_B0149FKEQ6	compatible_with	item_B01H6DY7BQ
item_B00QXMQ2JW	compatible_with	item_B01EHYZ9LY
item_B001BZ2GS2	compatible_with	item_B00XXPNFME
item_B0085UFM50	compatible_with	item_B00B58FQ5K
item_B008J0BM1E	compatible_with	item_B00DBS1QGA
item_B00XXPMJKI	compatible_with	item_B01DDDAAJ6
item_B004A7BK44	compatible_with	item_B01H3EALMM
item_B009OJFK94	compatible_with	item_B00MJFWDPO
item_B00YV697IK	compatible_with	item_B00YXLULVU
item_B010EAL7M0	compatible_with	item_B01DMU7P5M
item_B00CVVJ6TM	compatible_with	item_B01B3ISSBK
item_B016YRTP0S	compatible_with	item_B01DONFQ4Y
item_B0072J71L8	compatible_with	item_B01DCX6ED8
item_B00VTV7HD2	compatible_with	item_B011LTPIQO
item_B00XWUD32W	compatible_with	item_B01EJF0FKQ
item_B00CA2W0YK	compatible_with	item_B0156GCLD6
item_B00U8DAHRA	compatible_with	item_B013E0HGEA
item_B0043RXU0I	compatible_with	item_B00KXOJGH6
item_B00ACIFH8U	compatible_with	item_B00LVJ9V3G
item_B00DH9OSRM	compatible_with	item_B0186MXLY0
item_B0067UH3OI	compatible_with	item_B0198IUMZM
item_B014CPPQXE	compatible_with	item_B01B3HP24W
item_B015SSQCO6	compatible_with	item_B01ATW0YUO
item_B000CEO88Y	compatible_with	item_B00BRDBCMO
item_B009XAGPHU	compatible_with	item_B00QNAIJ4A
item_B002APVEF8	compatible_with	item_B0050GDL8M
item_B00553XK3G	compatible_with	item_B00WIS3ER8
item_B00NTOZ4RI	compatible_with	item_B00TSNJZD8
item_B004D3HL02	compatible_with	item_B00RCKUFF6
item_B013X04PDG	compatible_with	item_B01CTNFTVA
item_B00C55LMS2	compatible_with	item_B00LXKETOY
item_B0019MNPHS	compatible_with	item_B00D076MXE
item_B01478Q4VE	compatible_with	item_B01F8VL0UE
item_B016LJ4J7S	compatible_with	item_B016LJ4N92
item_B01EN6WH6Q	compatible_with	item_B01F8VL0UE
item_B01FQJJ0PA	compatible_with	item_B01GO0VDQO
item_B00XWUD32W	compatible_with	item_B01866QM4W
item_B000WLPWAK	compatible_with	item_B013SMA6MS
item_B00KBZO8WK	compatible_with	item_B00YB6GHSI
item_B005T8V0QQ	compatible_with	item_B0064YY0D4
item_B00UC69NJG	compatible_with	item_B00Z9T6XL2
item_B00F3SJQ72	compatible_with	item_B00KWO82RM
item_B00A0GG2B0	compatible_with	item_B019S3895C
item_B00B58FQ5K	compatible_with	item_B00CN7TXZQ
item_B01AA2LPD8	compatible_with	item_B01EWRYBK6
item_B000R70N4E	compatible_with	item_B0047D40OS
item_B00XKJ6ZUM	compatible_with	item_B01B5FCOU2
item_B00XXPNFME	compatible_with	item_B01ENGK40M
item_B00KTD8W4O	compatible_with	item_B00XKXHMD2
item_B0059YFCB4	compatible_with	item_B00KBZOB40
item_B015H4F5HQ	compatible_with	item_B01C41ZFKM
item_B00295MQLU	compatible_with	item_B01FX784T8
item_B0024L8JCO	compatible_with	item_B002KSY6QY
item_B00JC2YXFK	compatible_with	item_B00JGSZRFU
item_B00EJZGPDS	compatible_with	item_B012UOSYQK
item_B00UBUBTA4	compatible_with	item_B01GO0VDQO
item_B008VJDUEA	compatible_with	item_B00VSBMLPM
item_B00B58FQ5K	compatible_with	item_B00BCG27RK
item_B00HIILFPG	compatible_with	item_B01GSIJWYC
item_B00APXN95U	compatible_with	item_B01CT5Q0D4
item_B0131JMN10	compatible_with	item_B01FUMB2U4
item_B00BPCJGL6	compatible_with	item_B01ECE14KE
item_B00B81I4IU	compatible_with	item_B00IPKMQ72
item_B006OC0T9U	compatible_with	item_B00PXSBBJI
item_B003YQMPEG	compatible_with	item_B00KOJYK44
item_B00O72IPCC	compatible_with	item_B00Z5SJIPK
item_B01B3HP24W	compatible_with	item_B01E4SVW5K
item_B00B58FQ5K	compatible_with	item_B016AROWE6
item_B0002MFU3I	compatible_with	item_B019407BLC
item_B00JRBZF7G	compatible_with	item_B015ZGVOT4
item_B00PJIWLTG	compatible_with	item_B01DPFZRXQ
item_B00SZNUD8S	compatible_with	item_B00WY4QXT2
item_B00QE3XN06	compatible_with	item_B01890QD8K
item_B00O5I1W3M	compatible_with	item_B01ES4EZOU
item_B00F4NHC9U	compatible_with	item_B00V84SHIE
item_B00MUUY47I	compatible_with	item_B0156GCLD6
item_B002J9H4RW	compatible_with	item_B00KBZOB40
item_B0012MR6G6	compatible_with	item_B00X9HIFIA
item_B00LCJP40E	compatible_with	item_B01FQJJ0PA
item_B00IS9TRKO	compatible_with	item_B00LE1C2V4
item_B01ASQGT6E	compatible_with	item_B01FX762GA
item_B01B3HP24W	compatible_with	item_B01CDDSCJM
item_B007V1DRAG	compatible_with	item_B00X9HIFIA
item_B00KTJSDFQ	compatible_with	item_B00XZATUN0
item_B00UT1D2SW	compatible_with	item_B016R94UBC
item_B00R82PNZK	compatible_with	item_B01AP40M7G
item_B00MZ7MYT6	compatible_with	item_B00V84SHIE
item_B00G9QQ54Y	compatible_with	item_B019S38JJI
item_B00BDW3V2S	compatible_with	item_B00CC3LRVE
item_B00K83TN7U	compatible_with	item_B00KV85V9Q
item_B006SFRJ7S	compatible_with	item_B00FQ107OM
item_B003552QG8	compatible_with	item_B01E7Q8AVS
item_B008YWF7OU	compatible_with	item_B00ES6FQBA
item_B01CU2LVHQ	compatible_with	item_B01H3CSYOQ
item_B015BLEUTY	compatible_with	item_B01E10XIWG
item_B00V84SHIE	compatible_with	item_B00VJLX2J0
item_B00BRDBCMO	compatible_with	item_B00Z5OMBTO
item_B006T5BG7Q	compatible_with	item_B00J298J1C
item_B00ATM2RJ6	compatible_with	item_B018MRRKR8
item_B000ZHFCPQ	compatible_with	item_B0067TMSQM
item_B00IDBKW9M	compatible_with	item_B013OVICL0
item_B009SNLZS6	compatible_with	item_B015SSQCO6
item_B0069VFSX8	compatible_with	item_B00B7E3DSE
item_B00LE1C2V4	compatible_with	item_B016P5RMK4
item_B00JBRB2IC	compatible_with	item_B00OP1WYLI
item_B0115HTFC0	compatible_with	item_B01CB7W0P2
item_B00WQ7HY2M	compatible_with	item_B01DCK4SW0
item_B012UOSYQK	compatible_with	item_B0191C6CCM
item_B000KJXIKA	compatible_with	item_B00PXSBC1U
item_B00IIFFEPU	compatible_with	item_B017WSG1QY
item_B0002MFU3I	compatible_with	item_B004DGJ00S
item_B005906CP8	compatible_with	item_B00WHF3E6S
item_B0018OOF6M	compatible_with	item_B0024KF38I
item_B001AQHNGC	compatible_with	item_B00CBE1S6I
item_B016PD5PP0	compatible_with	item_B017OEW7DC
item_B009D4389E	compatible_with	item_B01FU3KRYU
item_B00MFQIIIS	compatible_with	item_B00S0HGLXK
item_B00QNANDNM	compatible_with	item_B00USODR4O
item_B00K00U4IS	compatible_with	item_B0186HXCSU
item_B00FXPRJWO	compatible_with	item_B01A16XYT6
item_B013IXB626	compatible_with	item_B01E83WMNW
item_B007MU48SG	compatible_with	item_B00EDG6VSW
item_B007NLXCJK	compatible_with	item_B00LCJP40E
item_B01H439QI2	compatible_with	item_B01H5L0FA6
item_B0001Y65TK	compatible_with	item_B018MRRKR8
item_B0013KBX5W	compatible_with	item_B017XCZX18
item_B00BW0UKRU	compatible_with	item_B01E61CD1C
item_B007P0HCMC	compatible_with	item_B0085TF7DS
item_B00387EF08	compatible_with	item_B01DUQKRPI
item_B00XNGK1UM	compatible_with	item_B01DR117FA
item_B00NJ873Q4	compatible_with	item_B00T7BV0NE
item_B016B9QRPU	compatible_with	item_B018IUOWMK
item_B00N4N2IGO	compatible_with	item_B0105KUNJW
item_B01AXHI5YC	compatible_with	item_B01FQ8IEGC
item_B00Q2P3IHY	compatible_with	item_B017O3XP7A
item_B00HIZKH7G	compatible_with	item_B012XQT80Q
item_B008YWF7OU	compatible_with	item_B017USJVJA
item_B00KYJ9J1I	compatible_with	item_B01AQOCG4C
item_B0008IW19M	compatible_with	item_B00V84SHIE
item_B00S9VVUAQ	compatible_with	item_B013X04PDG
item_B000HTNPR4	compatible_with	item_B00E1ZPAG4
item_B00S4QTOMW	compatible_with	item_B019IOEH16
item_B00NQJ5LAQ	compatible_with	item_B01B3HP24W
item_B00GOUCPYE	compatible_with	item_B01BMO15OC
item_B004X0PSV4	compatible_with	item_B00XLV4AUQ
item_B00KBZOB40	compatible_with	item_B00QTKU86Q
item_B000N5CP0U	compatible_with	item_B00VVV7604
item_B00PQR3LAS	compatible_with	item_B00TENISUS
item_B008YWF7OU	compatible_with	item_B00S4THPIO
item_B007KF1JZS	compatible_with	item_B00EV0B1JO
item_B003LVYEOI	compatible_with	item_B00NHECBBW
item_B005V0WA4I	compatible_with	item_B00NW62PCA
item_B00ULZAECI	compatible_with	item_B013VJV0AK
item_B00ET1V2SA	compatible_with	item_B00EVLTJN8
item_B00U8DAHRA	compatible_with	item_B01BUZUYTU
item_B01G0P1JSK	compatible_with	item_B01GDY9Z0M
item_B00470JIIO	compatible_with	item_B007BZ5CUA
item_B006VHHY00	compatible_with	item_B0085TF7DS
item_B012V8CPJC	compatible_with	item_B01DLNCS4S
item_B0156GCLD6	compatible_with	item_B0175TNYUQ
item_B00XBBAV2C	compatible_with	item_B01AIH0W9I
item_B0083QNPTG	compatible_with	item_B00HFA919E
item_B003BSMK74	compatible_with	item_B006SFRKP4
item_B00O70UZ3Q	compatible_with	item_B014IH2XN2
item_B005GQAHJ2	compatible_with	item_B00PXSBC1U
item_B0002ZROS4	compatible_with	item_B0009UL0RI
item_B001BZ2K2Y	compatible_with	item_B00XZ84MFI
item_B003MAEV28	compatible_with	item_B00I086T9A
item_B016LJ4GBM	compatible_with	item_B01B3ITKX0
item_B0166BU7T0	compatible_with	item_B01EXN8VS2
item_B00917P36O	compatible_with	item_B011LTPIQO
item_B00JULWE54	compatible_with	item_B01AZJC33M
item_B00K83TN7U	compatible_with	item_B00LL6QE7U
item_B00ANX1K80	compatible_with	item_B00N28UFMU
item_B000HTXTZM	compatible_with	item_B00QGSJVZU
item_B00OV4840E	compatible_with	item_B01CIV26AA
item_B00LGY1904	compatible_with	item_B00QGSJVZU
item_B002081BQM	compatible_with	item_B004I79ZC0
item_B00F3SJQ72	compatible_with	item_B00NM9OEIA
item_B00594TU5I	compatible_with	item_B00XKXHMD2
item_B007KAA8DC	compatible_with	item_B01D1ZDKXO
item_B00G4OZA9C	compatible_with	item_B00XKXHMD2
item_B004D4FFYK	compatible_with	item_B00Q4LZUW2
item_B00W5R4WPK	compatible_with	item_B01DCK4SW0
item_B00375HQXY	compatible_with	item_B01H3EALTK
item_B007CU8J7W	compatible_with	item_B008VJDUEA
item_B01D410A2O	compatible_with	item_B01DK8QUO8
item_B00EVQYB72	compatible_with	item_B013CQH5RO
item_B0012FNQIK	compatible_with	item_B00XKXHMD2
item_B00BM1FLD2	compatible_with	item_B015P0X9HU
item_B007N1BVKM	compatible_with	item_B00P3APBLU
item_B001IK3QEI	compatible_with	item_B00NG0ATKC
item_B00QNAIJ4A	compatible_with	item_B010PKQ1BG
item_B01FVMHH0W	compatible_with	item_B01H3EALMM
item_B01B3HP24W	compatible_with	item_B01CCOJONK
item_B00160G41C	compatible_with	item_B00S9X3K48
item_B00O5MQIOG	compatible_with	item_B018I887MS
item_B0019I3II8	compatible_with	item_B008C7BVBA
item_B00LCICCZU	compatible_with	item_B00LCJP40E
item_B013MC5U2K	compatible_with	item_B017F067CW
item_B00K0TI0OO	compatible_with	item_B01HIZ7GW4
item_B002JE1IU6	compatible_with	item_B00FBD2G2Q
item_B00ULAVIVO	compatible_with	item_B018SRR0N6
item_B00FFBIAQA	compatible_with	item_B00XBBAV2C
item_B00XKSIOI4	compatible_with	item_B015SSQCO6
item_B0012N84YS	compatible_with	item_B00AEEFK8E
item_B002HJ2T9W	compatible_with	item_B00AYCZCTI
item_B0018OOF6M	compatible_with	item_B005B612H8
item_B00VQW6LOK	compatible_with	item_B018LLBO9A
item_B00B58FQ5K	compatible_with	item_B01FYCP7DI
item_B005MUZV5W	compatible_with	item_B00IT3CO86
item_B000P50W6M	compatible_with	item_B00ZUJ9Q8I
item_B00UC69NJG	compatible_with	item_B01DBGJDYI
item_B005BIOZPC	compatible_with	item_B00XZ3EF0U
item_B00KH34OHK	compatible_with	item_B01708CTGM
item_B00W3HY108	compatible_with	item_B01HAH59Q0
item_B00BERMN7G	compatible_with	item_B01DXPYIS8
item_B00PXSBGOI	compatible_with	item_B00PXSX8SA
item_B00GUBHBRS	compatible_with	item_B00TIC58T4
item_B0166BU7T0	compatible_with	item_B0172HKIP0
item_B0009AIYUE	compatible_with	item_B00Z5OMBTO
item_B009B1TRXU	compatible_with	item_B013W91YYG
item_B00MPXF6K4	compatible_with	item_B0159VCLAQ
item_B003QO9ILY	compatible_with	item_B0064YY0D4
item_B000RDSW46	compatible_with	item_B00SZ0A4H6
item_B00WV1V7RG	compatible_with	item_B0156AMW7C
item_B008J0BM1E	compatible_with	item_B00BP5BXFK
item_B00NQJ5LAQ	compatible_with	item_B017D1ML78
item_B002N2W3BM	compatible_with	item_B019MDWF76
item_B00DMW4T8C	compatible_with	item_B01B3HP24W
item_B00ACIFLBI	compatible_with	item_B013TRL4TQ
item_B01FXDL9AS	compatible_with	item_B01H143S5G
item_B0002TOZ1E	compatible_with	item_B00XWUD32W
item_B0051D7PRW	compatible_with	item_B00V84SHIE
item_B00LE1C2V4	compatible_with	item_B01D2X61YU
item_B00RBEFUZS	compatible_with	item_B016CMOWSU
item_B00140P1OU	compatible_with	item_B00PXSBGOI
item_B0118XFD4A	compatible_with	item_B0155X7YF0
item_B00BMR444S	compatible_with	item_B01H3EALTK
item_B0019RS0IC	compatible_with	item_B001B0Z8M8
item_B00GQSGC16	compatible_with	item_B00XKJ6ZUM
item_B0023ZSEQW	compatible_with	item_B012XOO8UI
item_B0085TF7DS	compatible_with	item_B010C7LEQE
item_B001UE74BS	compatible_with	item_B01DUQUIG6
item_B00374NGZ2	compatible_with	item_B00LE1C2V4
item_B000WCLXSY	compatible_with	item_B00FXPRJWO
item_B00RB8HA66	compatible_with	item_B00V84SHIE
item_B01CU3GN0A	compatible_with	item_B01GR0CVO4
item_B01D304VI0	compatible_with	item_B01H6DY7BQ
item_B00SJT3RYA	compatible_with	item_B01FUMB2U4
item_B007U1ULRY	compatible_with	item_B00GBVNW9I
item_B002LLMRAM	compatible_with	item_B00IB7LTJ0
item_B00LCJP40E	compatible_with	item_B00UF7V98K
item_B00K4CF5RC	compatible_with	item_B00XXPNFME
item_B00JB8OW42	compatible_with	item_B013RMOICI
item_B0148WMJ9U	compatible_with	item_B01DBGJDYI
item_B012E869WI	compatible_with	item_B01CTGJ238
item_B00JWURVRY	compatible_with	item_B00MUUYGK8
item_B00F9S84AQ	compatible_with	item_B00H8T0YXE
item_B00JBXO0EO	compatible_with	item_B01H43L1KS
item_B00FXAI1OO	compatible_with	item_B00HRNU3B4
item_B00X1MODF2	compatible_with	item_B00XXPNFME
item_B00UCN848K	compatible_with	item_B00Z9T6XL2
item_B00PSHH9N6	compatible_with	item_B00V3IJCWA
item_B00LL1JH6A	compatible_with	item_B01H3EALMM
item_B00KRYL792	compatible_with	item_B019SMWRJ2
item_B00KRYL792	compatible_with	item_B01D62ZTWC
item_B004NN9Q7I	compatible_with	item_B0072J71L8
item_B01890QD8K	compatible_with	item_B01DZKLOAQ
item_B007SV20FW	compatible_with	item_B008X25QJM
item_B013SEP6FS	compatible_with	item_B01DBGJDYI
item_B010WHSTDU	compatible_with	item_B01632PVKM
item_B00FLXDYU4	compatible_with	item_B014HCFZC4
item_B00ACIFHBM	compatible_with	item_B00G5NDPOE
item_B015U1MC3G	compatible_with	item_B016UK7Y0M
item_B00CYAP6VM	compatible_with	item_B00FCHSLBG
item_B0012M65ZY	compatible_with	item_B00V84SHIE
item_B00X1L3GAQ	compatible_with	item_B01EX1I0Z8
item_B00UA04S6M	compatible_with	item_B01BPUDO7Y
item_B00GCUWMIA	compatible_with	item_B014IGLTX8
item_B00OM41UJK	compatible_with	item_B01DZKLOAQ
item_B001RTCX1W	compatible_with	item_B002G9UGT8
item_B0029F1WO2	compatible_with	item_B0029F1X0K
item_B00VNGR1AC	compatible_with	item_B00XZATUN0
item_B00XZ84MFI	compatible_with	item_B01BE62MPY
item_B018LLBO9A	compatible_with	item_B01GCCGK1M
item_B003XJAXFC	compatible_with	item_B006FYC6CA
item_B00EV0Q3DS	compatible_with	item_B00QVCSFC6
item_B006EXMB18	compatible_with	item_B00IIJ81NI
item_B01GRQLGLW	compatible_with	item_B01H6YB182
item_B003V4ALB0	compatible_with	item_B00QNAIJ4A
item_B0011TS4UM	compatible_with	item_B00KBZO8WK
item_B00F5UX7PK	compatible_with	item_B00XKXHMD2
item_B0000DZJLM	compatible_with	item_B0065ECGKM
item_B006SFRKP4	compatible_with	item_B00SQ92M0I
item_B011LTPIQO	compatible_with	item_B01ARN4HAS
item_B00GYWSOFQ	compatible_with	item_B00V84SHIE
item_B007J0L0FI	compatible_with	item_B00LGRVC4E
item_B0091CC1OG	compatible_with	item_B00SQ92M0I
item_B000FXSU5Y	compatible_with	item_B00FXPRJWO
item_B00IKBWUJ0	compatible_with	item_B0196CZCB4
item_B00BRBRPIG	compatible_with	item_B00VVLWUGY
item_B00XBBWVGQ	compatible_with	item_B01DDDAAJ6
item_B001DCJIQ6	compatible_with	item_B003KG9ZA2
item_B00G76C91E	compatible_with	item_B01AG14RW4
item_B000G9KHIU	compatible_with	item_B00B58FQ5K
item_B015BKC22W	compatible_with	item_B01BGWYFE2
item_B01BJH23A2	compatible_with	item_B01H7EMBXK
item_B011LTPIQO	compatible_with	item_B0169VOXXS
item_B012P2FLA4	compatible_with	item_B019433AAK
item_B007AXQ3B0	compatible_with	item_B00L5E0NQG
item_B00F0TABJG	compatible_with	item_B00XKXHMD2
item_B01B1DX2UY	compatible_with	item_B01GGR0ICU
item_B00HA6KCJ6	compatible_with	item_B00L5E0QTU
item_B00LE1C2V4	compatible_with	item_B0119DKQJG
item_B00XGR7BNS	compatible_with	item_B01BU5AVK2
item_B00KOJYK44	compatible_with	item_B00XWUD32W
item_B017MMS0OG	compatible_with	item_B01FUMB2U4
item_B00XXPNFME	compatible_with	item_B01ENYEBY4
item_B002HMFWJS	compatible_with	item_B00DMW4T8C
item_B00ABDGGRC	compatible_with	item_B00CV9F6YS
item_B009HFVT9A	compatible_with	item_B019IBMJKU
item_B00B58FQ5K	compatible_with	item_B016C5EMEQ
item_B00KI5O9KE	compatible_with	item_B0143D7EE4
item_B010EAL7M0	compatible_with	item_B0195QOD7K
item_B00DQNDNOS	compatible_with	item_B00QDB9MJ0
item_B00QGSJVZU	compatible_with	item_B01F767KGI
item_B00UI6P38U	compatible_with	item_B01A01U7S8
item_B00V84SHIE	compatible_with	item_B0158T9BTI
item_B001L1RHHQ	compatible_with	item_B004I79ZC0
item_B0009YL20E	compatible_with	item_B00B1ULZV6
item_B000H2YBAG	compatible_with	item_B00V84SHIE
item_B0044UOBUW	compatible_with	item_B00OZTK5IO
item_B00O70UZ3Q	compatible_with	item_B01F0YU16I
item_B0026RA5GO	compatible_with	item_B00X9HIFIA
item_B006ZCLCG8	compatible_with	item_B0170MI3TU
item_B0009UL0RI	compatible_with	item_B002ZIZMVW
item_B00B58FQ5K	compatible_with	item_B00E1ZPAG4
item_B005GYGF5Y	compatible_with	item_B00KRYL792
item_B0012N84YS	compatible_with	item_B00COJWE3Q
item_B00YV599MK	compatible_with	item_B00YXLULVU
item_B018GWRJI4	compatible_with	item_B01F8VL0UE
item_B000WLPWAK	compatible_with	item_B00VWK5QNI
item_B00DYUCF74	compatible_with	item_B00LEZBV0S
item_B01984DB6S	compatible_with	item_B01A9RP7WY
item_B00IUOTWX4	compatible_with	item_B01E3ARS02
item_B00LGZ22IQ	compatible_with	item_B01C3ND116
item_B002DMYQZ8	compatible_with	item_B0130LQN6K
item_B00VM3DOAC	compatible_with	item_B01240158Y
item_B00IUCDV7E	compatible_with	item_B00P3ATW5G
item_B0081CLPTO	compatible_with	item_B00Q4LZUW2
item_B00139IETG	compatible_with	item_B00Z9DW222
item_B00QE3XN06	compatible_with	item_B013X04PDG
item_B000BOURI0	compatible_with	item_B01DB4M7MA
item_B00KBZOB40	compatible_with	item_B0158OZS9A
item_B0009YL20E	compatible_with	item_B002SW3EWY
item_B00EVB8HE0	compatible_with	item_B018MRRKR8
item_B0072J71HM	compatible_with	item_B00KL80646
item_B00MBAKX0E	compatible_with	item_B011LTPIQO
item_B00HRNU3B4	compatible_with	item_B011YXZXI0
item_B01DOXVVBG	compatible_with	item_B01DUARAQI
item_B00B58FQ5K	compatible_with	item_B018N5SMCG
item_B0000865SC	compatible_with	item_B01DB4M7MA
item_B019S0TFYE	compatible_with	item_B01AUJGLLW
item_B00YV6MPBG	compatible_with	item_B01G834CJC
item_B006UCX3PQ	compatible_with	item_B00FXPRJWO
item_B00XC10Q0I	compatible_with	item_B0182G3RB2
item_B0055D57CI	compatible_with	item_B016LJ4GBM
item_B000CEM6FG	compatible_with	item_B006UCX3PQ
item_B001JNYDDW	compatible_with	item_B00JULWE54
item_B006OSJG8Y	compatible_with	item_B00FXPRL5O
item_B01C05BMV8	compatible_with	item_B01FVZH0EM
item_B01BH9E9WC	compatible_with	item_B01F4BCFPW
item_B00UXZLXYO	compatible_with	item_B01C3ND116
item_B001157DOY	compatible_with	item_B002HIBU9S
item_B0156GCLD6	compatible_with	item_B017U7J5OW
item_B00APXN95U	compatible_with	item_B017OXG018
item_B00180R7RA	compatible_with	item_B014F05T8S
item_B00YXGLPNI	compatible_with	item_B0182G7G3M
item_B0002EX2KE	compatible_with	item_B00FXPRL5O
item_B01519NUTM	compatible_with	item_B01EA7T1ZI
item_B00VJAI0V6	compatible_with	item_B01EJISXTI
item_B00KTD8W4O	compatible_with	item_B01H7EMBXK
item_B010PX63GQ	compatible_with	item_B01CWG0QWG
item_B00BJM2V0A	compatible_with	item_B00O72IPCC
item_B002HJ2T9W	compatible_with	item_B00B58FQ5K
item_B0132K8X08	compatible_with	item_B01DTY57Q0
item_B00CEH0LHO	compatible_with	item_B00PXSBC1U
item_B00S9VVUAQ	compatible_with	item_B01F8VL0UE
item_B008MLBE4K	compatible_with	item_B00XKXHMD2
item_B005FO0YA2	compatible_with	item_B00P3AQZCO
item_B0079MFOJO	compatible_with	item_B01E7QKE5S
item_B00NOAIM26	compatible_with	item_B01HIZ7GW4
item_B00QGSJVZU	compatible_with	item_B00XZ84MFI
item_B00V84SHIE	compatible_with	item_B0132HXZ36
item_B00O72IPCC	compatible_with	item_B014WBLD2Q
item_B004IWRMJS	compatible_with	item_B00F3SJQ72
item_B00JC2YXFK	compatible_with	item_B00X6J4JCW
item_B00I0MNB2Y	compatible_with	item_B00KCXGXY2
item_B006NT7IOS	compatible_with	item_B00XKXI2D6
item_B017LQGXVA	compatible_with	item_B01HEWCRMA
item_B015SSQCO6	compatible_with	item_B01BMO1V3M
item_B00B58FQ5K	compatible_with	item_B01BLV5MMW
item_B00C4U3BKA	compatible_with	item_B012XZ5LBW
item_B00LKW2S3E	compatible_with	item_B012D1UJMW
item_B00UJ6B30Q	compatible_with	item_B01H30LCP6
item_B001PDVL40	compatible_with	item_B00HWF7JZ0
item_B005GQCE0W	compatible_with	item_B00XKXHMD2
item_B00EDPBCXC	compatible_with	item_B00MX2DVSG
item_B0008EOJBE	compatible_with	item_B0131JMN10
item_B013X04SJ2	compatible_with	item_B01DBGJDYI
item_B00IGQWFA8	compatible_with	item_B016OT9B8C
item_B00FYEVNYE	compatible_with	item_B00IL3NRRG
item_B00MBI7NNG	compatible_with	item_B00VQ1JKWG
item_B0018STF2M	compatible_with	item_B00THY52N0
item_B000W8WSI2	compatible_with	item_B00B58FQ5K
item_B004Z20XCO	compatible_with	item_B00M1AYZHG
item_B00Q4LZUW2	compatible_with	item_B0112T180I
item_B00MEXZLSC	compatible_with	item_B017JTNSWG
item_B00LEZBV0S	compatible_with	item_B01FHAI6XU
item_B00LCJP40E	compatible_with	item_B01ETAKX44
item_B00VSBMLPM	compatible_with	item_B01DAHZ8PQ
item_B00ACIFHBM	compatible_with	item_B00XKY84LK
item_B00T53OHTI	compatible_with	item_B01FQWN080
item_B0072J71L8	compatible_with	item_B0098SA53M
item_B01BH9E9WC	compatible_with	item_B01F4BCFMU
item_B006T52XXM	compatible_with	item_B011LTPIQO
item_B0118XFD4A	compatible_with	item_B01GCRJ6OK
item_B00G71LRDA	compatible_with	item_B01EB1XM6M
item_B001LFXZPU	compatible_with	item_B00XKXHMD2
item_B00V84SHIE	compatible_with	item_B019EK1Y2O
item_B00GMZ3K0E	compatible_with	item_B00UFCUH10
item_B00QV4RVQA	compatible_with	item_B0130UFCUE
item_B00E5QXQJC	compatible_with	item_B017CTN32I
item_B0072J71LI	compatible_with	item_B01750F2AK
item_B00RVEGIFE	compatible_with	item_B014CKDLK4
item_B017ULEI9U	compatible_with	item_B01846YUFM
item_B00RAZFT6S	compatible_with	item_B0195BRO9E
item_B01F8BVE7I	compatible_with	item_B01H3CSYOQ
item_B00N4N2IGO	compatible_with	item_B00YZ8O66W
item_B01GCTF46M	compatible_with	item_B01GG755U0
item_B0058Z0Y1W	compatible_with	item_B00EVQYB72
item_B00CUM0EO8	compatible_with	item_B01A9RP7WY
item_B0031QQ9NC	compatible_with	item_B00B58FQ5K
item_B00V7Z8LI0	compatible_with	item_B00VTV63PA
item_B00H1DJXD4	compatible_with	item_B00L5E0QTU
item_B00XYYUC9S	compatible_with	item_B01GGR0ICU
item_B00K1BV7CI	compatible_with	item_B01A9RP7WY
item_B00CMO8FBS	compatible_with	item_B00FXLCUPO
item_B019DFQ83A	compatible_with	item_B01BAGE20Q
item_B013E0HGEA	compatible_with	item_B018GWRJI4
item_B00RCKZLAA	compatible_with	item_B0131JMN10
item_B00XZ3EF0U	compatible_with	item_B00Y3UHMQ8
item_B000GIQJ3S	compatible_with	item_B01D60TUI8
item_B019X2NGF6	compatible_with	item_B01H3EDQZQ
item_B010K6X4HE	compatible_with	item_B0152R74K4
item_B007U1ULRY	compatible_with	item_B00B58FQ5K
item_B002PJ58EM	compatible_with	item_B00NE4YJVK
item_B01CTVQ5NI	compatible_with	item_B01EZN27X0
item_B00L5E0NQG	compatible_with	item_B00YDL8KFO
item_B00EV5Z7FI	compatible_with	item_B01EH14W24
item_B00ODD3N5E	compatible_with	item_B019DFQ83A
item_B00HC6FUZA	compatible_with	item_B00XNS6Q6I
item_B00O72IPCC	compatible_with	item_B01BYTLKOA
item_B00APXN95U	compatible_with	item_B018YIF56S
item_B0075ILFIQ	compatible_with	item_B00TB0BWTI
item_B0030CGSHY	compatible_with	item_B01H3EALTK
item_B0016A1GII	compatible_with	item_B00KYM1DBE
item_B01FHB1L8G	compatible_with	item_B01GU6E34G
item_B00G0UEB0Y	compatible_with	item_B01HH3X0YU
item_B010CZCYPQ	compatible_with	item_B016LJ4GBM
item_B00P0E2HG6	compatible_with	item_B01H52FZ1Y
item_B0091CC1OG	compatible_with	item_B00AW04ZZE
item_B002G9UGT8	compatible_with	item_B00FR9LTPY
item_B00MO2JGX4	compatible_with	item_B00PLEGG8A
item_B00O70UZ3Q	compatible_with	item_B01ENCHNTG
item_B003XDTQMO	compatible_with	item_B00V84SHIE
item_B000H8KXNO	compatible_with	item_B00MI5HQQQ
item_B006SFRJ7S	compatible_with	item_B006SRSZOW
item_B0073E6988	compatible_with	item_B01FXH66SE
item_B00QV4RVQA	compatible_with	item_B016OKHCGO
item_B00B51C4BQ	compatible_with	item_B00B58FQ5K
item_B00DFMH9EK	compatible_with	item_B00IO9JCKI
item_B00X50A99Y	compatible_with	item_B00XXPNFME
item_B00KKV2MW8	compatible_with	item_B00XULPYGG
item_B013RCONQE	compatible_with	item_B01CSFM0NO
item_B009P0H3MY	compatible_with	item_B00DMW4T8C
item_B000YEY9I6	compatible_with	item_B00ULZAECI
item_B00028AVDQ	compatible_with	item_B00KYM1DBE
item_B010L2IZ94	compatible_with	item_B012V8CPJC
item_B00856YNZE	compatible_with	item_B00D62452S
item_B001MBD93Q	compatible_with	item_B01DBWGID6
item_B00SQORTF6	compatible_with	item_B014IPWS5W
item_B012V8CPJC	compatible_with	item_B015HS6XIW
item_B00RHQQI38	compatible_with	item_B016N2SEPG
item_B000IBJ3WW	compatible_with	item_B01A16XYT6
item_B003A1UUV0	compatible_with	item_B018YIF56S
item_B00AOMUIM4	compatible_with	item_B00FNR2FOY
item_B00M0GT0SK	compatible_with	item_B00QGSJVZU
item_B016YRTP0S	compatible_with	item_B01H3V7QSW
item_B00UIMI5BQ	compatible_with	item_B01DS6GZYM
item_B00WMNCH9A	compatible_with	item_B016NZW1QQ
item_B00180R7RA	compatible_with	item_B009R1BZPM
item_B003LO1ZFQ	compatible_with	item_B00ARH8C9M
item_B00A2IKIBQ	compatible_with	item_B00BUCXOPA
item_B00SLDSYL0	compatible_with	item_B01ESQPHWW
item_B004NQ4IMS	compatible_with	item_B00XZ3EF0U
item_B00F9IGIKO	compatible_with	item_B00HVZNXX8
item_B00EVLTJN8	compatible_with	item_B01EOX0FBW
item_B0065ECGKM	compatible_with	item_B01F6MBSF2
item_B00VTV7HD2	compatible_with	item_B01FUMB2U4
item_B00STX311U	compatible_with	item_B01CTGJ238
item_B0020MMNXS	compatible_with	item_B00FXPRJWO
item_B000U87BKO	compatible_with	item_B000Z9W33S
item_B00IWLE2RG	compatible_with	item_B00WKI3H8W
item_B00WQ7HY2M	compatible_with	item_B01DWRO0VM
item_B000IO8S0M	compatible_with	item_B00FXPRJWO
item_B00JDWEATI	compatible_with	item_B00L9Y439U
item_B01AG9HYRG	compatible_with	item_B01ARZDZS6
item_B00KIH3UW0	compatible_with	item_B00MFK9PSQ
item_B00UCJ9OAG	compatible_with	item_B00UI64V0G
item_B018SRR0N6	compatible_with	item_B01BIE0DEE
item_B00AJHRQSI	compatible_with	item_B00K5MHETS
item_B012XOO8UI	compatible_with	item_B01FN1NWG4
item_B0085TF7DS	compatible_with	item_B00EUHD006
item_B00BSOU1L0	compatible_with	item_B016PD5PP0
item_B00TCTRY68	compatible_with	item_B00W5R4WPK
item_B01ESQPHWW	compatible_with	item_B01G280KAS
item_B00KRYL792	compatible_with	item_B016YKHX1S
item_B00HFA919E	compatible_with	item_B010LH9A02
item_B012XZ5LBW	compatible_with	item_B016E4E4XE
item_B00ACIFHBM	compatible_with	item_B00H0P8QF4
item_B0131JMN10	compatible_with	item_B01D1R3O1U
item_B007XGDXKI	compatible_with	item_B019IZ43PK
item_B00QHMU6UE	compatible_with	item_B00TKVQM7K
item_B00V84SHIE	compatible_with	item_B00WIS9CEC
item_B000BTWC8S	compatible_with	item_B00139IETG
item_B0152R74K4	compatible_with	item_B017XGYM66
item_B013W7M3XE	compatible_with	item_B01CB4U930
item_B00FXLCUPO	compatible_with	item_B00PA2WS4Y
item_B01CSEYHUO	compatible_with	item_B01GE547U8
item_B00BYFC4Z4	compatible_with	item_B00F9S84AQ
item_B00DMW4T8C	compatible_with	item_B017278TW4
item_B012P2GA68	compatible_with	item_B012XOO8UI
item_B00B58FQ5K	compatible_with	item_B01EHM5FR4
item_B0149GALQI	compatible_with	item_B01GU6E34G
item_B011YXZXI0	compatible_with	item_B016YKHXL8
item_B011APW2IG	compatible_with	item_B01AUDDOCW
item_B00KRYL7CE	compatible_with	item_B01FNB1HZM
item_B00KA62V38	compatible_with	item_B01F4BCFMU
item_B00UOB0BCM	compatible_with	item_B01DBGJDYI
item_B008A6LFMS	compatible_with	item_B01H7EMBXK
item_B005DSLU9Y	compatible_with	item_B00X9HIFIA
item_B00MBI7NNG	compatible_with	item_B00WL8JU9G
item_B013OI0OB4	compatible_with	item_B014LEYQSM
item_B0009UL0RI	compatible_with	item_B00B6E8X9E
item_B0065ECGKM	compatible_with	item_B00I39JPV0
item_B007FGC6MW	compatible_with	item_B00ATVS9MQ
item_B00Y1EG956	compatible_with	item_B01C3ND116
item_B001QN54GU	compatible_with	item_B0156GCLD6
item_B00X6CYBGI	compatible_with	item_B019IBMJKU
item_B0049NYBL8	compatible_with	item_B00Q4LZUW2
item_B00DMW4T8C	compatible_with	item_B00UFVF16M
item_B00QGSJVZU	compatible_with	item_B00Z9DZIA0
item_B00R1MSI0O	compatible_with	item_B00V84SHIE
item_B002DF1ZE0	compatible_with	item_B00FXPRL5O
item_B00EE2UOU6	compatible_with	item_B00HIILFPG
item_B00XWUD32W	compatible_with	item_B013IOEIPC
item_B01FUMB2U4	compatible_with	item_B01GJ313B6
item_B002M09ELM	compatible_with	item_B00IMB1DAA
item_B00JB8PSMW	compatible_with	item_B00UXIRQGU
item_B00C9V8PXW	compatible_with	item_B00CBE1S6I
item_B0013E79Z6	compatible_with	item_B01DB9WT4Q
item_B003XJRQD4	compatible_with	item_B006FYC6CA
item_B00T9BWNRO	compatible_with	item_B01FUI8SK0
item_B00C5KKULW	compatible_with	item_B00HG8287W
item_B00NE4YJVK	compatible_with	item_B01FREM52E
item_B00F3SJQ72	compatible_with	item_B011DIV3YO
item_B00QE3XN06	compatible_with	item_B013X04SJ2
item_B00N2LV1PC	compatible_with	item_B01HIK997O
item_B00WH30N2I	compatible_with	item_B010TTTSQ8
item_B003NNVTNI	compatible_with	item_B018YIF56S
item_B00EFFXG5W	compatible_with	item_B00O72IPCC
item_B00295MQLU	compatible_with	item_B0071ME65K
item_B018I887MS	compatible_with	item_B01ANF3I1E
item_B01DX7KSZ8	compatible_with	item_B01FSK41BU
item_B00KA62STA	compatible_with	item_B01F4BCFMU
item_B00A7L8ZKE	compatible_with	item_B00XWUD32W
item_B00HRNU3B4	compatible_with	item_B00I39JPXS
item_B001GBLMIG	compatible_with	item_B01GKP1JMQ
item_B0183SZ1S6	compatible_with	item_B01F26M88I
item_B00G9BBP7Q	compatible_with	item_B016P54C5W
item_B0037UZASC	compatible_with	item_B00XKXHMD2
item_B00S0IHMFA	compatible_with	item_B01E7Q8AVS
item_B000TGPR4O	compatible_with	item_B0050UX1DS
item_B005GVDJU6	compatible_with	item_B0131JMN10
item_B006SFRJ7S	compatible_with	item_B00S8Q3EJM
item_B00IL3NRRG	compatible_with	item_B017L21WHE
item_B002JM15UQ	compatible_with	item_B00KBZOB40
item_B00W2Z4RQ4	compatible_with	item_B01GO0VDQO
item_B01C3ND116	compatible_with	item_B01DCK4SW0
item_B010RA4PQM	compatible_with	item_B01AN6M31Y
item_B00HIZKH7G	compatible_with	item_B01CHFI8MW
item_B00RZ3XLXS	compatible_with	item_B00STUNZ2I
item_B005B2J0X0	compatible_with	item_B017NT2314
item_B00MQJUHII	compatible_with	item_B00PE75UF4
item_B00QV4RVQA	compatible_with	item_B01FQJTEQU
item_B001G83PHU	compatible_with	item_B018YIF56S
item_B00EHCOIRS	compatible_with	item_B0156GCLD6
item_B001EEQWZI	compatible_with	item_B01DDDAAJ6
item_B00E1ZPCX0	compatible_with	item_B01B3ISSBK
item_B00LE1C2V4	compatible_with	item_B00MI2LPBQ
item_B002UD9BWS	compatible_with	item_B006SFRJ7S
item_B0151XEAJM	compatible_with	item_B019X2NGF6
item_B000BRMGMW	compatible_with	item_B005WCBTFQ
item_B00BRMZU2S	compatible_with	item_B00V84SHIE
item_B00DMW4T8C	compatible_with	item_B016Q7R4XQ
item_B00NAP7QPE	compatible_with	item_B015VY5KF4
item_B00X1MOX8E	compatible_with	item_B00X3RZIK4
item_B00VTVF748	compatible_with	item_B01BGWYFE2
item_B005QR8OP0	compatible_with	item_B01BSEQNP2
item_B00PQ81208	compatible_with	item_B01H6YB182
item_B009FV9KGA	compatible_with	item_B011LTPIQO
item_B00FXLCUPO	compatible_with	item_B00TZPQY3S
item_B00X50ADU4	compatible_with	item_B01DDDAAJ6
item_B000NPL7TU	compatible_with	item_B006EXMB18
item_B000BF0L6M	compatible_with	item_B00NJ873Q4
item_B00NZ7KCCQ	compatible_with	item_B01H3EALMM
item_B002G9UGT8	compatible_with	item_B00FXPS5TU
item_B00KXU16SW	compatible_with	item_B01DOBC2YI
item_B01DR117FA	compatible_with	item_B01DZI2952
item_B008J0BM1E	compatible_with	item_B00HRKAPBA
item_B00HDZIT0S	compatible_with	item_B00WHF3E6S
item_B00HWIBP3Y	compatible_with	item_B016P54C5W
item_B00FZLRHEG	compatible_with	item_B00UXIRQGU
item_B00KXU16SW	compatible_with	item_B00QAV9I7O
item_B00M6F4ZFS	compatible_with	item_B0159K6T00
item_B00FNR2FOY	compatible_with	item_B01EIC7MT2
item_B004UUED5E	compatible_with	item_B00V29PYFE
item_B002458QV4	compatible_with	item_B00DMW4T8C
item_B00QVAMERU	compatible_with	item_B018WNJ9H6
item_B0125G2ZWC	compatible_with	item_B014MCFM4K
item_B00NOV08O0	compatible_with	item_B019752N26
item_B00140P1OU	compatible_with	item_B019HHGR3K
item_B00FXPRL5O	compatible_with	item_B00IUM6FAY
item_B00MN7REHA	compatible_with	item_B00YQAMNE6
item_B004DL1QQE	compatible_with	item_B01F4BCFPW
item_B00W308L7Y	compatible_with	item_B00Z9T6XL2
item_B015G5SQ4A	compatible_with	item_B016LJ4TF0
item_B0057Y5DXI	compatible_with	item_B00PXSBBJI
item_B01GO0VDQO	compatible_with	item_B01HCJ9214
item_B00001W0J3	compatible_with	item_B019IO1OTO
item_B005GQ0K5S	compatible_with	item_B00XXPMJKI
item_B00K00U4IS	compatible_with	item_B00K034PL2
item_B001GBLMIG	compatible_with	item_B011VFB2GS
item_B009RVCH1I	compatible_with	item_B00WH30N2I
item_B001N4KMPU	compatible_with	item_B015G5SQ4A
item_B005A0XE3U	compatible_with	item_B00ZE87NFS
item_B01ARJYYLY	compatible_with	item_B01H36NR58
item_B016MFEJ9O	compatible_with	item_B01FUMB2U4
item_B00OXPXT4W	compatible_with	item_B011K80UHI
item_B00XBBAV2C	compatible_with	item_B00YCGXZ2I
item_B01793ZOXI	compatible_with	item_B017BVZK46
item_B00UT1D40I	compatible_with	item_B013FACD0Q
item_B015H4F5HQ	compatible_with	item_B01F2546NE
item_B002G9UEGS	compatible_with	item_B00FXPRL5O
item_B00DVH6N5A	compatible_with	item_B00K69JZTM
item_B00IUOTWX4	compatible_with	item_B01BLYIDJI
item_B0034K33G6	compatible_with	item_B00QVCSFC6
item_B00LAU1AVM	compatible_with	item_B00NJ873Q4
item_B00ARCWZZE	compatible_with	item_B013MDEIYA
item_B00XBBAV2C	compatible_with	item_B01DGLFIRO
item_B005BTPDD4	compatible_with	item_B01EUUT9Q6
item_B009AO6BTQ	compatible_with	item_B01FUMB2U4
item_B00V84SHIE	compatible_with	item_B00V84WMK8
item_B000798ITO	compatible_with	item_B018MRRKR8
item_B003ICWJRY	compatible_with	item_B00B58FQ5K
item_B00XKXHMD2	compatible_with	item_B016E450AA
item_B00FRVB808	compatible_with	item_B00KRYL792
item_B009AYME7O	compatible_with	item_B01HF4A6DY
item_B002LLMRAM	compatible_with	item_B00UZBPNA6
item_B00KZT5X26	compatible_with	item_B01DCK4SW0
item_B010USSWOC	compatible_with	item_B01AB3JA1A
item_B00DG7AZSG	compatible_with	item_B0198YZ50I
item_B00E9UTM2E	compatible_with	item_B019IZ43PK
item_B001TUZN34	compatible_with	item_B018YIF56S
item_B0064YY0D4	compatible_with	item_B00MULZCSW
item_B00KBZO8WK	compatible_with	item_B01AK98V6A
item_B01CH3OH9W	compatible_with	item_B01D1R3O1U
item_B001CCURF8	compatible_with	item_B00XLV4AQU
item_B00F0TZO52	compatible_with	item_B016ECMAG4
item_B01CR580CU	compatible_with	item_B01DTZUYM6
item_B00O2UCPBQ	compatible_with	item_B00V3ITCBQ
item_B000A38K18	compatible_with	item_B00XKXI41Q
item_B00V2DMXR2	compatible_with	item_B00VHVK4W0
item_B005HO2CYG	compatible_with	item_B00GV2FVQE
item_B001ARYFJO	compatible_with	item_B00XWUD32W
item_B00Z4YM02S	compatible_with	item_B01AP40M7G
item_B00N1L2XT6	compatible_with	item_B01HF4A6DY
item_B00AEA0O4S	compatible_with	item_B0149G5EZG
item_B00UXBNGP2	compatible_with	item_B00V84SHIE
item_B00NJ873Q4	compatible_with	item_B01GAHP970
item_B00IYP7MPY	compatible_with	item_B00UVOKN6G
item_B0099XVVI4	compatible_with	item_B00PXSBGOI
item_B00JWURVRY	compatible_with	item_B00QM93NK2
item_B00FD2M5F8	compatible_with	item_B00HO0AA9K
item_B000GB1R7S	compatible_with	item_B00WX5KV4K
item_B00Y832XG4	compatible_with	item_B014O4NQ9E
item_B000FIS5U4	compatible_with	item_B01H7EMBXK
item_B000N26626	compatible_with	item_B00BRDBCMO
item_B0182G3RB2	compatible_with	item_B018JJJ9XC
item_B007BZ5CUA	compatible_with	item_B01EL925FI
item_B00Y9L1LDQ	compatible_with	item_B0171HITT8
item_B004TNF2Q6	compatible_with	item_B00LPQXVFE
item_B00F2T4X0C	compatible_with	item_B015N6XQ9C
item_B009GWZF6M	compatible_with	item_B00IB7LTJ0
item_B01CEFB458	compatible_with	item_B01EL9CYX6
item_B01GDP5P7S	compatible_with	item_B01H6DY7BQ
item_B0065ECGKM	compatible_with	item_B00I39JPSS
item_B000Q62W9A	compatible_with	item_B01H5NNDYO
item_B00O70UZ3Q	compatible_with	item_B01DBGJDYI
item_B0049A4VX4	compatible_with	item_B004O2GUPE
item_B017LQGXVA	compatible_with	item_B01DD491HC
item_B008X25QJM	compatible_with	item_B008X25SMW
item_B0035LBW76	compatible_with	item_B00FXPRL5O
item_B01AP40M26	compatible_with	item_B01EFGF7KM
item_B0012G6KX2	compatible_with	item_B00N97O0OI
item_B0131JMN10	compatible_with	item_B017G0KELQ
item_B00ID4RQN4	compatible_with	item_B00XWUD32W
item_B00ABBPV52	compatible_with	item_B01DDDAAJ6
item_B01CU324BW	compatible_with	item_B01FA0DBAA
item_B004WYX4KI	compatible_with	item_B019S3895C
item_B00SZNUD8S	compatible_with	item_B00W79ZDHM
item_B00HG0UEYY	compatible_with	item_B0183AFEMM
item_B00FEMK2V6	compatible_with	item_B00MAPW3N0
item_B006WANJRI	compatible_with	item_B019RFZSF0
item_B01DDDAAJ6	compatible_with	item_B01FWON974
item_B00ANBU0GK	compatible_with	item_B00K00U4IS
item_B000TJGD44	compatible_with	item_B0085TF7DS
item_B00O9K01H4	compatible_with	item_B01AP40M26
item_B00K17LRYA	compatible_with	item_B01G0M5NX0
item_B00B58FQ5K	compatible_with	item_B01FUZ5WTS
item_B00F3G8H74	compatible_with	item_B00F9IGIKO
item_B00505DPE8	compatible_with	item_B00IMB1DAA
item_B00I0QHQS0	compatible_with	item_B00WIS3ER8
item_B00C57A33A	compatible_with	item_B00KBZOB40
item_B00B58FQ5K	compatible_with	item_B00ID4ROGI
item_B016Y7GSHQ	compatible_with	item_B018QC4HHU
item_B00JX26QC2	compatible_with	item_B011LTPIQO
item_B00139IETG	compatible_with	item_B00G969N3E
item_B016YKHX1S	compatible_with	item_B016YKHXL8
item_B011LTPIQO	compatible_with	item_B01GIQF3AQ
item_B004KTUUHK	compatible_with	item_B007FPPMOW
item_B0064YY0D4	compatible_with	item_B00EIQL6J6
item_B004OVCZA4	compatible_with	item_B00GBVNW3O
item_B00RDVXJEI	compatible_with	item_B014MCFM4K
item_B00HDA951U	compatible_with	item_B01DB9WT4Q
item_B00MRMK7Y8	compatible_with	item_B017OEW7DC
item_B012V8CPJC	compatible_with	item_B015CFAEP8
item_B001BY9H4O	compatible_with	item_B016W9V12I
item_B00MBI7NNG	compatible_with	item_B015NX90BI
item_B00LE1C2V4	compatible_with	item_B015J252Y2
item_B00F3SJQ72	compatible_with	item_B01FY6MXNG
item_B008P7YHE0	compatible_with	item_B017ULEI9U
item_B00WY4QXT2	compatible_with	item_B00XBCS0MY
item_B00MN7REHA	compatible_with	item_B00WQRW8N2
item_B008YWF7OU	compatible_with	item_B00I2ZB4AU
item_B00Z9T6XL2	compatible_with	item_B01890QD8K
item_B007GBCRF2	compatible_with	item_B01F324FMI
item_B00HHDTIF6	compatible_with	item_B00NASDG7I
item_B00OZ8SJCE	compatible_with	item_B01H3CSYOQ
item_B009YRM6MK	compatible_with	item_B00XNLQP0W
item_B005GV4MWK	compatible_with	item_B01A7VLY60
item_B00NJ873Q4	compatible_with	item_B01G7SUTEA
item_B001AEZ3QG	compatible_with	item_B001AQ4AFY
item_B00BQVSY1E	compatible_with	item_B00NQJ5LAQ
item_B008F5RY2O	compatible_with	item_B0127XUXLS
item_B0182G7G3M	compatible_with	item_B0182GKIOQ
item_B00139IETG	compatible_with	item_B017LC25K2
item_B00K2VGDRG	compatible_with	item_B00L5E0QTU
item_B0029F1X0K	compatible_with	item_B0029F1X3M
item_B00O05NLRK	compatible_with	item_B00O70UZ3Q
item_B00STUNZ2I	compatible_with	item_B00VJAI0V6
item_B00PXPE2EW	compatible_with	item_B01DLGXUTC
item_B00EAYHEI8	compatible_with	item_B01C3ND116
item_B005HAR9MK	compatible_with	item_B00PXSBC1U
item_B00GUBHBRS	compatible_with	item_B017BQ2TAE
item_B00MJU0E6E	compatible_with	item_B01CUGPO9S
item_B0002EX2KE	compatible_with	item_B0018OOF6M
item_B00GYWYE32	compatible_with	item_B00V84SHIE
item_B004LML624	compatible_with	item_B00OQUNKJS
item_B00WSREO1E	compatible_with	item_B01FUMB2U4
item_B016PWILXY	compatible_with	item_B01CZ3XH54
item_B00W0TK838	compatible_with	item_B015H4F5HQ
item_B004UULSI4	compatible_with	item_B00DVFWFKE
item_B00HTAT6Y0	compatible_with	item_B00P3ASWQQ
item_B000FKMEI6	compatible_with	item_B00XWUD32W
item_B00J4MHJ7W	compatible_with	item_B00J4MO5PG
item_B00KGE4EP2	compatible_with	item_B00V84SHIE
item_B002TQ0I3C	compatible_with	item_B00Q4LZUW2
item_B00HM1098S	compatible_with	item_B013E0HGEA
item_B00KRYNBFK	compatible_with	item_B016YKHX1S
item_B010USSWOC	compatible_with	item_B01HCXA2T6
item_B00KZT5X26	compatible_with	item_B010MPSMDY
item_B004I764VA	compatible_with	item_B0170ACSNY
item_B00HRNU3B4	compatible_with	item_B00HWFCL8U
item_B00K7Z6SBI	compatible_with	item_B01DMS903O
item_B00PXSBBJI	compatible_with	item_B00THPQ0W6
item_B00U7FYCU2	compatible_with	item_B01B3HP24W
item_B004Q34BAM	compatible_with	item_B01FX3ZSWI
item_B008L56KIW	compatible_with	item_B00Q4LZUW2
item_B00WI9F0U6	compatible_with	item_B014MCFM4K
item_B000W2F1EQ	compatible_with	item_B008C7BVBA
item_B00OL3GI94	compatible_with	item_B01H3EALMM
item_B017C0BYKK	compatible_with	item_B01BU5AVK2
item_B0166RS2QO	compatible_with	item_B01CH1N4BG
item_B00TADSX5M	compatible_with	item_B01B3HP24W
item_B001VEDA1U	compatible_with	item_B00L5E0QTU
item_B00KBZO8WA	compatible_with	item_B00KHVTXD2
item_B005SW296S	compatible_with	item_B00LATY4ZM
item_B005DMY83A	compatible_with	item_B00XBBAV2C
item_B012UOSYQK	compatible_with	item_B01H45QMY6
item_B005GQAMLK	compatible_with	item_B00PXSBBJI
item_B005WUIM9O	compatible_with	item_B00FBD2G2Q
item_B00FLXDYU4	compatible_with	item_B00KGE2ZBM
item_B000A38D06	compatible_with	item_B00XKXI3J4
item_B002FU6STA	compatible_with	item_B00EVQYB72
item_B00XXPMJKI	compatible_with	item_B01ENGMJVO
item_B00Q4LZUW2	compatible_with	item_B0116LBASC
item_B00IQJ0WJG	compatible_with	item_B00JY392MQ
item_B015SSQCO6	compatible_with	item_B01GU6BXJO
item_B00L5E0QTU	compatible_with	item_B00WGIA2AW
item_B001B9WAKW	compatible_with	item_B00KBZOB40
item_B0012YCL6O	compatible_with	item_B00ULZAECI
item_B0019MTD8I	compatible_with	item_B00D076MXE
item_B00S283WTS	compatible_with	item_B00VQ2RW5W
item_B000MXLYVY	compatible_with	item_B01DB9WT4Q
item_B000UPNGGK	compatible_with	item_B00XKXHMD2
item_B00EE2UOU6	compatible_with	item_B00N4N2IGO
item_B008TUUOSG	compatible_with	item_B00ZE87NFS
item_B009SNLZS6	compatible_with	item_B00Q0BHE16
item_B0012N84YS	compatible_with	item_B00CM26PIK
item_B00N2LV1PC	compatible_with	item_B01DBZJ6Y6
item_B00CBLTQ1U	compatible_with	item_B00JULWE54
item_B00YQRJWYS	compatible_with	item_B019HHGR3K
item_B007RVDQSS	compatible_with	item_B00NHECBBW
item_B00QJ61LHK	compatible_with	item_B00QV4RVQA
item_B018YPGJRA	compatible_with	item_B01D410A2O
item_B011QIXV8C	compatible_with	item_B01CU3GN0A
item_B000JWJHTE	compatible_with	item_B00ARH8C9M
item_B00V84SHIE	compatible_with	item_B014HCFZC4
item_B015CBQ3ZW	compatible_with	item_B01HHTRVFS
item_B012MWZRBK	compatible_with	item_B0182G3RB2
item_B013M6QQQU	compatible_with	item_B013MC5U2K
item_B00J2SH92I	compatible_with	item_B0182G3RB2
item_B00APXN95U	compatible_with	item_B00NARZ6CC
item_B00470B8NC	compatible_with	item_B009O2W74W
item_B00MSQQWMY	compatible_with	item_B01H30LCP6
item_B00BSOU1L0	compatible_with	item_B017OF3MHG
item_B00CXN1QR8	compatible_with	item_B00V84SHIE
item_B00WMNCH9A	compatible_with	item_B015H4F5HQ
item_B00KXU16SW	compatible_with	item_B00M3IUXCM
item_B011LTPIQO	compatible_with	item_B01FB15PPC
item_B00NJ873Q4	compatible_with	item_B015VBTC5Q
item_B00HR9JUGW	compatible_with	item_B01FNUPOF2
item_B00NJ873Q4	compatible_with	item_B00NVSOOLE
item_B00Q4LZUW2	compatible_with	item_B017V7UGEY
item_B001GWFYBQ	compatible_with	item_B019HHGR3K
item_B00QU3YHYQ	compatible_with	item_B01CU3GN0A
item_B00I3KW8IQ	compatible_with	item_B01E2DKX66
item_B0064YY0D4	compatible_with	item_B00A4CMQ4W
item_B008B81LP6	compatible_with	item_B00PE75UF4
item_B01976WJ3I	compatible_with	item_B01FIHDXDA
item_B008YWF7OU	compatible_with	item_B00XKXHMD2
item_B0030V7O6O	compatible_with	item_B00BNVAA3M
item_B000GB1R96	compatible_with	item_B00F3SJQ72
item_B00JULWE54	compatible_with	item_B01A593J3K
item_B007O0BL6G	compatible_with	item_B00V84SHIE
item_B00WARVH0S	compatible_with	item_B01H7EMBXK
item_B00NJ873Q4	compatible_with	item_B01BN0MLE8
item_B00NQJ5LAQ	compatible_with	item_B01FWTCRSG
item_B00B6EAY1E	compatible_with	item_B00XKXI3WG
item_B00139IETG	compatible_with	item_B01FEUSRTG
item_B00PBGJQYE	compatible_with	item_B018GWA2NI
item_B001VN2O54	compatible_with	item_B00B58FQ5K
item_B011LTPIQO	compatible_with	item_B01GZXWB8E
item_B0132JVIUQ	compatible_with	item_B01708CTGM
item_B0111Q5TKW	compatible_with	item_B016A5VW4Q
item_B00DMW4T8C	compatible_with	item_B0194LLWDE
item_B012P2G9I2	compatible_with	item_B012XOO8UI
item_B000JJG9ZW	compatible_with	item_B008YWF7OU
item_B00FLXDYU4	compatible_with	item_B00VLM671M
item_B001I15G4K	compatible_with	item_B007CRUBV2
item_B00PY3G96C	compatible_with	item_B00UAD50NE
item_B0013KKLF0	compatible_with	item_B01G4RTNGE
item_B0016L8CKC	compatible_with	item_B01DDDAAJ6
item_B0072J71L8	compatible_with	item_B00KCHLU50
item_B01DZTW9O2	compatible_with	item_B01GCTF46M
item_B016XZM17A	compatible_with	item_B01AABE4QE
item_B00S9X3K48	compatible_with	item_B00UO14VGY
item_B008QZ1DNO	compatible_with	item_B00GT5206C
item_B005HO2CYG	compatible_with	item_B0148LLQPY
item_B0030MIITU	compatible_with	item_B00B58FQ5K
item_B005GVQ0D4	compatible_with	item_B01A7VLY60
item_B00XBBAV2C	compatible_with	item_B00XXPNFME
item_B00B81I7HI	compatible_with	item_B00VTV7WV4
item_B00L4KHQ8Y	compatible_with	item_B01DB4M7MA
item_B012UOSYQK	compatible_with	item_B014X123AG
item_B00LKW2RQC	compatible_with	item_B012D1UJMW
item_B00A8ATL4S	compatible_with	item_B00W9E8FOI
item_B00XWUD32W	compatible_with	item_B01FRBTPHK
item_B017D0803I	compatible_with	item_B017MH5JTK
item_B00SAFDL4O	compatible_with	item_B00VTTOGHE
item_B00QGSJVZU	compatible_with	item_B00YXTMS90
item_B0152I3N5I	compatible_with	item_B019IBMJKU
item_B0007TQPGW	compatible_with	item_B01H7EMBXK
item_B0187Y23FU	compatible_with	item_B019X2NGF6
item_B00APXN95U	compatible_with	item_B017MGBXM8
item_B00DS31050	compatible_with	item_B01DTY57Q0
item_B016NHCDQC	compatible_with	item_B01EKZS3K4
item_B003L4KXL8	compatible_with	item_B017OEW7DC
item_B00XKXI2D6	compatible_with	item_B01BJH23A2
item_B00WV1V7RG	compatible_with	item_B01CZ1B84S
item_B005EDVUSY	compatible_with	item_B018YIF56S
item_B0064YY0D4	compatible_with	item_B00DZPCVMC
item_B001JBF7UC	compatible_with	item_B00B81I7HI
item_B00B71ZI94	compatible_with	item_B012P2FLA4
item_B00UOV20HQ	compatible_with	item_B0156GCLD6
item_B001LNCAPS	compatible_with	item_B00XKXHMD2
item_B00QGSJVZU	compatible_with	item_B00Z9DXOXI
item_B00CU6S680	compatible_with	item_B018W8OA84
item_B00APXN95U	compatible_with	item_B00M8QNE5C
item_B00IPAIE6Y	compatible_with	item_B011LTPIQO
item_B0050FZ3IE	compatible_with	item_B00FXPRJWO
item_B00WG2ZIOI	compatible_with	item_B00YV599MK
item_B014HMWU40	compatible_with	item_B01ESQPHWW
item_B0097YJDBW	compatible_with	item_B00FCHSLBG
item_B015E0NH28	compatible_with	item_B018I887MS
item_B00IO9JSL6	compatible_with	item_B016LJ4GBM
item_B01CJLCNG6	compatible_with	item_B01GYJZF1E
item_B0002MFOYS	compatible_with	item_B00XKXHMD2
item_B003D5W3T0	compatible_with	item_B00Z5OMBTO
item_B00AYOXXBK	compatible_with	item_B00XKXI2D6
item_B00505DPSO	compatible_with	item_B019IYGA6G
item_B00Y8E1W5Q	compatible_with	item_B01CA2RYH2
item_B005GCBEZC	compatible_with	item_B019MDWF76
item_B01AP40M7G	compatible_with	item_B01FM2STAS
item_B00HFA919E	compatible_with	item_B014QHVKY2
item_B015J9Y5E8	compatible_with	item_B01H3EALEA
item_B00C45ZGOE	compatible_with	item_B00ZE87NFS
item_B00I3KW8IQ	compatible_with	item_B01B3ISSBK
item_B00Y1TPLCS	compatible_with	item_B01GU62EJM
item_B00WHF3E6S	compatible_with	item_B01G55N5C8
item_B007XD4QRU	compatible_with	item_B00VHVK4W0
item_B0115KHC8Q	compatible_with	item_B0115KIWSA
item_B001RL0UU6	compatible_with	item_B00ARH8C9M
item_B011TWR7SA	compatible_with	item_B01DBZJ6Y6
item_B00DSTSJWG	compatible_with	item_B00VGXFZM8
item_B0051D8J0Y	compatible_with	item_B00FLXDYU4
item_B01CSEYHUO	compatible_with	item_B01EL9CYX6
item_B00QGSJVZU	compatible_with	item_B0198MRE5Y
item_B008YWF7OU	compatible_with	item_B00EV10VPI
item_B005DTB5NY	compatible_with	item_B01DDDAAJ6
item_B018I887MS	compatible_with	item_B01CNC6FE2
item_B00SADYM3A	compatible_with	item_B014XC8VXI
item_B00XKXHMD2	compatible_with	item_B016AROWE6
item_B0050I8HMA	compatible_with	item_B01H7EMBXK
item_B00JULWE54	compatible_with	item_B01AVQF0DO
item_B00LE1C2V4	compatible_with	item_B00MNTXW92
item_B0051NGFQY	compatible_with	item_B00B58FQ5K
item_B00APXN95U	compatible_with	item_B00LTTQJJM
item_B00HIILFPG	compatible_with	item_B018TKCXG6
item_B0091XSG7G	compatible_with	item_B00QXV788M
item_B00147VH8C	compatible_with	item_B008YWF7OU
item_B00ULZAECI	compatible_with	item_B01GFLOHRO
item_B0156BCJPG	compatible_with	item_B0166S5X3S
item_B00UO14VGY	compatible_with	item_B019HHGR3K
item_B000TM967C	compatible_with	item_B00FXPRL5O
item_B014XC8VXI	compatible_with	item_B01DL7RRA4
item_B001Q7MTXM	compatible_with	item_B00XKXHMD2
item_B00GYOVUQY	compatible_with	item_B01DTY57Q0
item_B0045EPNIG	compatible_with	item_B00XZATUN0
item_B00PNUJO5E	compatible_with	item_B013X04PDG
item_B01EIJ3IVQ	compatible_with	item_B01ESRAEP6
item_B002WYKGKG	compatible_with	item_B00WR255YK
item_B00JULWE54	compatible_with	item_B00KT8VBJ2
item_B0024A98XO	compatible_with	item_B00V84SHIE
item_B00VXIG80Y	compatible_with	item_B014KKWL3Y
item_B000VKVDZU	compatible_with	item_B011WRP8KG
item_B000WLPWAK	compatible_with	item_B0016L8CKC
item_B00VTTOGHE	compatible_with	item_B00X92M01I
item_B0008ENZYG	compatible_with	item_B00PXSBBJI
item_B000BVZQLG	compatible_with	item_B00XKXHMD2
item_B00CXXYHQA	compatible_with	item_B01BK8TWE0
item_B00XC0XRQ4	compatible_with	item_B01FVTFIFG
item_B00669VA7G	compatible_with	item_B019HHGR3K
item_B00A60XKZ6	compatible_with	item_B00W676VLM
item_B01EUCEVEE	compatible_with	item_B01GGR0ICU
item_B002806UUY	compatible_with	item_B01GGR0ICU
item_B005I33OD4	compatible_with	item_B0085TF7DS
item_B00KXKZ9H6	compatible_with	item_B01F324FMI
item_B00Z0ONFOY	compatible_with	item_B0182G3RB2
item_B004479AWO	compatible_with	item_B004RDMSZG
item_B00CBE1S6I	compatible_with	item_B00IUM6FAY
item_B00Y832XG4	compatible_with	item_B01BM5IS6O
item_B0018P87FG	compatible_with	item_B00LBYXE2A
item_B00VYI9T1I	compatible_with	item_B01H6DY7BQ
item_B00O70UZ3Q	compatible_with	item_B014JMK0PO
item_B00O5I1W3M	compatible_with	item_B01HIZ7GW4
item_B004VJR0FE	compatible_with	item_B012UOSYQK
item_B00QHFN2RU	compatible_with	item_B00XBBAV2C
item_B0024A98XO	compatible_with	item_B00Q4LZUW2
item_B016533G6U	compatible_with	item_B018I887MS
item_B019IGFQTG	compatible_with	item_B01DUQUIG6
item_B00B58FQ5K	compatible_with	item_B016R9EUKI
item_B00V4DG42K	compatible_with	item_B0162BUHNU
item_B00V84SHIE	compatible_with	item_B01AJM0I0U
item_B00AQ40C94	compatible_with	item_B00Q4LZUW2
item_B000OWBG0C	compatible_with	item_B00W6EWTO8
item_B000ZHCTFM	compatible_with	item_B00V84SHIE
item_B01B3HP24W	compatible_with	item_B01EQRAAU2
item_B00LTZQ1S0	compatible_with	item_B016LJ4GBM
item_B00HIILFPG	compatible_with	item_B00WHBTSO4
item_B01DCK4SW0	compatible_with	item_B01ETAKFXI
item_B000783Q4M	compatible_with	item_B00PXSBBJI
item_B00ACIG3ZG	compatible_with	item_B00V7Z8LI0
item_B000LNECBY	compatible_with	item_B00IZBUTW0
item_B00JGM7DEY	compatible_with	item_B00Z5A68SS
item_B004I7BKZ0	compatible_with	item_B005GV9I7Y
item_B00295MQLU	compatible_with	item_B00SWPQJ9Q
item_B00AJZ11TK	compatible_with	item_B017OEW7DC
item_B008YWF7OU	compatible_with	item_B00KBZPO9G
item_B00APXN95U	compatible_with	item_B00JA4Y2RY
item_B00519BD9C	compatible_with	item_B00DMW4T8C
item_B00135VST8	compatible_with	item_B00CHVGEBY
item_B00LCJP40E	compatible_with	item_B00UXZLYU2
item_B00NR370O6	compatible_with	item_B0196YFEUG
item_B0031U0QBE	compatible_with	item_B00862DPTC
item_B000G82680	compatible_with	item_B006SFRKP4
item_B003UWAQDG	compatible_with	item_B00ARH8C9M
item_B010F025J8	compatible_with	item_B01B3HP24W
item_B001K2JEXG	compatible_with	item_B00O72IPCC
item_B005J2VWP6	compatible_with	item_B00Q4LZUW2
item_B011E84R3C	compatible_with	item_B01DDDAAJ6
item_B00295MQLU	compatible_with	item_B00W666ACS
item_B0007T5JF0	compatible_with	item_B00QNAIJ4A
item_B019752N26	compatible_with	item_B01AAUV2VU
item_B00KHB8TJ6	compatible_with	item_B01DOFVECK
item_B00LE1C2V4	compatible_with	item_B00MNZEVQO
item_B004JCQ518	compatible_with	item_B00XWUD32W
item_B002WG6ZXG	compatible_with	item_B01EAH8U5K
item_B019NXJRVM	compatible_with	item_B01D410A2O
item_B008401KBQ	compatible_with	item_B00JULWE54
item_B00NB3ZXR8	compatible_with	item_B01FQS7RSS
item_B00IUQIC92	compatible_with	item_B016LJ4GBM
item_B00B9HHADS	compatible_with	item_B017KUE24C
item_B00O5I1W3M	compatible_with	item_B0114NNIOQ
item_B01C3ND116	compatible_with	item_B01DTOHOMK
item_B0012MR6G6	compatible_with	item_B00QGSJVZU
item_B000KGOHLM	compatible_with	item_B00FXPRJWO
item_B0037NBGUK	compatible_with	item_B00XXPMJKI
item_B00SCX46D4	compatible_with	item_B01DMFO0DW
item_B013SEP6FS	compatible_with	item_B01711AFIM
item_B00R7CN30S	compatible_with	item_B00V4DG42K
item_B006TC6OLM	compatible_with	item_B00ARCWZZE
item_B00SUMGC5M	compatible_with	item_B018I9M9XU
item_B017V194DO	compatible_with	item_B019S39BW2
item_B00N4FYYWI	compatible_with	item_B0196YFEUG
item_B0118XFD4A	compatible_with	item_B01F7NMJVW
item_B017LQGXVA	compatible_with	item_B01DY8R444
item_B000HQ6T5W	compatible_with	item_B0085TF7DS
item_B00BSOU1L0	compatible_with	item_B01A7EACMY
item_B00SJT4NH0	compatible_with	item_B012P2FLA4
item_B000B6A5HG	compatible_with	item_B01A16XYT6
item_B00NQJ5LAQ	compatible_with	item_B01GGKMENS
item_B00VTVELAY	compatible_with	item_B01BGWYFHE
item_B00QGSJVZU	compatible_with	item_B012V1V8HY
item_B0085TF7DS	compatible_with	item_B014Y8E5M2
item_B00KFNYVIO	compatible_with	item_B01EIJ3IVQ
item_B00NOAIM26	compatible_with	item_B00XKJ6ZUM
item_B00IWP6JF0	compatible_with	item_B01BMO15OC
item_B00LE1C2V4	compatible_with	item_B01CID1ZYQ
item_B00L87X4OI	compatible_with	item_B00Q4LZUW2
item_B00E9ALSGC	compatible_with	item_B00Q4LZUW2
item_B00KKV2MW8	compatible_with	item_B00W8V755C
item_B00XBBAV2C	compatible_with	item_B00XBBIU3Y
item_B0009I36O0	compatible_with	item_B00W3HY108
item_B001OE0HKE	compatible_with	item_B006C73UOS
item_B00MPXF6K4	compatible_with	item_B019YNIGJK
item_B008HTUCBS	compatible_with	item_B00JULWE54
item_B000S6K66O	compatible_with	item_B01H7EMBXK
item_B00E8BQ89O	compatible_with	item_B00NHECBBW
item_B01AVQG0OM	compatible_with	item_B01DUQKRPI
item_B016KFDG68	compatible_with	item_B01CU3GN0A
item_B0065ECGKM	compatible_with	item_B00Z5SJIPK
item_B007RVDQSS	compatible_with	item_B00X9HIFIA
item_B00DBS1QGA	compatible_with	item_B00PVXTMWS
item_B00GHYHN1W	compatible_with	item_B00W3HY108
item_B0012ISQP0	compatible_with	item_B00XBBAV2C
item_B000U83NLK	compatible_with	item_B00XKXHMD2
item_B00VTTOGHE	compatible_with	item_B014OW3MRW
item_B00505DWN2	compatible_with	item_B00IMB1DAA
item_B000JGJPZ6	compatible_with	item_B011DAS4BW
item_B0013LKT1U	compatible_with	item_B00KIDBKXA
item_B01DM1JJLY	compatible_with	item_B01F8VL0UE
item_B00O05NLRK	compatible_with	item_B01ESQPHWW
item_B01890QD8K	compatible_with	item_B01EFGF7KM
item_B003CN2JHY	compatible_with	item_B00FXPRJWO
item_B001CCURAS	compatible_with	item_B00NASDGCI
item_B004I764VA	compatible_with	item_B00VLB4G48
item_B019752N26	compatible_with	item_B01GSP1HR0
item_B00HYIAN3U	compatible_with	item_B0143D7EE4
item_B000BRPA2A	compatible_with	item_B00FXPRJWO
item_B00AQF9J4W	compatible_with	item_B01DDDAAJ6
item_B0131JS3QY	compatible_with	item_B016LJ4GBM
item_B00ARCWZZE	compatible_with	item_B00ARH8GTS
item_B004I764VA	compatible_with	item_B0071M9YFW
item_B0006U3ES4	compatible_with	item_B008YWF7OU
item_B01B3ISSBK	compatible_with	item_B01G5V1FYM
item_B00NQJ5LAQ	compatible_with	item_B01AMH3322
item_B000ZHFCPQ	compatible_with	item_B016HWCXHM
item_B000FX1C40	compatible_with	item_B01AUFDXMG
item_B007N1BVKM	compatible_with	item_B00KMQKWQ4
item_B0059WSQSM	compatible_with	item_B01ATQM6JC
item_B0099XVVI4	compatible_with	item_B00XKXHMD2
item_B016UK7Y0M	compatible_with	item_B01FVXMJPE
item_B015CBQ3ZW	compatible_with	item_B016F1I0TU
item_B00NASDG7I	compatible_with	item_B01FUVMYWK
item_B008J0BM1E	compatible_with	item_B00JJB7YZA
item_B008QZ1DNO	compatible_with	item_B00B7ETSTM
item_B00I4GOTAO	compatible_with	item_B00VLIW7SS
item_B0026NEG1I	compatible_with	item_B00IL3NRRG
item_B00OQJF1WS	compatible_with	item_B01890QD8K
item_B0177PYPCY	compatible_with	item_B017ULEI9U
item_B00OW1WNIU	compatible_with	item_B016LJ4GBM
item_B00XNCP8RM	compatible_with	item_B01H3EALMM
item_B00FXLCUPO	compatible_with	item_B01DPVEII0
item_B0001YSBUG	compatible_with	item_B0085TF7DS
item_B00ELJ2E4G	compatible_with	item_B016LJ4GBM
item_B00139IETG	compatible_with	item_B00KDRKVPO
item_B000FXXVZI	compatible_with	item_B00FXPRJWO
item_B00QNAIJ4A	compatible_with	item_B017MGBXM8
item_B00U5ZNFPW	compatible_with	item_B01E2DKX66
item_B00AIGN3DC	compatible_with	item_B00FXPRL5O
item_B00I5T8794	compatible_with	item_B00NVODGIA
item_B0058ZR1MW	compatible_with	item_B013RMMWMG
item_B007D6I75E	compatible_with	item_B00NHECBBW
item_B0012S5Y00	compatible_with	item_B00NI49YFM
item_B00Z9T6XL2	compatible_with	item_B017AP8R8O
item_B012V8CPJC	compatible_with	item_B015D2JSYS
item_B013SXYR6I	compatible_with	item_B01CXPBSGE
item_B00DMTT3AY	compatible_with	item_B00PXSBC1U
item_B0010XKQSC	compatible_with	item_B00CBE1S6I
item_B00C4RWTFQ	compatible_with	item_B01DB9WT4Q
item_B01CHRSUMI	compatible_with	item_B01FQOQ0QM
item_B00295MQLU	compatible_with	item_B0114NNIOQ
item_B00LGMEBKQ	compatible_with	item_B00SZ0A4H6
item_B00HUWTOEY	compatible_with	item_B00QGSJVZU
item_B00DG7AZSG	compatible_with	item_B00I8JEVO6
item_B0085THUOC	compatible_with	item_B00FXPRJWO
item_B00V84SHIE	compatible_with	item_B01CID1MI0
item_B0183SZ1S6	compatible_with	item_B0191LJHN4
item_B00S5WB4ZU	compatible_with	item_B0182G3RB2
item_B01C2IPCQ4	compatible_with	item_B01EYBEJNY
item_B00SZNUD8S	compatible_with	item_B0160VVI5S
item_B0012WJPAG	compatible_with	item_B00DOJKOSC
item_B0064BL882	compatible_with	item_B00DHFAZ5A
item_B00JAB0ZHI	compatible_with	item_B00MX2DVSG
item_B00SAFDL4O	compatible_with	item_B00Z9T6XL2
item_B00XKXHMD2	compatible_with	item_B017KUX2IY
item_B004A7XXM6	compatible_with	item_B016LJ4GBM
item_B00B58FQ5K	compatible_with	item_B00MBV6NMU
item_B00L5E0QTU	compatible_with	item_B00XAQDZSU
item_B0043O332G	compatible_with	item_B018I887MS
item_B00F3SJQ72	compatible_with	item_B00GZKIY8E
item_B00E6GUZ6I	compatible_with	item_B00XXPNFME
item_B005X07L3Q	compatible_with	item_B00IT3CO86
item_B00ZXYYKE0	compatible_with	item_B01G2OOI2I
item_B01AUJGLLW	compatible_with	item_B01FYTG5SC
item_B015YW8JZ6	compatible_with	item_B01DPPPD1W
item_B000J4Y9YA	compatible_with	item_B00FXPRJWO
item_B0002NYPC4	compatible_with	item_B00MY8WSCO
item_B00KXU16SW	compatible_with	item_B01B5FCOU2
item_B019ARG85E	compatible_with	item_B01COHYJYY
item_B0012OBVIS	compatible_with	item_B00V3ML4MW
item_B00FXPRL5O	compatible_with	item_B00SXYM7YC
item_B000DZZFD4	compatible_with	item_B00375MD32
item_B00UOB0BCM	compatible_with	item_B00X6OALDI
item_B001BR9HIW	compatible_with	item_B00Q4LZUW2
item_B000RU1AKC	compatible_with	item_B018MRRKR8
item_B000K7CG0A	compatible_with	item_B00NJ873Q4
item_B000FXW2Y4	compatible_with	item_B00CBE1S6I
item_B00FEC2K34	compatible_with	item_B00V3ITCBQ
item_B00K00U4IS	compatible_with	item_B01ETAJDWW
item_B0072J71L8	compatible_with	item_B008X26P9C
item_B0009C625G	compatible_with	item_B00XKXHMD2
item_B00ZUJ9Q8I	compatible_with	item_B010DVDB6K
item_B000BVYQ9Y	compatible_with	item_B00ZF7OJ5U
item_B01FUMB2U4	compatible_with	item_B01H4AER5W
item_B00ACIFH8U	compatible_with	item_B00Z5OMBTO
item_B00LE1C2V4	compatible_with	item_B01GGTY8ZQ
item_B00S9X9RAO	compatible_with	item_B019HHGR3K
item_B00404301I	compatible_with	item_B00PATTXK4
item_B0030DF838	compatible_with	item_B00SMJHB9Y
item_B0073E50NS	compatible_with	item_B00ONW5YVQ
item_B00WL8CGFG	compatible_with	item_B00XWUD32W
item_B00WG2ZIOI	compatible_with	item_B00YV6MPBG
item_B00ISAKS24	compatible_with	item_B01FX3ZSWI
item_B00A9ZBGKO	compatible_with	item_B017OVIHWU
item_B0182G3RB2	compatible_with	item_B01AQUP0DA
item_B00XKXI3WG	compatible_with	item_B00YX4F6MQ
item_B00WG3E910	compatible_with	item_B019G2RHUI
item_B000QIO4C6	compatible_with	item_B00JULWE54
item_B00KYJ9J1I	compatible_with	item_B012FWPRBM
item_B003ICB434	compatible_with	item_B013W7M3XE
item_B00VUV19D0	compatible_with	item_B01AZ39LEC
item_B00LZDHKUE	compatible_with	item_B01D8F9L7Q
item_B010H4XG1S	compatible_with	item_B01B3HP24W
item_B00DMW4T8C	compatible_with	item_B01GDMJ91O
item_B00XZ3EF0U	compatible_with	item_B013WQ0MOM
item_B00V84SHIE	compatible_with	item_B00VXWNYUW
item_B009GWZF6M	compatible_with	item_B00ULZAECI
item_B000F45XYE	compatible_with	item_B00DVA2CCA
item_B00YEDR4LM	compatible_with	item_B01EBQY2LQ
item_B00CEH0LHO	compatible_with	item_B00XKXHMD2
item_B013X04SJ2	compatible_with	item_B014JMK0PO
item_B019752N26	compatible_with	item_B01D1XD0CW
item_B017NL5TH2	compatible_with	item_B01H3EALMM
item_B00FBD2G2Q	compatible_with	item_B00XYNILU6
item_B009KOAZGG	compatible_with	item_B00Q4LZUW2
item_B006SFSH9C	compatible_with	item_B019X2NGF6
item_B00DMW4T8C	compatible_with	item_B014CO55CW
item_B016LJ4GBM	compatible_with	item_B01H5N66MA
item_B0007RAE7A	compatible_with	item_B00B58FQ5K
item_B01AXP8D8W	compatible_with	item_B01H6YB182
item_B000G1FDIM	compatible_with	item_B01FQJ32QS
item_B00UEQ87LO	compatible_with	item_B01C3ND116
item_B00U5LAC84	compatible_with	item_B01AP40M7G
item_B00CYNL43I	compatible_with	item_B014V0DUAQ
item_B001GSFKBO	compatible_with	item_B01A16XYT6
item_B00B81I7HI	compatible_with	item_B00DFMH9EK
item_B00AM482O0	compatible_with	item_B00FFKL0LS
item_B00KVTSPM0	compatible_with	item_B00KVTXQUG
item_B00YW80DHQ	compatible_with	item_B015RJWTNY
item_B00T7BV0NE	compatible_with	item_B01132N5QY
item_B00NQJ5LAQ	compatible_with	item_B015KBM056
item_B00SRKELDM	compatible_with	item_B013SEP6FS
item_B00XXPMJKI	compatible_with	item_B01DGLFIRO
item_B00QAV6YP8	compatible_with	item_B017MSNUM2
item_B00EZ8IGOA	compatible_with	item_B00FXPRJWO
item_B0002TOZ1Y	compatible_with	item_B00JULWJLI
item_B00H69OTIM	compatible_with	item_B00XWUD32W
item_B00MOQTM8E	compatible_with	item_B011TWR7SA
item_B00EB10U4U	compatible_with	item_B01H6YB182
item_B006NTC96K	compatible_with	item_B006NTENI2
item_B00STUNZ2I	compatible_with	item_B01HBEW04Q
item_B00NJ873Q4	compatible_with	item_B01CIDAQKK
item_B000LO5V4A	compatible_with	item_B016YKHX86
item_B00HRNU3B4	compatible_with	item_B00I39JPTM
item_B00Y832XG4	compatible_with	item_B01CN3WM8E
item_B00ACIFZ50	compatible_with	item_B016P54C5W
item_B00FQCSPXQ	compatible_with	item_B00M0DH350
item_B00XMZ45KQ	compatible_with	item_B019HR92YQ
item_B00E4I4XS4	compatible_with	item_B00XWUD32W
item_B015WQG58M	compatible_with	item_B01DCK4SW0
item_B00F3SJQ72	compatible_with	item_B00JUIOW1G
item_B005BNGDRA	compatible_with	item_B00APXN95U
item_B002O3RSGK	compatible_with	item_B00NJ873Q4
item_B000AL9CUI	compatible_with	item_B001EH4GGC
item_B007N1BVL6	compatible_with	item_B00SH4T6YW
item_B0012FPMEG	compatible_with	item_B006SWKCWK
item_B00F3SJQ72	compatible_with	item_B00Q2M3UEI
item_B00LE6W15Q	compatible_with	item_B00V84SHIE
item_B01D479UQK	compatible_with	item_B01GYJZF1E
item_B00CMWL7A6	compatible_with	item_B00F30OHI8
item_B004ARVD6Y	compatible_with	item_B00NASDG7I
item_B009YRM6MK	compatible_with	item_B00CTWATH6
item_B0043N28BO	compatible_with	item_B00N4N2IGO
item_B00DYVFS6I	compatible_with	item_B00PXSBGR0
item_B00A0HYZ54	compatible_with	item_B019S38JJI
item_B00O4DWD90	compatible_with	item_B017IAHLTM
item_B005GQ2SD0	compatible_with	item_B00L5E0QTU
item_B00NSH71P4	compatible_with	item_B013OVICL0
item_B009EVMCCA	compatible_with	item_B00WAF6B4C
item_B00DF3K97S	compatible_with	item_B00J9VE9G2
item_B00YVXPLUG	compatible_with	item_B00YZ8O66W
item_B00B93UYYE	compatible_with	item_B01B3HP24W
item_B017ULEI9U	compatible_with	item_B01D8X4Q7S
item_B018AVX8AO	compatible_with	item_B019IBMJKU
item_B00C1JJ824	compatible_with	item_B01DB4M7MA
item_B00AWM65B4	compatible_with	item_B00S4KCNOO
item_B00LJNDKKO	compatible_with	item_B01H6DY7BQ
item_B00FBD2G2Q	compatible_with	item_B014TSHDLW
item_B004I766BS	compatible_with	item_B005GVJEX2
item_B000GGO5OU	compatible_with	item_B016BZMSTS
item_B0158WEHEY	compatible_with	item_B017J2U03I
item_B00FQ8Y0R0	compatible_with	item_B00QNAIJ4A
item_B00J2D7QVW	compatible_with	item_B01AX6XHLY
item_B003VKT2I2	compatible_with	item_B004DGJ00S
item_B01AABE4QE	compatible_with	item_B01F78T5Q4
item_B00B1MBNDO	compatible_with	item_B00B58FQ5K
item_B01AT1XH9K	compatible_with	item_B01H7EMBXK
item_B00OFJXDJM	compatible_with	item_B01DJ2K9LA
item_B00MN7REHA	compatible_with	item_B010L2J6CO
item_B0060C8IEC	compatible_with	item_B00O2UCPBQ
item_B00I04GJO4	compatible_with	item_B00QGBJ62U
item_B005QT53DY	compatible_with	item_B00FIK4UBC
item_B00JFTVHWW	compatible_with	item_B013RMMWMG
item_B00NQJ5LAQ	compatible_with	item_B01DLN43B4
item_B004I79ZC0	compatible_with	item_B00R4X6RGW
item_B00NPQ7Q44	compatible_with	item_B01CE7NX3C
item_B00KF3B1S2	compatible_with	item_B01FUZRG4C
item_B00AYCZCTI	compatible_with	item_B015ZP3CYK
item_B0065ECGKM	compatible_with	item_B01ES46O7G
item_B00DMW4T8C	compatible_with	item_B01CJF198K
item_B000JQGCT8	compatible_with	item_B00X9HIFIA
item_B00FP462DK	compatible_with	item_B01D1ZDKXO
item_B005Q5PBAS	compatible_with	item_B00YBQVU9Y
item_B00USCH98G	compatible_with	item_B00XKXHMD2
item_B00CBE1S6I	compatible_with	item_B00QFS92LE
item_B00FEMK2V6	compatible_with	item_B00U6413M4
item_B00LUCNXUQ	compatible_with	item_B00ULZAECI
item_B014SWBP7W	compatible_with	item_B01CE7NX3C
item_B00S1GH4KY	compatible_with	item_B00XZ3EF0U
item_B00U2DIVPG	compatible_with	item_B016LJ4GBM
item_B000P8HJWO	compatible_with	item_B00DUBJXEU
item_B00JULWE54	compatible_with	item_B01GOXAHOU
item_B00I78ZI3G	compatible_with	item_B00NE4YJVK
item_B007BL1KF0	compatible_with	item_B01C38QJGK
item_B0009YL20E	compatible_with	item_B0014133FI
item_B00H7HD67I	compatible_with	item_B01FQJ32QS
item_B004XVJLTS	compatible_with	item_B00RQB1O42
item_B001LPHL9G	compatible_with	item_B00DVA2CCA
item_B0098QMFMS	compatible_with	item_B00LZDHKUE
item_B01AABE4QE	compatible_with	item_B01BIE0DIU
item_B00ZUJ9Q8I	compatible_with	item_B01A6VUO0S
item_B00XKXHMD2	compatible_with	item_B013L9JQPG
item_B006YG78LI	compatible_with	item_B0131JN0YE
item_B005W79C6O	compatible_with	item_B00E5PA6HS
item_B006SU4EGW	compatible_with	item_B00N2LV1PC
item_B005W3O3EO	compatible_with	item_B00KBZOB40
item_B00XJ8JKX8	compatible_with	item_B01CU3GN0A
item_B016YKHXL8	compatible_with	item_B01BP9ZFLS
item_B00KQMJEZO	compatible_with	item_B00XKCZD9S
item_B00JGJA632	compatible_with	item_B00UVOKN6G
item_B00RC98QTE	compatible_with	item_B00XWUD32W
item_B00MX3S3II	compatible_with	item_B012A3V3A0
item_B01B3HP24W	compatible_with	item_B01D9FOKQ2
item_B00O0TOYKE	compatible_with	item_B01EH14W24
item_B016LJ4GBM	compatible_with	item_B0184HYEJS
item_B012ZG0P1U	compatible_with	item_B01B6G8BKC
item_B007I0KWMQ	compatible_with	item_B00B58FQ5K
item_B001D6M34Q	compatible_with	item_B00XKXI2D6
item_B01BZLI3RY	compatible_with	item_B01H30LCP6
item_B00N2DQKDI	compatible_with	item_B00PZ30MKU
item_B00NE4YJVK	compatible_with	item_B00Z90WYNC
item_B00U90KMFO	compatible_with	item_B013H93H3C
item_B00KIK1DBW	compatible_with	item_B00LKW2RQC
item_B006363DPY	compatible_with	item_B014D0VZ4C
item_B00KXU16SW	compatible_with	item_B01C4TR2IM
item_B00FXPRJWO	compatible_with	item_B00IQX47NO
item_B01E9XG2SW	compatible_with	item_B01F4LKU36
item_B00AX4PJ7W	compatible_with	item_B00QVCSFC6
item_B00135VST8	compatible_with	item_B00Y9OU3V4
item_B019Y53MS8	compatible_with	item_B01F324FMI
item_B004NP87V2	compatible_with	item_B00V3ML4MW
item_B001BZDMN0	compatible_with	item_B008YWF7OU
item_B005DTTQ3A	compatible_with	item_B00XXPNFME
item_B00917OUJK	compatible_with	item_B017JHA2GS
item_B008X25S9U	compatible_with	item_B012P2G9I2
item_B017YBH4WY	compatible_with	item_B01F324FMI
item_B0049Q7GUI	compatible_with	item_B00B58FQ5K
item_B00HIZKH7G	compatible_with	item_B00QOCIVMC
item_B0065ECGKM	compatible_with	item_B00I39JQ3W
item_B00KXFYXRS	compatible_with	item_B00XWUD32W
item_B00SLDSYL0	compatible_with	item_B013X04PDG
item_B01AMKUIJA	compatible_with	item_B01E2S8LT2
item_B005ITU5OE	compatible_with	item_B00AEA0O4S
item_B00KIH3UW0	compatible_with	item_B014DSN308
item_B00F08ITAK	compatible_with	item_B015G2HA3Q
item_B00K8OGHK0	compatible_with	item_B0169601IY
item_B01A5TIAJS	compatible_with	item_B01EOAPILW
item_B005L9E3LC	compatible_with	item_B00NP94WZ2
item_B001JBDATM	compatible_with	item_B00ACIFL9U
item_B002NPCILY	compatible_with	item_B01BU5AVK2
item_B00JXE2L6U	compatible_with	item_B00V84SHIE
item_B00BBB6IZS	compatible_with	item_B01B5BIRNO
item_B00Q4LZUW2	compatible_with	item_B012H2ZKJO
item_B00B58FQ5K	compatible_with	item_B016YWNAL8
item_B005A8D94G	compatible_with	item_B01FR3P9NM
item_B00DCYCFFY	compatible_with	item_B00H9AQ5VM
item_B000AL2I3Q	compatible_with	item_B00V84SHIE
item_B0009S6TJY	compatible_with	item_B00412MS0S
item_B00KOJYK44	compatible_with	item_B01H7EMBXK
item_B0002TOZ1Y	compatible_with	item_B00XKXHMD2
item_B00XKSI06U	compatible_with	item_B01FUVMH22
item_B000HOSFDI	compatible_with	item_B00NASDGCI
item_B000SZM78A	compatible_with	item_B006Z8IEUO
item_B00V84SHIE	compatible_with	item_B01EOX0FBW
item_B004I764VA	compatible_with	item_B00ZUIB9A2
item_B012U2WXQ4	compatible_with	item_B01DZPMA5E
item_B00C464QXU	compatible_with	item_B00MY8WSCO
item_B00E1ZPCX0	compatible_with	item_B016LJ4GBM
item_B0009GGUO0	compatible_with	item_B01AK98V6A
item_B007V1DVFC	compatible_with	item_B00X9HIFIA
item_B019MDWF76	compatible_with	item_B01G75W9G4
item_B00D62452S	compatible_with	item_B01FJOINQ4
item_B00IMB1DAA	compatible_with	item_B00K72JFK2
item_B000E9ZR6Y	compatible_with	item_B01FAA6EUO
item_B0073E4X3Q	compatible_with	item_B01C3CV1P0
item_B00P87ZT88	compatible_with	item_B00R8BL170
item_B005WUR8Y4	compatible_with	item_B00FBD2G2Q
item_B018X7QW30	compatible_with	item_B01B63W41M
item_B00Y9MH16G	compatible_with	item_B019MXWRY2
item_B001L0ZL16	compatible_with	item_B00FXPRJWO
item_B00Q0BHE16	compatible_with	item_B00W6YBE4Y
item_B0115HTFC0	compatible_with	item_B01CYAUZ94
item_B016HWCXHM	compatible_with	item_B0170MI3TU
item_B0008EO5AE	compatible_with	item_B00JULWJLI
item_B005GV96BC	compatible_with	item_B00V84SHIE
item_B01FMVF40W	compatible_with	item_B01H7EMBXK
item_B015H6QWWG	compatible_with	item_B016LJ4J7S
item_B01DTY57Q0	compatible_with	item_B01GFJVZS0
item_B01AMZLDLW	compatible_with	item_B01CTPAFFI
item_B0076BGTQ0	compatible_with	item_B007JA9KL4
item_B01GETJEJS	compatible_with	item_B01H30LCP6
item_B0009GBLBM	compatible_with	item_B00MY8WSCO
item_B000WH1XTS	compatible_with	item_B00XXPMJKI
item_B0009GDA6G	compatible_with	item_B00JULWE54
item_B00PU1MSLS	compatible_with	item_B019HHGR3K
item_B0013KGG9K	compatible_with	item_B00NW62PCA
item_B005DTCEKW	compatible_with	item_B01DDDAAJ6
item_B00OKSC4XO	compatible_with	item_B00XWUD32W
item_B013SEP6FS	compatible_with	item_B019Z2BS22
item_B0121RC6G0	compatible_with	item_B01BX36GR8
item_B009SP3JNS	compatible_with	item_B00B58FQ5K
item_B006Z8H1NK	compatible_with	item_B00XMZ45KQ
item_B000783UHU	compatible_with	item_B00PXSBGR0
item_B008V9DPGS	compatible_with	item_B00MJHQGVO
item_B017DI5F4M	compatible_with	item_B01FFA937K
item_B00B58FQ5K	compatible_with	item_B0123S58R6
item_B016YKHX1S	compatible_with	item_B01AS1K820
item_B00ABNEVQK	compatible_with	item_B00XXPMJKI
item_B012I1QXS6	compatible_with	item_B01GYJZF1E
item_B0198IUMZM	compatible_with	item_B01DKTA6B0
item_B00N8X411A	compatible_with	item_B00WW6YJG6
item_B003QORMAI	compatible_with	item_B015H5EPGM
item_B00UKCYC48	compatible_with	item_B00XKXHMD2
item_B00OES38DA	compatible_with	item_B00PWJ8G3M
item_B004JCT4WA	compatible_with	item_B00XWUD32W
item_B003ZUOPSU	compatible_with	item_B00F3SJQ72
item_B005GC0P0M	compatible_with	item_B014MCFM4K
item_B0009UL0RI	compatible_with	item_B00CEH0LHO
item_B00D62452S	compatible_with	item_B01AXVJL2S
item_B004I79ZC0	compatible_with	item_B005GV9PZO
item_B00T454BY8	compatible_with	item_B01GCTF46M
item_B00EQ5PV9K	compatible_with	item_B00L5E0QTU
item_B00OLNBC72	compatible_with	item_B01FBSGFZ4
item_B00N5BB3CK	compatible_with	item_B00WBRYLAU
item_B01AMZLDLW	compatible_with	item_B01G2OOI2I
item_B000RMRYI2	compatible_with	item_B00JULWJLI
item_B00NQJ5LAQ	compatible_with	item_B00WNHL6KQ
item_B00VMYPADK	compatible_with	item_B01FQJ32QS
item_B00XYTJ7SA	compatible_with	item_B019IBMJKU
item_B01AOCTAYU	compatible_with	item_B01EJUTL6K
item_B00DMW4T8C	compatible_with	item_B00LZET7UY
item_B00ARH8C9M	compatible_with	item_B00CBE1S6I
item_B00PBGJQYE	compatible_with	item_B0195QOD7K
item_B004I79ZC0	compatible_with	item_B016LJ5PIU
item_B004XH50G0	compatible_with	item_B00WB234F8
item_B01CV6TSLW	compatible_with	item_B01DBGJDYI
item_B000KKQLZS	compatible_with	item_B00PXSBC1U
item_B000A2KAOO	compatible_with	item_B0031U0QBE
item_B000783QR4	compatible_with	item_B00PXSBC1U
item_B00RVX4EG0	compatible_with	item_B01F8VL0UE
item_B010PX63GQ	compatible_with	item_B01AX97URI
item_B00KW9DRE0	compatible_with	item_B01H7EMBXK
item_B00L5E0NQG	compatible_with	item_B01DARCXK4
item_B01A6PYSTC	compatible_with	item_B01FGOE8DY
item_B00TG7CYR0	compatible_with	item_B01FQWMFKO
item_B00VUE6IP6	compatible_with	item_B01FFT1NEM
item_B00KZT5X26	compatible_with	item_B00WQ7HNG4
item_B00I14WP78	compatible_with	item_B00XZ8Q8WI
item_B004NP4TAU	compatible_with	item_B00IL3NRRG
item_B00ZUJ9Q8I	compatible_with	item_B00ZUJW0TU
item_B0155OCCQ0	compatible_with	item_B01G2OOI2I
item_B00KIDBKXA	compatible_with	item_B00L50QMY2
item_B00Z9W9AE6	compatible_with	item_B011LTPIQO
item_B01CU3GN0A	compatible_with	item_B01H2PULJK
item_B000MXIMKK	compatible_with	item_B01DUQUIG6
item_B00KIH3UW0	compatible_with	item_B00T9BWNRO
item_B00R4TJJOS	compatible_with	item_B018JAB00G
item_B005BTPDD4	compatible_with	item_B00F59HKF4
item_B00GW7X5NO	compatible_with	item_B00SMJHB9Y
item_B00DP7PZ32	compatible_with	item_B00WKKSI7U
item_B00BQDK0F0	compatible_with	item_B00Y4SGN3M
item_B00WHF3E6S	compatible_with	item_B01FVGWA7I
item_B004WYNRF0	compatible_with	item_B00XXPNFME
item_B00249MG34	compatible_with	item_B00IL3NRRG
item_B0070Y6G4I	compatible_with	item_B00F3SJQ72
item_B000X1L4EM	compatible_with	item_B0024FAYTG
item_B00SRKELDM	compatible_with	item_B01AP40M7G
item_B00WG2HMPG	compatible_with	item_B00YV6MPBG
item_B000FEKN12	compatible_with	item_B01DDDAAJ6
item_B00KDMSL5G	compatible_with	item_B01C3ND116
item_B00E1ZOLPU	compatible_with	item_B00N2LV1PC
item_B008W1ADMO	compatible_with	item_B00ZOSL73W
item_B00245G4CC	compatible_with	item_B00IL3NRRG
item_B001IHZCZW	compatible_with	item_B00Z8A3TPK
item_B00FRGGZ42	compatible_with	item_B014K09RHM
item_B00ZR3GGHQ	compatible_with	item_B01E2DKX66
item_B00CEWD0VI	compatible_with	item_B01C3CV1P0
item_B00DMW4T8C	compatible_with	item_B01CI45BK4
item_B004TQD3FK	compatible_with	item_B00FXPRL5O
item_B00QGSJVZU	compatible_with	item_B01DMB12N2
item_B0132HXVDU	compatible_with	item_B01AJM0A3A
item_B00ORP5UA4	compatible_with	item_B018QI2L1I
item_B00NE4YJVK	compatible_with	item_B019IM42M2
item_B00JUM08LK	compatible_with	item_B01AK98V6A
item_B00SMJHB9Y	compatible_with	item_B011B5OXIC
item_B000G828S8	compatible_with	item_B019X2NGF6
item_B00VF3ZSZ8	compatible_with	item_B01B3HP24W
item_B00QGSJVZU	compatible_with	item_B016R2RDOU
item_B001N4OCII	compatible_with	item_B00B2YUAFI
item_B00KAAQHUC	compatible_with	item_B00OBE0QRI
item_B00B58FQ5K	compatible_with	item_B01EE5Z7QI
item_B00G4CQQB0	compatible_with	item_B015IXY3K6
item_B00TXX1UB8	compatible_with	item_B01H30LCP6
item_B00EHT532K	compatible_with	item_B00XWUD32W
item_B00557TDOM	compatible_with	item_B01DDDAAJ6
item_B007N1BVL6	compatible_with	item_B01CEBDS92
item_B00PSO3YHY	compatible_with	item_B00Y9MH16G
item_B003VKR4UA	compatible_with	item_B00DVFWFKE
item_B004SJ9UMS	compatible_with	item_B00QGSJVZU
item_B005QR8OP0	compatible_with	item_B01EH14W24
item_B00CMO8FBS	compatible_with	item_B00F3SJQ72
item_B008XCLG7I	compatible_with	item_B01CU3GN0A
item_B015G5SQ4A	compatible_with	item_B017L0ZF2O
item_B00RSWNGPO	compatible_with	item_B00V2Z992W
item_B012XZ5LBW	compatible_with	item_B01C24JMAA
item_B0091CC1OG	compatible_with	item_B00F3G8H74
item_B00HHKSSTG	compatible_with	item_B00PL45258
item_B00D3JEC1S	compatible_with	item_B018SRR0N6
item_B00OC6XYME	compatible_with	item_B01H30LCP6
item_B00NQJ5LAQ	compatible_with	item_B01D0YU05M
item_B009T3XNGM	compatible_with	item_B00IT3CO86
item_B005P91DU2	compatible_with	item_B00B4X5QC4
item_B00FXPRL5O	compatible_with	item_B00P6VAWAQ
item_B0062Z31OE	compatible_with	item_B01A5DTBFG
item_B00421BJTE	compatible_with	item_B01DUQUIG6
item_B00842QKCS	compatible_with	item_B00L5E0QTU
item_B00PXSBBJI	compatible_with	item_B0138XYQG4
item_B00CDZNL7O	compatible_with	item_B00KKV2MW8
item_B005ACLC8C	compatible_with	item_B00N4N2IGO
item_B00B58FQ5K	compatible_with	item_B013C6J8GK
item_B01H4VRDW0	compatible_with	item_B01HH3X0YU
item_B00FLXDYU4	compatible_with	item_B016APT54K
item_B00FBD2G2Q	compatible_with	item_B00XWUD32W
item_B00JC2YXFK	compatible_with	item_B00V5OVN2O
item_B00SB6JN6W	compatible_with	item_B015CBQ3ZW
item_B00DVFWFKE	compatible_with	item_B00K69XELC
item_B01E878HFU	compatible_with	item_B01ESQPHWW
item_B0184HYEJS	compatible_with	item_B01B3ISSBK
item_B00M9EF6ZO	compatible_with	item_B00YGY28N8
item_B019IBMJKU	compatible_with	item_B01GK6XL5S
item_B00DUBJXEU	compatible_with	item_B00VLIW7SS
item_B00O05NLRK	compatible_with	item_B013X04PDG
item_B00QDB9MJ0	compatible_with	item_B01HAGXX8C
item_B00S9X3K48	compatible_with	item_B01CV2WQJM
item_B00DURJIM6	compatible_with	item_B01DDDAAJ6
item_B00X6OALDI	compatible_with	item_B01AP40M26
item_B005HO2CYG	compatible_with	item_B00EC884EA
item_B00026395U	compatible_with	item_B00PXSBBJI
item_B007N1BVKM	compatible_with	item_B00P3ASXS8
item_B00295MQLU	compatible_with	item_B007IJ79KA
item_B001E1CLII	compatible_with	item_B00QVCSFC6
item_B00MNKTAAQ	compatible_with	item_B01DA05U2E
item_B00B611R40	compatible_with	item_B015VY5KF4
item_B000OWBG0C	compatible_with	item_B0037TVRR6
item_B00FQ0YTB0	compatible_with	item_B00K00U4IS
item_B00FXPRL5O	compatible_with	item_B00TR431U6
item_B0058ZW2NA	compatible_with	item_B006HYZP8U
item_B00NJ873Q4	compatible_with	item_B01FA178XA
item_B00NHECL6M	compatible_with	item_B00XXPNFME
item_B006SRSZOW	compatible_with	item_B006SRT0FU
item_B00K00U4IS	compatible_with	item_B00W4ICNGK
item_B005KYIMR4	compatible_with	item_B00U24DCDG
item_B01FVPJN1A	compatible_with	item_B01FX3ZSWI
item_B0002TOSWK	compatible_with	item_B00B58FQ5K
item_B00V84SHIE	compatible_with	item_B01H3YIL2E
item_B0009UL0RI	compatible_with	item_B008YCSEPE
item_B00BCG27RK	compatible_with	item_B01DXPYIHO
item_B011354XDU	compatible_with	item_B0195BRO9E
item_B00LURFGH4	compatible_with	item_B0182G7G3M
item_B00FQ0SMK4	compatible_with	item_B017LZINE6
item_B00S9X3K48	compatible_with	item_B01BGYIG7C
item_B00ATRSB96	compatible_with	item_B00XKSI06U
item_B00X9HIFIA	compatible_with	item_B00YBQVU9Y
item_B004I764VA	compatible_with	item_B005GV9AEU
item_B00W5R4WPK	compatible_with	item_B00WQFE5ZI
item_B00F4NCTV6	compatible_with	item_B00FXPRL5O
item_B000A2KE90	compatible_with	item_B01A16XYT6
item_B0029NYPSO	compatible_with	item_B002G9UGT8
item_B00CC3LRVE	compatible_with	item_B00LZ0IXK8
item_B01E3N2JL2	compatible_with	item_B01H43Z5GY
item_B00K7HTJ4O	compatible_with	item_B016YRTP0S
item_B0029F1X3M	compatible_with	item_B00BMDAG1C
item_B0007KPP7G	compatible_with	item_B00Q4LZUW2
item_B0003DKV8K	compatible_with	item_B00XKXI3J4
item_B00KRYL792	compatible_with	item_B01ES47ESY
item_B005GV8O9M	compatible_with	item_B016LJ4J7S
item_B0012N84YS	compatible_with	item_B00DY0CHT0
item_B002MX6ZOI	compatible_with	item_B00SMPMKGM
item_B0186HXCSU	compatible_with	item_B01EQRAAU2
item_B00MX3S3II	compatible_with	item_B01604FRAM
item_B01DLVZTPK	compatible_with	item_B01GGR0ICU
item_B00ZUIC9EM	compatible_with	item_B01GDY9Z0M
item_B016YRTP0S	compatible_with	item_B0171TE4AO
item_B00COTGR0M	compatible_with	item_B00DD0BBMA
item_B00EXPUNOG	compatible_with	item_B00Q4LZUW2
item_B00OXGMUXC	compatible_with	item_B00XXPNFME
item_B00S3I9VGK	compatible_with	item_B01D410A2O
item_B0000865SC	compatible_with	item_B0064YY0D4
item_B00CYR53OK	compatible_with	item_B00WH30N2I
item_B00K00UN66	compatible_with	item_B00UF7XUTG
item_B01B3HP24W	compatible_with	item_B01GUF0YJ0
item_B0198YXSUW	compatible_with	item_B01DAR2CI2
item_B0009MH2Q4	compatible_with	item_B01AK98V6A
item_B00R70LP8W	compatible_with	item_B01BI8QWOU
item_B00QSRP72K	compatible_with	item_B017WWTSO2
item_B00O6I5AGQ	compatible_with	item_B00XIJGVNU
item_B0078J8A0I	compatible_with	item_B00OBGKI4W
item_B00M0JID4E	compatible_with	item_B00V84SHIE
item_B01EP4C2XY	compatible_with	item_B01G3PMTAY
item_B00NQJ5LAQ	compatible_with	item_B00W9TK0JQ
item_B002FJ0ZZE	compatible_with	item_B00FNR2FOY
item_B0009MH2Q4	compatible_with	item_B00FEMK2V6
item_B019W128F2	compatible_with	item_B01DB4M7MA
item_B00Y1TPNKS	compatible_with	item_B01E0HWD0I
item_B00X9HIFIA	compatible_with	item_B011SUKPE6
item_B00GUBHBRS	compatible_with	item_B00P79C85O
item_B000VHT9X6	compatible_with	item_B00XKXHMD2
item_B00L5E0QTU	compatible_with	item_B016E4E4XE
item_B00E6ROMKC	compatible_with	item_B00N4N2IGO
item_B00W3HY108	compatible_with	item_B01B8J8CGA
item_B00XWUD32W	compatible_with	item_B01CUI7AXE
item_B00KXU16SW	compatible_with	item_B01DPZE4DK
item_B00MFGQL00	compatible_with	item_B015H4F5HQ
item_B00ARBRYRY	compatible_with	item_B00YX8PER4
item_B007URZUII	compatible_with	item_B00Z5OMBTO
item_B00XBBIU3Y	compatible_with	item_B00XXPNFME
item_B00ZFE1H12	compatible_with	item_B012MWZRBK
item_B00DDVV53Y	compatible_with	item_B00STUNZ2I
item_B00KFWYYPU	compatible_with	item_B01D410A2O
item_B0085TF7DS	compatible_with	item_B00PCQPK7U
item_B00FDZJHG0	compatible_with	item_B00NJ873Q4
item_B00DMW4T8C	compatible_with	item_B00SRJ3F4Y
item_B012ZOHVP0	compatible_with	item_B01E2DKX66
item_B00IJICBR0	compatible_with	item_B00T0VSOUS
item_B003XJAXFC	compatible_with	item_B00OD9ZAH2
item_B006OR82F8	compatible_with	item_B00QGSJVZU
item_B00PVL0B02	compatible_with	item_B01DDDAAJ6
item_B00F3SJQ72	compatible_with	item_B00SWPN0B6
item_B00E4XQ72Y	compatible_with	item_B00JULWE54
item_B01CS6ORH0	compatible_with	item_B01EP4C2XY
item_B00LURFGH4	compatible_with	item_B0182G3RB2
item_B00CQIFQA8	compatible_with	item_B00KEIX0TQ
item_B00CBE1S6I	compatible_with	item_B00CU8F2S0
item_B00CBE1S6I	compatible_with	item_B00S8RQ2JA
item_B00VUOU3BQ	compatible_with	item_B01HH3X0YU
item_B00AW47OIA	compatible_with	item_B014MCFM4K
item_B00E0IVANO	compatible_with	item_B00E1L95GO
item_B00E6U8ZJ8	compatible_with	item_B019407BLC
item_B00IL3NRRG	compatible_with	item_B01AAVQD0Y
item_B000A38E6E	compatible_with	item_B00XKXHMSM
item_B005SW296S	compatible_with	item_B015CBQ3ZW
item_B0073D8MUW	compatible_with	item_B01DDDAAJ6
item_B00123TLBS	compatible_with	item_B00PXSBMG0
item_B01B3ISSBK	compatible_with	item_B01FPMVOBQ
item_B01AD2O6V8	compatible_with	item_B01ESQPHWW
item_B009CXJUSY	compatible_with	item_B00I14WP78
item_B006SFRJ7S	compatible_with	item_B00IPO8NJS
item_B002VWJYDY	compatible_with	item_B01B80B9RI
item_B00K730Z00	compatible_with	item_B011NNG3TY
item_B00QHNYQ5Y	compatible_with	item_B00R4TJJOS
item_B00HWMXM7C	compatible_with	item_B00IOLLQ0U
item_B00JBRB2IC	compatible_with	item_B01F6ALY7Q
item_B00CM7BQYI	compatible_with	item_B01DDDAAJ6
item_B001PTGNJW	compatible_with	item_B00QGSJVZU
item_B00UUGABEE	compatible_with	item_B01DUQKRPI
item_B0172B1PJO	compatible_with	item_B01FUMB2U4
item_B0183SZ1S6	compatible_with	item_B018QFEZ4M
item_B00C45ZIWE	compatible_with	item_B011S36MI6
item_B002MX6ZOI	compatible_with	item_B00PYMBADA
item_B00JV6PHBG	compatible_with	item_B013OVICL0
item_B008MW5AUI	compatible_with	item_B01BY59MJE
item_B00L4UNNMM	compatible_with	item_B00UU3AB4C
item_B00HF6OO5O	compatible_with	item_B00NASDGCI
item_B00JE1XCLK	compatible_with	item_B00QNAIJ4A
item_B015RJWTNY	compatible_with	item_B01EGWTS64
item_B00YKYE8DW	compatible_with	item_B01DDDAAJ6
item_B00VUE6IP6	compatible_with	item_B01F7FNHJI
item_B00QGSJVZU	compatible_with	item_B00X3RZIK4
item_B00HY3MPA4	compatible_with	item_B00ZOSL73W
item_B00C0PJ5YK	compatible_with	item_B01G2OOI2I
item_B00AAXRV3G	compatible_with	item_B01H7EMBXK
item_B00TF67E5E	compatible_with	item_B017V1C5IU
item_B00JULWE54	compatible_with	item_B018YBDUHG
item_B00P3ASAGS	compatible_with	item_B00P3ASWQQ
item_B00HRNU3B4	compatible_with	item_B00OY7T0F6
item_B001FG5FR6	compatible_with	item_B00Q4LZUW2
item_B0059UPV5K	compatible_with	item_B0072J71L8
item_B00B58FQ5K	compatible_with	item_B00F5UFJN8
item_B0009YL20E	compatible_with	item_B007MFEKYS
item_B00W676VLM	compatible_with	item_B016EH8ZLS
item_B00K17LRYA	compatible_with	item_B015USWNYC
item_B0014SD2HK	compatible_with	item_B00KRYL792
item_B014RTYK8M	compatible_with	item_B016YKHX1S
item_B00KFS46WK	compatible_with	item_B00R7NEG12
item_B00UIJ4OSC	compatible_with	item_B01DOFVECK
item_B0018OOF6M	compatible_with	item_B00H4NXQZM
item_B004KHSA7O	compatible_with	item_B00KIDBKXA
item_B00VZ2J0B2	compatible_with	item_B01H0YB6BU
item_B00ARH8C9M	compatible_with	item_B01A16XYT6
item_B0169VOXXS	compatible_with	item_B01FUMB2U4
item_B004LZ48KS	compatible_with	item_B006OVMYUI
item_B00K8B0F2O	compatible_with	item_B0143D7EE4
item_B0064YY0D4	compatible_with	item_B007Z54O1Y
item_B006SFRKP4	compatible_with	item_B006SFSH9C
item_B001B9XI3A	compatible_with	item_B00C823UFA
item_B004N7U5TC	compatible_with	item_B00MBI7NNG
item_B00JULWJLI	compatible_with	item_B01EX5SKGS
item_B00NJ873Q4	compatible_with	item_B01H6MWNKO
item_B000UAQEYQ	compatible_with	item_B000Z9W33S
item_B012U2WXQ4	compatible_with	item_B01CJ308SY
item_B018Q45OI4	compatible_with	item_B01FCYA2TW
item_B018I887MS	compatible_with	item_B01C88KJLQ
item_B0001YRWRY	compatible_with	item_B00XKXI3J4
item_B000FXUVGK	compatible_with	item_B00FXPRJWO
item_B00HRNPVXY	compatible_with	item_B019MDWF76
item_B0078Z0TAQ	compatible_with	item_B00Y9MH16G
item_B00HG0UEYY	compatible_with	item_B0105S8C92
item_B01DZKLOAQ	compatible_with	item_B01F8VL0UE
item_B00F3SJQ72	compatible_with	item_B01H7EO8VS
item_B00UCN848K	compatible_with	item_B017AP8R8O
item_B00BTKX412	compatible_with	item_B01DUQKRPI
item_B01081V7JS	compatible_with	item_B013IXB626
item_B0076RMYCW	compatible_with	item_B00QI58H88
item_B002WHY7QM	compatible_with	item_B0196YFE60
item_B017JTNSWG	compatible_with	item_B01DOMQSL0
item_B008SW4IRS	compatible_with	item_B017LZINE6
item_B00OW1WNIU	compatible_with	item_B00V5Y5V8G
item_B00P3ATW5G	compatible_with	item_B00TLRMWR2
item_B003I7YKBM	compatible_with	item_B00JULWE54
item_B00QGSJVZU	compatible_with	item_B01GPM4ZH0
item_B000PQGZTO	compatible_with	item_B013MK0GSU
item_B005GVM4XO	compatible_with	item_B016LJ4GBM
item_B00XWUD32W	compatible_with	item_B01H2J4W46
item_B000XEX8AW	compatible_with	item_B002JTXB06
item_B0039BE27Y	compatible_with	item_B00FEMK2V6
item_B01D61WJ08	compatible_with	item_B01DY0XWFW
item_B00CR3O4I2	compatible_with	item_B00ZE87NFS
item_B001F7PNX6	compatible_with	item_B00NASDGCI
item_B007W6JYNO	compatible_with	item_B00WH30N2I
item_B00PRA2WZO	compatible_with	item_B013MC5U2K
item_B00KO7WMXM	compatible_with	item_B01C4185AE
item_B00QGHN2GK	compatible_with	item_B016F1I0TU
item_B011I4PT98	compatible_with	item_B011LTPIQO
item_B00DMW4T8C	compatible_with	item_B00FGAOGOA
item_B002DYJPDE	compatible_with	item_B01DFU1RLC
item_B00024BM6A	compatible_with	item_B007KF1JZS
item_B00O91UBKA	compatible_with	item_B01CA2RYH2
item_B00F3SJQ72	compatible_with	item_B01CZTSJ4C
item_B00LE1C2V4	compatible_with	item_B01D3R4E08
item_B0195MQ7DW	compatible_with	item_B0198YXSUW
item_B00O72IPCC	compatible_with	item_B00RJ3TE5S
item_B00295MQLU	compatible_with	item_B00MOKGINW
item_B00DMW4T8C	compatible_with	item_B019DHQ39M
item_B008KKDLIU	compatible_with	item_B00PXSBGOI
item_B000G5TGCC	compatible_with	item_B00KRYL7CE
item_B008J0BM1E	compatible_with	item_B00XK6RUKY
item_B002DUCXVO	compatible_with	item_B002ZMHDKG
item_B000P50W6M	compatible_with	item_B00HIZKH7G
item_B00R8CTCF2	compatible_with	item_B00XKXI3J4
item_B00UI6P38U	compatible_with	item_B01FIU9WPK
item_B00KGEMW2O	compatible_with	item_B00ZOSL73W
item_B01GDKZWZ8	compatible_with	item_B01GO0VDQO
item_B00APXN95U	compatible_with	item_B016HLI4K8
item_B00PSO3YHY	compatible_with	item_B01FNUPOF2
item_B017V194DO	compatible_with	item_B019S3895C
item_B00FYEVN3A	compatible_with	item_B00Q4LZUW2
item_B00K8ABI8A	compatible_with	item_B00W108RD4
item_B00KRYL792	compatible_with	item_B014QJY2TK
item_B00L3VCFEE	compatible_with	item_B01H7EMBXK
item_B0198YXSUW	compatible_with	item_B01ES479IE
item_B008P7ZCK8	compatible_with	item_B00LZRGRA4
item_B00Q0BJIKG	compatible_with	item_B015SSQCO6
item_B014IH2XN2	compatible_with	item_B01890QD8K
item_B00295MQLU	compatible_with	item_B00I4GOTAO
item_B00Q8S7344	compatible_with	item_B00QXASI64
item_B00WKXQAQS	compatible_with	item_B016NBXHK4
item_B00FXPTQMA	compatible_with	item_B01A16XYT6
item_B010PX63GQ	compatible_with	item_B0129S227E
item_B00VVX1BKI	compatible_with	item_B0118XFD4A
item_B002DEZFTC	compatible_with	item_B00FR9LTPY
item_B00FYXFMKG	compatible_with	item_B00XWUD32W
item_B00PXSBC1U	compatible_with	item_B00SVFSXUK
item_B00PQSWORS	compatible_with	item_B01F8VL0UE
item_B00PV35L3M	compatible_with	item_B01ESQPHWW
item_B00DMW4T8C	compatible_with	item_B012SGXNU2
item_B0158T9BTI	compatible_with	item_B01H3EALMM
item_B0000ANHT7	compatible_with	item_B00HIZKH7G
item_B0072J71L8	compatible_with	item_B00G364OXE
item_B00VUE6IP6	compatible_with	item_B01DBGJDB6
item_B00ACIFHBM	compatible_with	item_B01BNSKPR0
item_B007WKFSBM	compatible_with	item_B00NJ873Q4
item_B01B3HP24W	compatible_with	item_B01D5Z67IU
item_B00CTSM8C4	compatible_with	item_B00PXSBC1U
item_B016QUKPC0	compatible_with	item_B01BBUIS0Q
item_B00T6H8UY6	compatible_with	item_B00X6OALDI
item_B00V84SHIE	compatible_with	item_B012OUSK4G
item_B00SUMGC5M	compatible_with	item_B01DGDLZYC
item_B00FXPRL5O	compatible_with	item_B00JAB2YHC
item_B004MMR492	compatible_with	item_B01BGWYFE2
item_B00V84SHIE	compatible_with	item_B01AULZQLQ
item_B00OLNBC72	compatible_with	item_B00WKKSI7U
item_B00FLXDYU4	compatible_with	item_B01AG9HYRG
item_B00H34M6IU	compatible_with	item_B00XKXHMD2
item_B019BS1Q1S	compatible_with	item_B01HH3X0YU
item_B013X04PDG	compatible_with	item_B01EFGF7KM
item_B013X04PDG	compatible_with	item_B017AP8R8O
item_B00ZUJ9Q8I	compatible_with	item_B01AVBLZCE
item_B00HS7PX3M	compatible_with	item_B01610O85K
item_B009W1HTP2	compatible_with	item_B00KKV2MW8
item_B016LJ4J7S	compatible_with	item_B01BLVDH6A
item_B000N4LIKY	compatible_with	item_B00V84SHIE
item_B00T4PBPHO	compatible_with	item_B00Z9T6XL2
item_B015SETLXE	compatible_with	item_B01H6YB182
item_B00CE5ZK0O	compatible_with	item_B00XKJ6ZUM
item_B00QGSJVZU	compatible_with	item_B00YE8HU0C
item_B00H7X3FMI	compatible_with	item_B00P53L9OI
item_B00N4OF8VU	compatible_with	item_B018I887MS
item_B00IUG67MG	compatible_with	item_B018MWBSBC
item_B0007RR5S6	compatible_with	item_B012P2FLA4
item_B000A2K55I	compatible_with	item_B00FXPRL5O
item_B00O05NLRK	compatible_with	item_B013SEP6FS
item_B0029DNPFI	compatible_with	item_B01DDDAAJ6
item_B00S568L9S	compatible_with	item_B00X6OALDI
item_B00NQJ5LAQ	compatible_with	item_B01FSUTF0W
item_B00XZATUN0	compatible_with	item_B01DLDSFAE
item_B006SRT0FU	compatible_with	item_B0091CC1OG
item_B0072J71L8	compatible_with	item_B0072JAMS2
item_B00GUBHBRS	compatible_with	item_B018XXIJ4Y
item_B004ARS6HS	compatible_with	item_B00B81I7HI
item_B00N4N2IGO	compatible_with	item_B00YQAC56W
item_B006BJFPWM	compatible_with	item_B008C7BVBA
item_B005VC2IAW	compatible_with	item_B01708CTGM
item_B007G9ABGG	compatible_with	item_B01CU3GN0A
item_B00K17LRYA	compatible_with	item_B011Q84WZS
item_B00I40CH2W	compatible_with	item_B00KBZOB40
item_B0019RS0IC	compatible_with	item_B006SFRMRU
item_B00ARH8C9M	compatible_with	item_B00FXPRL5O
item_B00BN3ES0G	compatible_with	item_B019MDWF76
item_B006TD8SQ0	compatible_with	item_B00CK0GNWM
item_B00D4N4SZ8	compatible_with	item_B014V0DUAQ
item_B002CNTSVA	compatible_with	item_B00CWYVS76
item_B013U7CANY	compatible_with	item_B017WSG1QY
item_B005UVTZEQ	compatible_with	item_B00IWD6KYC
item_B01BGWYFHE	compatible_with	item_B01ENOZYV8
item_B000OH0KH2	compatible_with	item_B01H143S5G
item_B00XKXI41Q	compatible_with	item_B010MC6D42
item_B0039LMTI8	compatible_with	item_B01H6DY7BQ
item_B00KIDBKXA	compatible_with	item_B00L50WE8U
item_B00K00U4IS	compatible_with	item_B01GK8UORO
item_B00VTTOGHE	compatible_with	item_B015C53ZSG
item_B00SAFDL4O	compatible_with	item_B01890QD8K
item_B00DQW559U	compatible_with	item_B00KOJYK44
item_B0149S3ZW8	compatible_with	item_B01FX3ZSWI
item_B00J3PPOYA	compatible_with	item_B016YRTP0S
item_B00Y3MH2X4	compatible_with	item_B0115KIWSA
item_B00WAA9XQK	compatible_with	item_B014XC8VXI
item_B00ACIGNMY	compatible_with	item_B00XWUD32W
item_B004I76686	compatible_with	item_B005CVTYZO
item_B00TIRMCDY	compatible_with	item_B016LJ4J7S
item_B00FEC2K34	compatible_with	item_B00ZJW09BO
item_B01CE7NX3C	compatible_with	item_B01DB4M7MA
item_B00E95996I	compatible_with	item_B00HFTA6VC
item_B0043VDI5Q	compatible_with	item_B00L15SGHW
item_B00S1GH4KY	compatible_with	item_B00ULZAECI
item_B004OVCZA4	compatible_with	item_B00B58FQ5K
item_B001T68IFS	compatible_with	item_B00KRYL792
item_B00O4DVFP8	compatible_with	item_B01BZ5P1ES
item_B011LTPIQO	compatible_with	item_B015TTI9V8
item_B00TXN22DI	compatible_with	item_B010O0YQDW
item_B00DMW4T8C	compatible_with	item_B01B8OK9SO
item_B000JJIET6	compatible_with	item_B006UCX3MO
item_B00FXPRJWO	compatible_with	item_B00SC1ABYO
item_B00TYP0HI2	compatible_with	item_B00XXDQ6TA
item_B01AMUSWSE	compatible_with	item_B01E61CD1C
item_B00OWV5TV8	compatible_with	item_B01C6GWDLY
item_B005DSLU9Y	compatible_with	item_B00NASDG7I
item_B004I764VA	compatible_with	item_B00TVDJ6OS
item_B00XWUD32W	compatible_with	item_B01G5VFJNU
item_B001T9O47G	compatible_with	item_B007KF1JZS
item_B00KB5QVNE	compatible_with	item_B016YKHX1S
item_B000WPGR46	compatible_with	item_B00412MS0S
item_B006YG78LI	compatible_with	item_B00FC1RTVA
item_B0089ZUVAW	compatible_with	item_B00VHVK4W0
item_B006SRSZR4	compatible_with	item_B00SQ92M0I
item_B00LCJP40E	compatible_with	item_B00UJ5TRGE
item_B00ARH8C9M	compatible_with	item_B015XF50MY
item_B00FX8YBKO	compatible_with	item_B00WHF3E6S
item_B008C7BVBA	compatible_with	item_B00HB4AQYI
item_B00O70UZ3Q	compatible_with	item_B00SKHTJY8
item_B000OVHWEW	compatible_with	item_B008PDHD72
item_B00V7Z8LI0	compatible_with	item_B016ROKUAM
item_B00P3AU1JM	compatible_with	item_B00QTM7L1E
item_B00EJXZE3W	compatible_with	item_B01C3ND116
item_B00XAPVD30	compatible_with	item_B00XWUD32W
item_B00VUV19D0	compatible_with	item_B017WWTSO2
item_B00I3HR7UI	compatible_with	item_B01G4RTNGE
item_B001B0X82K	compatible_with	item_B001B0Z8M8
item_B00BYWB6JM	compatible_with	item_B016OT9B8C
item_B00E5UHMI4	compatible_with	item_B018I887MS
item_B00H1GBHD0	compatible_with	item_B011LTPIQO
item_B00139IETG	compatible_with	item_B00BBW4OEY
item_B012P2FLA4	compatible_with	item_B017940WPM
item_B007IJ79KA	compatible_with	item_B00O5I1W3M
item_B002WHY7QM	compatible_with	item_B01BGWYFE2
item_B00H97DAFY	compatible_with	item_B00XXPMJKI
item_B001MBD93Q	compatible_with	item_B00B58FQ5K
item_B00C3EPMK4	compatible_with	item_B018MRRKR8
item_B00XXPMJKI	compatible_with	item_B01D8PHBVY
item_B017A1Q6UY	compatible_with	item_B01BU5AVK2
item_B00E1ZPCBC	compatible_with	item_B016YKHX1S
item_B00B58FQ5K	compatible_with	item_B014J3M380
item_B01B3ISSBK	compatible_with	item_B01B51QKD8
item_B00KRYL792	compatible_with	item_B00KUL9M94
item_B0018OOF6M	compatible_with	item_B00D7H5MWO
item_B00LF2RYG0	compatible_with	item_B00RYYHWTC
item_B00P6P9E60	compatible_with	item_B01E61CD1C
item_B00KRYL792	compatible_with	item_B015UAXSP8
item_B000BRETA4	compatible_with	item_B00ZUJ9Q8I
item_B00LE1C2V4	compatible_with	item_B017QRAL0S
item_B009OJFK94	compatible_with	item_B00DFLG3B6
item_B005V0WA4I	compatible_with	item_B00T24Q4P0
item_B008QZ1DNO	compatible_with	item_B00A0I8GLM
item_B0166BU7T0	compatible_with	item_B01ELTHI78
item_B00644OCDM	compatible_with	item_B00ECGIDUM
item_B0054423UM	compatible_with	item_B00FXPRJWO
item_B011LTPIQO	compatible_with	item_B01CVB5CAS
item_B00KYJ9J1I	compatible_with	item_B00URB54KI
item_B00LUHNSD8	compatible_with	item_B00MVWZZF0
item_B00HB2V680	compatible_with	item_B017V194DO
item_B007N1BVL6	compatible_with	item_B016HWCXHM
item_B004I76686	compatible_with	item_B01A7VLY60
item_B008XCLQSM	compatible_with	item_B00W676VLM
item_B000UZ7TH2	compatible_with	item_B01708CTGM
item_B0012N84YS	compatible_with	item_B007UUBJ8A
item_B0030DF838	compatible_with	item_B01DUQKRPI
item_B007BZ5CUA	compatible_with	item_B00G76C91E
item_B00PWXJLJG	compatible_with	item_B0131JMSCE
item_B00DMW4T8C	compatible_with	item_B01CTVMOYW
item_B019752N26	compatible_with	item_B01GK7FEP2
item_B000Q0OSFC	compatible_with	item_B019HHGR3K
item_B000A2KE90	compatible_with	item_B00FXPRJWO
item_B0166BU7T0	compatible_with	item_B01E8B50CE
item_B008UZKCA0	compatible_with	item_B008UZKQ0Q
item_B006VR9CNM	compatible_with	item_B00XKJ6ZUM
item_B01DBGJDB6	compatible_with	item_B01F8VL0UE
item_B0119HLNN0	compatible_with	item_B01GGR0ICU
item_B00OEF1SHG	compatible_with	item_B00XKXHMD2
item_B00Q5QLB06	compatible_with	item_B01E61CD1C
item_B0072J71L8	compatible_with	item_B00KL80646
item_B000BWLW68	compatible_with	item_B0012BPU3S
item_B00DWL85QA	compatible_with	item_B00NJ873Q4
item_B015SSQCO6	compatible_with	item_B016NHCDQC
item_B00LE1C2V4	compatible_with	item_B01H2CZJP4
item_B004I79ZC0	compatible_with	item_B00GUY6VAS
item_B00O4DOA64	compatible_with	item_B01A66VKYM
item_B00DMWH9YS	compatible_with	item_B00TATKMHS
item_B011F9JOX8	compatible_with	item_B01H6DY7BQ
item_B00JULWE54	compatible_with	item_B00WH4NXM4
item_B00EUA0PLA	compatible_with	item_B01FRGKIZI
item_B01711AFIM	compatible_with	item_B01890QD8K
item_B00XKXHMD2	compatible_with	item_B019HHGR3K
item_B00FBCCAR8	compatible_with	item_B00XXPNFME
item_B00EZORGXQ	compatible_with	item_B00ZUJ9Q8I
item_B001PTGJ4G	compatible_with	item_B00NHECBBW
item_B008O9DXPS	compatible_with	item_B00BQM755E
item_B0002TOZ1E	compatible_with	item_B003XDTBS8
item_B00QNAIJ4A	compatible_with	item_B01H7TXM2Y
item_B0009GI0P2	compatible_with	item_B00XKXHMD2
item_B0085TF7DS	compatible_with	item_B01B3Z6BPS
item_B00KYJ9J1I	compatible_with	item_B00NPKU05W
item_B00JBRB2IC	compatible_with	item_B01ETAKX44
item_B00O70UZ3Q	compatible_with	item_B01G280KAS
item_B00CNVX40W	compatible_with	item_B00D62452S
item_B00123TLBS	compatible_with	item_B00PXSBC1U
item_B00Z9T6XL2	compatible_with	item_B01AP40M7G
item_B00KG410BI	compatible_with	item_B018X7QW30
item_B017GD0S6O	compatible_with	item_B019IBMJKU
item_B012XZ5LBW	compatible_with	item_B01FVMHH0W
item_B00QGSJVZU	compatible_with	item_B01EMMB8D4
item_B00KXOJGH6	compatible_with	item_B019X2NGF6
item_B00XLMLPVC	compatible_with	item_B01BGG4LRY
item_B00S9X7ZFI	compatible_with	item_B019HHGR3K
item_B0051NGFQY	compatible_with	item_B00XKXHMD2
item_B00FN4V3CW	compatible_with	item_B00OBE0QRI
item_B002M62RI8	compatible_with	item_B01HH3X0YU
item_B000AY9NIG	compatible_with	item_B007WPNNCS
item_B00N0SAWRA	compatible_with	item_B012XZ5LBW
item_B00YEDH53Y	compatible_with	item_B01BBUIS0Q
item_B00EVRF7DI	compatible_with	item_B00H9AQ5VM
item_B00UKXF3M2	compatible_with	item_B01D410A2O
item_B014MCFM4K	compatible_with	item_B01FYQAL8K
item_B012P2FLA4	compatible_with	item_B01B7H802Y
item_B009EVMCCA	compatible_with	item_B00K0WMCPO
item_B001PBEOKU	compatible_with	item_B015SSQCO6
item_B00O0TOYKE	compatible_with	item_B01GKQIGQM
item_B003MAEV28	compatible_with	item_B011APW2IG
item_B0000865SC	compatible_with	item_B000IYSDKW
item_B00R4TJJOS	compatible_with	item_B014IH2XN2
item_B012FRQDD8	compatible_with	item_B018VCGEFS
item_B00GN3O2EI	compatible_with	item_B00V84SHIE
item_B00KDXSPWE	compatible_with	item_B00N4N2IGO
item_B00295MQLU	compatible_with	item_B00TEU8S60
item_B00V84SHIE	compatible_with	item_B0132JEAZ6
item_B00XH7HO52	compatible_with	item_B00XKXI3WG
item_B00097E7R6	compatible_with	item_B0042LYXAQ
item_B00DZI0D1U	compatible_with	item_B00VHVK4W0
item_B01DZTW9O2	compatible_with	item_B01H30LCP6
item_B006L1MP50	compatible_with	item_B01EJ0VI02
item_B0007WZZYC	compatible_with	item_B00FXPRJWO
item_B00FXPRL5O	compatible_with	item_B019QVWNHG
item_B00O70UZ3Q	compatible_with	item_B00S568L9S
item_B006SRSZR4	compatible_with	item_B00CBAOC4W
item_B000Q62W9A	compatible_with	item_B00KUJFSGM
item_B00CKXTIXA	compatible_with	item_B00DMW4T8C
item_B00H34MA8G	compatible_with	item_B00XKXHMD2
item_B00WGR902E	compatible_with	item_B01AP40M26
item_B008PR653Q	compatible_with	item_B00P3AU1JM
item_B008TUUOSG	compatible_with	item_B00CR4EHZG
item_B00WW0F7WW	compatible_with	item_B01AA2LPD8
item_B005MXHQXO	compatible_with	item_B00XWUD32W
item_B00B5MJA4E	compatible_with	item_B00N2LV1PC
item_B0031DMVTG	compatible_with	item_B00Q4LZUW2
item_B01EB1EN06	compatible_with	item_B01H143S5G
item_B014H3DGFQ	compatible_with	item_B01H6DY7BQ
item_B00505DW2I	compatible_with	item_B00MQJUHII
item_B00EUHXP0Q	compatible_with	item_B00NASDGCI
item_B00RYM14QQ	compatible_with	item_B01H3EALMM
item_B00ZUJ9Q8I	compatible_with	item_B014BE3Z7A
item_B00LU6YJZK	compatible_with	item_B00NJ873Q4
item_B003EZVN5E	compatible_with	item_B01AK98V6A
item_B01B3HP24W	compatible_with	item_B01DLVZTPK
item_B00KZT5X26	compatible_with	item_B00UF7XUTG
item_B000783XAE	compatible_with	item_B00Z5OMBTO
item_B00CLQS03U	compatible_with	item_B00E9TLO8A
item_B001LNCAPS	compatible_with	item_B00QNAIJ4A
item_B008VL8AW0	compatible_with	item_B013NGSC1G
item_B005GV9AEU	compatible_with	item_B01A7VLY60
item_B014X123AG	compatible_with	item_B017WSG1QY
item_B001G2UDXK	compatible_with	item_B00FCHSLBG
item_B00JULWE54	compatible_with	item_B018WRRWTE
item_B015H4F5HQ	compatible_with	item_B01DQBO88E
item_B01B3HP24W	compatible_with	item_B01FYKJC7C
item_B00CYNB8VQ	compatible_with	item_B01E61CD1C
item_B0094M3JNA	compatible_with	item_B015H4F5HQ
item_B00VTV5NRE	compatible_with	item_B01FUMB2U4
item_B00N4CERZ0	compatible_with	item_B00XKXI2D6
item_B016OPXG6O	compatible_with	item_B01D410A2O
item_B00P20CKQ0	compatible_with	item_B01H6YB182
item_B00FPS8FHW	compatible_with	item_B00O72IPCC
item_B00AJHRQSI	compatible_with	item_B00PUE1JVA
item_B00E6U8ZJ8	compatible_with	item_B01DJAYGPW
item_B00CRJOWHO	compatible_with	item_B01DAR2CI2
item_B01AXHI5YC	compatible_with	item_B01CTPAFFI
item_B019MYQJTK	compatible_with	item_B01DB4M7MA
item_B00JWSMQNA	compatible_with	item_B00NE4YJVK
item_B00B81I7HI	compatible_with	item_B00CAXQV3K
item_B00GOMDGOA	compatible_with	item_B019PE3C4W
item_B000BWLW68	compatible_with	item_B00B58FQ5K
item_B00SLDSYL0	compatible_with	item_B00VTTOGHE
item_B017HVXK74	compatible_with	item_B01EUPDDPY
item_B00S9X9RAO	compatible_with	item_B00XKXHMD2
item_B00KBZOB40	compatible_with	item_B013C6JCWA
item_B01GDY9Z0M	compatible_with	item_B01H4QD0VS
item_B00NV61C48	compatible_with	item_B00V6P6KAM
item_B008FV74N2	compatible_with	item_B00EVLTJN8
item_B00X92M01I	compatible_with	item_B01890QD8K
item_B00JRBZF7G	compatible_with	item_B01CGWXY84
item_B01A9RP7WY	compatible_with	item_B01F3TSUF4
item_B000BVZR24	compatible_with	item_B00Z5OMBTO
item_B00V348T5A	compatible_with	item_B01GO0VDQO
item_B00O5I1W3M	compatible_with	item_B00X6Y2F0U
item_B00NJLA6OC	compatible_with	item_B018QI2L1I
item_B01ELBHQL4	compatible_with	item_B01F324FMI
item_B00GZIKS62	compatible_with	item_B00HNLTDQ6
item_B004SW9OBM	compatible_with	item_B00NJ873Q4
item_B00HQ3CPFC	compatible_with	item_B01H3EALMM
item_B00FLXDYU4	compatible_with	item_B01CH320UA
item_B004I79ZC0	compatible_with	item_B005GPKRJ8
item_B00LE1C2V4	compatible_with	item_B01A5E9F4M
item_B00NJ873Q4	compatible_with	item_B0142KPC0Q
item_B015ERXOKG	compatible_with	item_B01H7EMBXK
item_B00QSKF0HO	compatible_with	item_B00XWUD32W
item_B007NLXCJK	compatible_with	item_B00JDTRD9U
item_B00505DW2I	compatible_with	item_B0150WLXZS
item_B0065ECGKM	compatible_with	item_B01BI7BTR6
item_B004I7BKZ0	compatible_with	item_B01A7VLY60
item_B000WLPWAK	compatible_with	item_B00F4NIGJU
item_B01DQIQ4L6	compatible_with	item_B01GO0VDQO
item_B003NE515O	compatible_with	item_B01DJP6MTA
item_B001PD0X5S	compatible_with	item_B0045EPNIG
item_B01BU5AVK2	compatible_with	item_B01BU5U3K0
item_B000KK0NUW	compatible_with	item_B00HIZKH7G
item_B00XJRV14U	compatible_with	item_B014SU3LLW
item_B00P1U4GLS	compatible_with	item_B016OT9B8C
item_B00QNAIJ4A	compatible_with	item_B00XNEVUY0
item_B00GHH13QA	compatible_with	item_B00VYR3O2E
item_B00XJRWCBG	compatible_with	item_B013SEP6FS
item_B00IT3CO86	compatible_with	item_B012HS9O6I
item_B00XKXHMD2	compatible_with	item_B01FRBTOUS
item_B005GQ0WCY	compatible_with	item_B00XXPMJKI
item_B0009MZXX8	compatible_with	item_B01BU5AVK2
item_B00IIJ81NI	compatible_with	item_B00IIJ9P56
item_B018JABMHW	compatible_with	item_B01AP40M26
item_B00K39W8XK	compatible_with	item_B00XKXHMD2
item_B010USSWOC	compatible_with	item_B01EWATLX0
item_B005TOHX0M	compatible_with	item_B00HTAT6Y0
item_B00M0Y5B1W	compatible_with	item_B012UOSYQK
item_B00PGZPDME	compatible_with	item_B017G4TMD8
item_B0009UL0RI	compatible_with	item_B00YQLH4K8
item_B00KULCWBE	compatible_with	item_B00XWUD32W
item_B007GB9V9M	compatible_with	item_B01DB9WT4Q
item_B008QZ1DNO	compatible_with	item_B01AXUEIZO
item_B00O368VYE	compatible_with	item_B00ZUJ9Q8I
item_B00B58FQ5K	compatible_with	item_B01DB9WT4Q
item_B008IXGA0A	compatible_with	item_B00KXU16SW
item_B015PQ56EI	compatible_with	item_B01CU3GN0A
item_B0000WL1Q0	compatible_with	item_B00FXPRIPC
item_B004ZWHEEE	compatible_with	item_B01DDDAAJ6
item_B005M9J70I	compatible_with	item_B00V84SHIE
item_B000MXLYVY	compatible_with	item_B01F324FMI
item_B00FBPUNJC	compatible_with	item_B00LE1C2V4
item_B00C45ZGOE	compatible_with	item_B00KZT5X26
item_B000A38III	compatible_with	item_B01A16XYT6
item_B005L9E3LC	compatible_with	item_B00Y1F4498
item_B004DSWPIU	compatible_with	item_B00FNR2FOY
item_B00IKUTS5U	compatible_with	item_B01FIHDXDA
item_B00JULWJLI	compatible_with	item_B00XKXHMD2
item_B00TC5VYFO	compatible_with	item_B01B3ISSBK
item_B00E41TPE8	compatible_with	item_B00SMPMKGM
item_B00KR7H914	compatible_with	item_B00N2LV1PC
item_B00FXPRL5O	compatible_with	item_B00Y47KA82
item_B004CRTYZE	compatible_with	item_B00FLXDYU4
item_B00O18AXLI	compatible_with	item_B01DC91AQ8
item_B00ACIFHBM	compatible_with	item_B018A60C44
item_B00DGN7PLK	compatible_with	item_B00MUUYGK8
item_B00ACIFP5U	compatible_with	item_B00MP27T6E
item_B011NYQA8C	compatible_with	item_B01B3ISSBK
item_B001C4W27M	compatible_with	item_B019MDWF76
item_B00M20E91M	compatible_with	item_B00RDDTATO
item_B005SKJ60M	compatible_with	item_B005V0WA4I
item_B01BEY31M4	compatible_with	item_B01GO0VDQO
item_B00WHF3E6S	compatible_with	item_B013OUQBBE
item_B001I15G4K	compatible_with	item_B00695TB5A
item_B00U5TFBTG	compatible_with	item_B01DUQKRPI
item_B00B9MABIO	compatible_with	item_B00VZVU4RC
item_B00CID8LVC	compatible_with	item_B01CU3GN0A
item_B00UCN848K	compatible_with	item_B01DBGJDYI
item_B00R4TJJOS	compatible_with	item_B014JMK0PO
item_B008LKGDWK	compatible_with	item_B00XKXHMD2
item_B00APXN95U	compatible_with	item_B00D69PIGS
item_B000ELGJTQ	compatible_with	item_B018MRRKR8
item_B006SFRJ7S	compatible_with	item_B00LQKWZUG
item_B00IELAW28	compatible_with	item_B00JULWE54
item_B004TNF2Q6	compatible_with	item_B009EVMCCA
item_B01AP40M26	compatible_with	item_B01DZKLOAQ
item_B007R8T4M8	compatible_with	item_B00YQLH4K8
item_B000OE624A	compatible_with	item_B00B58FQ5K
item_B001E95JKM	compatible_with	item_B00PXSBC1U
item_B00LE1C2V4	compatible_with	item_B01DDG7GT0
item_B014MCFM4K	compatible_with	item_B0154F6T64
item_B0000VC1R4	compatible_with	item_B00FXPRIPC
item_B000N8Q4PY	compatible_with	item_B00ARCWZZE
item_B00DHFAZ5A	compatible_with	item_B01H143S5G
item_B00NB3ZXR8	compatible_with	item_B012ZS8CKO
item_B00DQV44WU	compatible_with	item_B00E0G6IIS
item_B00RH2BF30	compatible_with	item_B019PWQO4E
item_B00CQMLCAC	compatible_with	item_B00HRNU3B4
item_B00CL8M7FU	compatible_with	item_B00MOVQRFU
item_B005F28HJ4	compatible_with	item_B00FXPRL5O
item_B00377T3NS	compatible_with	item_B0064YY0D4
item_B00841VNZI	compatible_with	item_B011LTPIQO
item_B00C81DFJ2	compatible_with	item_B01DDDAAJ6
item_B000G252CI	compatible_with	item_B001MBD93Q
item_B00V3N6T08	compatible_with	item_B00V84SHIE
item_B0093KV9LM	compatible_with	item_B00DVFWFKE
item_B000B8P7Y0	compatible_with	item_B00XKXI3WG
item_B00LPQXVFE	compatible_with	item_B00TGBFGQM
item_B000XB2LXA	compatible_with	item_B004I79ZC0
item_B00QGSJVZU	compatible_with	item_B00SOFR0G0
item_B00GUBHBRS	compatible_with	item_B019C7RXIS
item_B00KKDZ2I2	compatible_with	item_B01DUQKRPI
item_B00GJ9DSYQ	compatible_with	item_B015SSQCO6
item_B00HJK2QWO	compatible_with	item_B01EOAPILW
item_B00J86KC1O	compatible_with	item_B01E2DKX66
item_B006JMK4MW	compatible_with	item_B011354XDU
item_B018AEAS18	compatible_with	item_B019IBMJKU
item_B00QGSJVZU	compatible_with	item_B01F675P0Q
item_B00JC2YXFK	compatible_with	item_B00JG3EMLK
item_B00E45F28W	compatible_with	item_B00W5070JW
item_B000A38BNK	compatible_with	item_B00ACIFH8U
item_B007JDBZM8	compatible_with	item_B00Q4LZUW2
item_B003C2KSLY	compatible_with	item_B00XKXHMD2
item_B00QTASQ88	compatible_with	item_B019PWQO4E
item_B00HK3RQ7A	compatible_with	item_B01BEMGH6S
item_B014RPJG3U	compatible_with	item_B01B3HP24W
item_B00ULZAECI	compatible_with	item_B019HMHAW2
item_B009L5IWDC	compatible_with	item_B015I875J2
item_B004B39YHM	compatible_with	item_B0091CC1OG
item_B003LRIDP8	compatible_with	item_B00XH0MUEO
item_B01EJLSWSC	compatible_with	item_B01FX3ZSWI
item_B0070Z8910	compatible_with	item_B00SZ665YQ
item_B015SSQCO6	compatible_with	item_B019XJW772
item_B0091XSG7G	compatible_with	item_B017MSNUM2
item_B0064YY0D4	compatible_with	item_B00WQ7HY2M
item_B007646YXU	compatible_with	item_B00XWUD32W
item_B00LO0L7TI	compatible_with	item_B019752N26
item_B006ZS7IEC	compatible_with	item_B00V84SHIE
item_B00Q4LZUW2	compatible_with	item_B01H6ZRSW4
item_B00ACIFH8U	compatible_with	item_B00PXSBC1U
item_B00IJHIX3M	compatible_with	item_B01FQWMFKO
item_B01F8VL0UE	compatible_with	item_B01G280KAS
item_B00WGR902E	compatible_with	item_B01ESQPHWW
item_B006JMK4MW	compatible_with	item_B011354WXG
item_B006SFRJ7S	compatible_with	item_B00GW952Q0
item_B005LWIAV8	compatible_with	item_B010V5E7JI
item_B00I1AEAS4	compatible_with	item_B01DUQKRPI
item_B00FXPRJWO	compatible_with	item_B00IXANE0M
item_B00FLXDYU4	compatible_with	item_B016S44TFS
item_B00O70UZ3Q	compatible_with	item_B01GAC67JE
item_B00EFFXG5W	compatible_with	item_B019X2NGF6
item_B00K730Z00	compatible_with	item_B01CNNTDD6
item_B00HR9JUGW	compatible_with	item_B01DB4M7MA
item_B00VYR3O2E	compatible_with	item_B019X2NGF6
item_B00SQ92M0I	compatible_with	item_B019X2NGF6
item_B005KN2GQI	compatible_with	item_B014YUV2D0
item_B00CM7KJMS	compatible_with	item_B011LTPIQO
item_B0000WL1Q0	compatible_with	item_B00FXPRJWO
item_B000HQ6T5W	compatible_with	item_B00XKXHMD2
item_B00XKSI06U	compatible_with	item_B00YXTMS90
item_B0143D7EE4	compatible_with	item_B014GOZX2U
item_B00KW4LTV8	compatible_with	item_B01AD3DLB8
item_B004I764VA	compatible_with	item_B005GV9I7Y
item_B009WQJVGM	compatible_with	item_B01A16XYT6
item_B00EQFHIKK	compatible_with	item_B00XXPMJKI
item_B00ZJ6ZZ2I	compatible_with	item_B01B3ISSBK
item_B0072J71L8	compatible_with	item_B00N4N2IGO
item_B000XEX8AW	compatible_with	item_B00CBMTUCO
item_B00JC2YXFK	compatible_with	item_B00JWV6IJK
item_B00SJSRTIG	compatible_with	item_B01AMKUIJA
item_B012P2FLA4	compatible_with	item_B01DIUSLYA
item_B018SRR0N6	compatible_with	item_B01DNPZRNI
item_B00DLW8CRC	compatible_with	item_B00JV5BXOW
item_B000BKDUHY	compatible_with	item_B00XKXI2D6
item_B016MGXWWS	compatible_with	item_B01FQS7RSS
item_B00FXAI1OO	compatible_with	item_B00O72IPCC
item_B00MA91MGU	compatible_with	item_B01F4BCFMU
item_B0050GDL8M	compatible_with	item_B00F6PEQ7M
item_B00S8Q5TQS	compatible_with	item_B01DIZKC56
item_B000CEM5ZC	compatible_with	item_B00B81I4IU
item_B015G271TY	compatible_with	item_B01FQS7RSS
item_B00ACIGNMY	compatible_with	item_B00B81I4IU
item_B009WQJV1M	compatible_with	item_B01A16XYT6
item_B00KRYL7CE	compatible_with	item_B01G4OIVPG
item_B000EYBHMC	compatible_with	item_B0057X87FK
item_B01BGWYFHE	compatible_with	item_B01CYQKNT0
item_B00MJU0E6E	compatible_with	item_B01GDMJ91O
item_B004LL9FGY	compatible_with	item_B00EVLTJN8
item_B00MQJUHII	compatible_with	item_B01EH14W24
item_B002STJ8XG	compatible_with	item_B01DDDAAJ6
item_B00R07ZJ6Q	compatible_with	item_B013SEP6FS
item_B00505DPQG	compatible_with	item_B00H7KZ6X2
item_B00NJ873Q4	compatible_with	item_B01B5DLDMO
item_B017USRY3U	compatible_with	item_B0198YXSUW
item_B003NX87TW	compatible_with	item_B004Z5CJ46
item_B007D4L1JA	compatible_with	item_B01FWON974
item_B01DLC1DJK	compatible_with	item_B01H143S5G
item_B00553XM7K	compatible_with	item_B00ULZAECI
item_B00KXU16SW	compatible_with	item_B00R3ZNW6E
item_B014XC8VXI	compatible_with	item_B016YZOGWM
item_B000YD4XTM	compatible_with	item_B00O2UCPBQ
item_B00GBVNW3O	compatible_with	item_B00WW6YJG6
item_B000CEO88Y	compatible_with	item_B00PXSBGOI
item_B00HOA8WK4	compatible_with	item_B01B3ISSBK
item_B00E8BQ89O	compatible_with	item_B00L5E0QTU
item_B00KIDBKXA	compatible_with	item_B00XKXHMD2
item_B001FD9Y8A	compatible_with	item_B01DZNJ6AI
item_B00QXV788M	compatible_with	item_B014P4RTEQ
item_B00GDFHQMG	compatible_with	item_B00XWUD32W
item_B01ANF3I1E	compatible_with	item_B01H3EALTK
item_B000H16HWW	compatible_with	item_B00XWUD32W
item_B00BT957VS	compatible_with	item_B00DVFWFKE
item_B01AP40M7G	compatible_with	item_B01F9XUV6A
item_B00ELJ2E4G	compatible_with	item_B01B3ISSBK
item_B01CQBQNQ0	compatible_with	item_B01E2DKX66
item_B00MZ84PEW	compatible_with	item_B00V84SHIE
item_B00W9E8FOI	compatible_with	item_B01H58FMMK
item_B001B9WAKW	compatible_with	item_B00KBZO8WK
item_B014RZJ36K	compatible_with	item_B01D9QYF7A
item_B00HFA919E	compatible_with	item_B013NJ72P0
item_B00BJ8RCAI	compatible_with	item_B00O1FG0P4
item_B0072J71L8	compatible_with	item_B01FTSSMKC
item_B0072IHTPW	compatible_with	item_B0163CUN96
item_B00NQJ5LAQ	compatible_with	item_B00Z6D23PG
item_B000UZ7TH2	compatible_with	item_B0085TF7DS
item_B0031U0P7Y	compatible_with	item_B0085TF7DS
item_B000E9BOZ2	compatible_with	item_B001I15G4K
item_B00V0G98FQ	compatible_with	item_B013RMMWMG
item_B00X8WTXUA	compatible_with	item_B012UOSYQK
item_B00KBZOB40	compatible_with	item_B01D1JJ2N2
item_B00SCD1JH0	compatible_with	item_B01H3CSYOQ
item_B00GO2AG7U	compatible_with	item_B01EH14W24
item_B013X04PDG	compatible_with	item_B01AP40M26
item_B00K0XOR3I	compatible_with	item_B00LPQXVFE
item_B00NQJ5LAQ	compatible_with	item_B01CFF026Y
item_B0094TVAJI	compatible_with	item_B00KYYNLM6
item_B0050SPCMI	compatible_with	item_B005GK97MG
item_B00MTFXF60	compatible_with	item_B016LJ4GBM
item_B00SXY6H66	compatible_with	item_B00VLIW7SS
item_B0077DYUFO	compatible_with	item_B0156GCLD6
item_B00ZXYYKE0	compatible_with	item_B01C4185AE
item_B00ZGQG78W	compatible_with	item_B01CU3GN0A
item_B00APXN95U	compatible_with	item_B00SXK17KG
item_B00KYJ9J1I	compatible_with	item_B01DZUSF62
item_B00U0XQF7E	compatible_with	item_B015SSQCO6
item_B0018OHRRG	compatible_with	item_B00PXSBBJI
item_B00NE4YJVK	compatible_with	item_B01017R946
item_B00DVFWFKE	compatible_with	item_B01A6Q3VUS
item_B001D05ZJ2	compatible_with	item_B01DUQKRPI
item_B000UVO9YW	compatible_with	item_B00APXN95U
item_B00PXSBC1U	compatible_with	item_B00ZH6SQA8
item_B00CAD7VVQ	compatible_with	item_B00CC4XRTI
item_B00GTJIHME	compatible_with	item_B00PU9QMZI
item_B0176HNWFE	compatible_with	item_B0185GOM2M
item_B00TXN22DI	compatible_with	item_B01BHOSLNA
item_B00HTAT6Y0	compatible_with	item_B01CG1D1Y2
item_B01CU2LVHQ	compatible_with	item_B01DX7KSZ8
item_B00ENGL5A6	compatible_with	item_B00ESJ18X2
item_B0085K3554	compatible_with	item_B011LTPIQO
item_B00XWUB1XK	compatible_with	item_B01B3ISSBK
item_B00Y3UHMQ8	compatible_with	item_B019IBMJKU
item_B00NBMMRXC	compatible_with	item_B00XZ3EF0U
item_B0054TJKTO	compatible_with	item_B00ARH8CPG
item_B000WLPWAK	compatible_with	item_B0084020T2
item_B00IA8P0J0	compatible_with	item_B011LTPIQO
item_B00NFYPDKK	compatible_with	item_B00WHF3E6S
item_B00HQ96WOQ	compatible_with	item_B01FRGKIZI
item_B00AQXLRXA	compatible_with	item_B00PXSBMG0
item_B00K83TC8A	compatible_with	item_B00LL6QE7U
item_B00ATMQ26A	compatible_with	item_B01CRRWCEU
item_B00RAYKDRO	compatible_with	item_B01DBGJDYI
item_B00U8EPA9O	compatible_with	item_B00ZUJ9Q8I
item_B015YQERX0	compatible_with	item_B01D22Q10A
item_B01GJ1UCLU	compatible_with	item_B01HAH59Q0
item_B004R8PRCM	compatible_with	item_B00XXPNFME
item_B012C31IRG	compatible_with	item_B01GGR0ICU
item_B004ARUZJU	compatible_with	item_B00KBZOB40
item_B00QNANDNM	compatible_with	item_B00W13TCUS
item_B00LE1C2V4	compatible_with	item_B01G7TXXBU
item_B00GUXHPA4	compatible_with	item_B00JULWE54
item_B000P50WSK	compatible_with	item_B00XWUD32W
item_B001BR6910	compatible_with	item_B00DVFWFKE
item_B000WLPWAK	compatible_with	item_B008X25VO2
item_B00YVXPLUG	compatible_with	item_B01H43GVK8
item_B010RZW974	compatible_with	item_B015SSQCO6
item_B00FXPRJWO	compatible_with	item_B00IUM6FAY
item_B00D076MXE	compatible_with	item_B00NY7WTYG
item_B003SKFPZE	compatible_with	item_B00FXPRJWO
item_B005A0XE3U	compatible_with	item_B00SJ6840K
item_B00PUHRE5W	compatible_with	item_B019IBMJKU
item_B007CU8J7W	compatible_with	item_B007E66OPI
item_B01AXHI5YC	compatible_with	item_B01DQCBV3S
item_B00VUE6IP6	compatible_with	item_B01DBGJDYI
item_B004I766BS	compatible_with	item_B01EJICPH4
item_B001E0BNC4	compatible_with	item_B012XOO8UI
item_B00NQJ5LAQ	compatible_with	item_B01BG1GABE
item_B00LE1C2V4	compatible_with	item_B01H4VRDW0
item_B00GUBHBRS	compatible_with	item_B01GHN76Z0
item_B016YKHX86	compatible_with	item_B0170ACSNY
item_B00S9R0D94	compatible_with	item_B016YRTP0S
item_B001FG1AM0	compatible_with	item_B00PXSBBJI
item_B013E0HGEA	compatible_with	item_B015WQLZ78
item_B018SRR0N6	compatible_with	item_B018T298VM
item_B0012N84YS	compatible_with	item_B001AX6AKA
item_B00K00U4IS	compatible_with	item_B00UJ5TRGE
item_B003S29RY2	compatible_with	item_B01ATQM6JC
item_B0198YXSUW	compatible_with	item_B01H5OWPLU
item_B00DP7PZ32	compatible_with	item_B00N2DQKDI
item_B000G5WH8W	compatible_with	item_B00D076MXE
item_B00JXE2L6U	compatible_with	item_B017MHDG1S
item_B00X6FKXGW	compatible_with	item_B013OVICL0
item_B0043N28BO	compatible_with	item_B00APXN95U
item_B00091SRXW	compatible_with	item_B00PXSBBJI
item_B00827RP4M	compatible_with	item_B00ULZAECI
item_B001EH9RMU	compatible_with	item_B00FNR2FOY
item_B0056JJM6I	compatible_with	item_B00Q4LZUW2
item_B00IOMTJJ4	compatible_with	item_B00KOJYK44
item_B018I887MS	compatible_with	item_B01CR9HR3O
item_B00GJ6NTDE	compatible_with	item_B00XWUD32W
item_B00K00UN66	compatible_with	item_B00LCJP40E
item_B0143D7EE4	compatible_with	item_B01DCWPS68
item_B00NQJ5LAQ	compatible_with	item_B01FREM52E
item_B00EOK39UK	compatible_with	item_B00P53L9OI
item_B00BV765X2	compatible_with	item_B00Q4LZUW2
item_B00XS6P1QG	compatible_with	item_B00Z9T6XL2
item_B00AQ3ZQEG	compatible_with	item_B00Q4LZUW2
item_B00HRNU3B4	compatible_with	item_B014IYNMAS
item_B00ARY9BQ8	compatible_with	item_B01DDDAAJ6
item_B00DZPAIDQ	compatible_with	item_B016LJ4J7S
item_B00063AJ84	compatible_with	item_B00DVFWFKE
item_B00JWURVRY	compatible_with	item_B00UV7J2HE
item_B00ADCB7C0	compatible_with	item_B00O72IPCC
item_B00CAXRE6I	compatible_with	item_B00XWUD32W
item_B00B6E7IHW	compatible_with	item_B00XKXHMD2
item_B00DVDG76O	compatible_with	item_B00XKXHMD2
item_B00EPODI3S	compatible_with	item_B01A9I7X8Y
item_B018MRRKR8	compatible_with	item_B01BZJP6JE
item_B00801Q8P2	compatible_with	item_B00PEITEIM
item_B01E6LEN6U	compatible_with	item_B01H143S5G
item_B00CD4W892	compatible_with	item_B01CZP40JY
item_B003DZ0BMG	compatible_with	item_B008X25S6S
item_B00LEUC15C	compatible_with	item_B018X7QW30
item_B00K6006ZI	compatible_with	item_B00TJ1XZFS
item_B000LXO78W	compatible_with	item_B00HRNU3B4
item_B00HRNU3B4	compatible_with	item_B015DET3PK
item_B004ARVDIM	compatible_with	item_B00XBBAV2C
item_B00594TU5I	compatible_with	item_B016LJ4GBM
item_B019X2NGF6	compatible_with	item_B01CH9ZQ7S
item_B010PX63GQ	compatible_with	item_B01DI3Z3MK
item_B00CSAGLTE	compatible_with	item_B019752N26
item_B00J0VCU26	compatible_with	item_B00XWUD32W
item_B00QNAIJ4A	compatible_with	item_B018DLUYU8
item_B00F4NCTV6	compatible_with	item_B01F324FMI
item_B000LUU6T4	compatible_with	item_B003ZW561S
item_B00QGSJVZU	compatible_with	item_B00QK44QA0
item_B005GV4DJM	compatible_with	item_B016LJ4GBM
item_B004SW9NC2	compatible_with	item_B00FXPRL5O
item_B00WQL9VEW	compatible_with	item_B017LQGXVA
item_B00DNJFGF4	compatible_with	item_B017WNY1FC
item_B00JWMLITE	compatible_with	item_B00WHF3E6S
item_B00BVC7XMY	compatible_with	item_B00LZDHKUE
item_B016APT54K	compatible_with	item_B01942W59S
item_B004I766BS	compatible_with	item_B01B51QMXQ
item_B00I1AF9AW	compatible_with	item_B00JULWJLI
item_B00MP27T6E	compatible_with	item_B00XWUD32W
item_B00BNGZTPG	compatible_with	item_B00GJ9LCOE
item_B016LJ4TDM	compatible_with	item_B01B3ISSBK
item_B0009GCTLS	compatible_with	item_B00HIZKH7G
item_B00VJ0T4ZM	compatible_with	item_B017V194DO
item_B00M20E91M	compatible_with	item_B01B3ISSBK
item_B001NS9G2G	compatible_with	item_B00SMJHB6C
item_B00P0VIAQ0	compatible_with	item_B018I887MS
item_B0058YTPO0	compatible_with	item_B00SMJHB6C
item_B0042LD0BE	compatible_with	item_B00S0YA5GM
item_B00FFKL0LS	compatible_with	item_B00MOTRPP8
item_B00B58FQ5K	compatible_with	item_B00N7ROK7M
item_B00CLE5D8W	compatible_with	item_B00NJ873Q4
item_B01EJNFSJQ	compatible_with	item_B01GO0VDQO
item_B0000WL7QO	compatible_with	item_B00FXPRL5O
item_B00NQJ5LAQ	compatible_with	item_B01EHHRITM
item_B00UWTDKZQ	compatible_with	item_B01CQQVV7Q
item_B015E0NH28	compatible_with	item_B019752N26
item_B011WWD6KA	compatible_with	item_B01CN3WM8E
item_B00H5EWV42	compatible_with	item_B00NJ873Q4
item_B00IUCDV7E	compatible_with	item_B00P3AUGJ2
item_B00VS4B1VY	compatible_with	item_B01CU3GN0A
item_B004D1MO2O	compatible_with	item_B00D076MXE
item_B00LC0IRYI	compatible_with	item_B00LKW2RQC
item_B00F2LMN8E	compatible_with	item_B00MX2DS0W
item_B0064BL882	compatible_with	item_B00J5QNMPA
item_B014V0DUAQ	compatible_with	item_B01E8RAJQU
item_B00KMW2AZO	compatible_with	item_B00XKXHMD2
item_B011LTPIQO	compatible_with	item_B0186TD7OM
item_B000VH2UAK	compatible_with	item_B019X2NGF6
item_B01711AFIM	compatible_with	item_B01AP40M7G
item_B00F2K1UM0	compatible_with	item_B00NQJ5LAQ
item_B00TBTDE68	compatible_with	item_B014Y8R8UI
item_B004K3YTG4	compatible_with	item_B00IMB1DAA
item_B00JULWE54	compatible_with	item_B00XVDVOWQ
item_B0114LMSZI	compatible_with	item_B01633WYOW
item_B013MLTA5O	compatible_with	item_B01H3CSYOQ
item_B011LTPIQO	compatible_with	item_B01CFC2HZQ
item_B019DFQ83A	compatible_with	item_B01GDVN510
item_B00DQYRA1Y	compatible_with	item_B00NJ873Q4
item_B00HFA919E	compatible_with	item_B01C942XDQ
item_B00XXPNFME	compatible_with	item_B01DDDISB8
item_B012U2WXQ4	compatible_with	item_B016ROKUAM
item_B0012BPU3S	compatible_with	item_B00BRDBCMO
item_B007R8T4M8	compatible_with	item_B00T9DKNBK
item_B00U00Z2CG	compatible_with	item_B01BMO15OC
item_B00BYNL95C	compatible_with	item_B00V84SHIE
item_B00FGCJZZS	compatible_with	item_B012XWIH66
item_B01ESQPHWW	compatible_with	item_B01F0OR8JG
item_B00FXRLW2A	compatible_with	item_B00O72IPCC
item_B015XAI0FI	compatible_with	item_B01CR580CU
item_B009GWZF6M	compatible_with	item_B00NAK3MB6
item_B00JC2YXFK	compatible_with	item_B00JPSU4KY
item_B0105SJ1WY	compatible_with	item_B01AYQY8RU
item_B003BSL33G	compatible_with	item_B006SFRKP4
item_B009T1R6HG	compatible_with	item_B01FXIMHT0
item_B00ACIFLBI	compatible_with	item_B00ACIG3ZG
item_B00O806EBW	compatible_with	item_B01519NUTM
item_B00842PFGA	compatible_with	item_B00UAD74VA
item_B00JC2YXFK	compatible_with	item_B00JWURWXC
item_B00V84SHIE	compatible_with	item_B013WBFK6M
item_B0037NBGUK	compatible_with	item_B01DDDAAJ6
item_B00KGI2N88	compatible_with	item_B00NQJ5LAQ
item_B000798IGC	compatible_with	item_B00FNR2FOY
item_B003MAEV28	compatible_with	item_B00J5QNMPA
item_B014CXSNZ4	compatible_with	item_B01GYJZF1E
item_B00SKM27UQ	compatible_with	item_B00XKXHMD2
item_B00880YOKQ	compatible_with	item_B00FXPRJWO
item_B00028AVDG	compatible_with	item_B00JULWJLI
item_B00LE1C2V4	compatible_with	item_B00ULA8K0Q
item_B00M20E91M	compatible_with	item_B01CNIKR04
item_B008Y8UYEC	compatible_with	item_B01F324FMI
item_B01CHB9NSY	compatible_with	item_B01H52FZ1Y
item_B00VUE6IP6	compatible_with	item_B00Z9T6XL2
item_B01H439EC0	compatible_with	item_B01H439QI2
item_B001BZ411C	compatible_with	item_B017OJFPS6
item_B0064YY0D4	compatible_with	item_B01A032YXC
item_B00KRYL792	compatible_with	item_B0170ADE7I
item_B00BH3PZ1S	compatible_with	item_B00XKXHMD2
item_B00D2YURSG	compatible_with	item_B00MM13FEI
item_B00VTV6GWK	compatible_with	item_B018CS8UIA
item_B00O70UZ3Q	compatible_with	item_B01C8PLLSO
item_B00K17LRYA	compatible_with	item_B00PZ30MKU
item_B00CD4W892	compatible_with	item_B00ZY5O69W
item_B00KYV02PI	compatible_with	item_B01DS6GZYM
item_B00PXSBBJI	compatible_with	item_B01BHFHKR2
item_B003EEMI7M	compatible_with	item_B017OBFK9I
item_B00QXASI64	compatible_with	item_B018LFWB02
item_B01DUQKRPI	compatible_with	item_B01G6C55R8
item_B00KXU16SW	compatible_with	item_B01E8ZQL0K
item_B001HQRA1I	compatible_with	item_B00NE4YJVK
item_B00196SJIE	compatible_with	item_B01DBD0VX8
item_B00X9HIFIA	compatible_with	item_B01ETTTP94
item_B00KGE2ZBM	compatible_with	item_B00V84SHIE
item_B01AYQY8RU	compatible_with	item_B01BJ9U78A
item_B015TM6VC4	compatible_with	item_B01B3HP24W
item_B00ZFE1H12	compatible_with	item_B01GYJZF1E
item_B0007PAZY4	compatible_with	item_B018MRRKR8
item_B005GQBJ3K	compatible_with	item_B00XKXI3J4
item_B00R3YXBG6	compatible_with	item_B00XKXHMD2
item_B00U0U5FKA	compatible_with	item_B00WH30N2I
item_B0154O0XBW	compatible_with	item_B01H6YB182
item_B0156JONRU	compatible_with	item_B016YRTP0S
item_B000TGPR4O	compatible_with	item_B0011RL2OY
item_B00CBE1S6I	compatible_with	item_B00IUM8J94
item_B00HWF7I2Y	compatible_with	item_B00KUL9M94
item_B0155BC222	compatible_with	item_B019407BLC
item_B00ODEIB1O	compatible_with	item_B014XC8VXI
item_B00MBJG0QQ	compatible_with	item_B011LTPIQO
item_B00Y9MH16G	compatible_with	item_B01AN5QFD2
item_B00DMW4T8C	compatible_with	item_B00EFJIB3A
item_B00CBE1N86	compatible_with	item_B00FRFA2NS
item_B00JKUM9IW	compatible_with	item_B00KBZOB40
item_B000G35AU6	compatible_with	item_B00XKXHMD2
item_B00W9E8FOI	compatible_with	item_B01ER3TI5S
item_B01EBBPW10	compatible_with	item_B01H143S5G
item_B00NQJ5LAQ	compatible_with	item_B019GG7PFG
item_B00FYEY7FQ	compatible_with	item_B00XKXI3J4
item_B007O3TIS6	compatible_with	item_B00DVFWFKE
item_B005DTTQ3A	compatible_with	item_B00X9HIFIA
item_B00HAV9RNS	compatible_with	item_B00LE1C2V4
item_B000FXW2Y4	compatible_with	item_B00FXPRJWO
item_B008X26P9C	compatible_with	item_B016YKHX1S
item_B0009GAO2O	compatible_with	item_B00IWM0KUI
item_B00BBAB9TY	compatible_with	item_B017V194DO
item_B00N4N2IGO	compatible_with	item_B00YVXPLUG
item_B003WYGX0M	compatible_with	item_B00XKXI3WG
item_B00K022TX4	compatible_with	item_B00NASDG7I
item_B00VTH4W5M	compatible_with	item_B01A6NED1M
item_B000783PIE	compatible_with	item_B00PXSBBJI
item_B00B1H2BTE	compatible_with	item_B00XKXI2D6
item_B002NC0N96	compatible_with	item_B00Q4LZUW2
item_B0032G5ATU	compatible_with	item_B012XOO8UI
item_B0126V4NHG	compatible_with	item_B01EHU2SLC
item_B00QXV788M	compatible_with	item_B01FIQMT18
item_B00B8Y226C	compatible_with	item_B0127MH6UA
item_B002XG79LC	compatible_with	item_B019IZ43PK
item_B00MOU7FF2	compatible_with	item_B014W2L03C
item_B004ARPLHG	compatible_with	item_B006SRSZOW
item_B018SRR0N6	compatible_with	item_B01C2A1JDC
item_B008YWF7OU	compatible_with	item_B00ZUJ9Q8I
item_B009EVMCCA	compatible_with	item_B00MJNLL4U
item_B00MCW803S	compatible_with	item_B00XKXHMD2
item_B00V84SHIE	compatible_with	item_B016S442X2
item_B00O2UCPBQ	compatible_with	item_B01AW32JQ2
item_B0115HTFC0	compatible_with	item_B01B5DLG7G
item_B009UV614E	compatible_with	item_B00AEA0O4S
item_B008QZ0GF0	compatible_with	item_B00CYR53OK
item_B00AHXIC96	compatible_with	item_B01GKHKBX2
item_B00F3SJQ72	compatible_with	item_B00Y4LLW26
item_B005GVDDU2	compatible_with	item_B015G5SQ4A
item_B00PXSBBJI	compatible_with	item_B00PXTBKIE
item_B00DQVTLJ6	compatible_with	item_B01C3ND116
item_B0064YY0D4	compatible_with	item_B00N9T7TCG
item_B00G0N779I	compatible_with	item_B00XKXHMD2
item_B016LJ4GBM	compatible_with	item_B01B3IT1NY
item_B00VJ0T4ZM	compatible_with	item_B00XKSI06U
item_B001LFXZPU	compatible_with	item_B00PXSBMG0
item_B003RX5N90	compatible_with	item_B00F3SJQ72
item_B00KRYL7CE	compatible_with	item_B019YAY9ZS
item_B00B4YUTHA	compatible_with	item_B00XKXHMD2
item_B00FXPRJWO	compatible_with	item_B00MY5UEZK
item_B00F6GSCRG	compatible_with	item_B01H43Z5GY
item_B0031U0QBE	compatible_with	item_B003OQTYRC
item_B00DMW4T8C	compatible_with	item_B00NNMFE76
item_B00KRYL7CE	compatible_with	item_B01H3CSYOQ
item_B0081KTPZC	compatible_with	item_B01A9RP7WY
item_B00L3ESYXC	compatible_with	item_B00NE4YB36
item_B0198YXSUW	compatible_with	item_B01B58MVA2
item_B00JBXO0EO	compatible_with	item_B01H439QI2
item_B00JC2YXFK	compatible_with	item_B00VT1H39K
item_B017HXXSYM	compatible_with	item_B01GH8PF3A
item_B008VCUM66	compatible_with	item_B01E2DKX66
item_B016PMVL5Y	compatible_with	item_B01HH3X0YU
item_B000VG3CEE	compatible_with	item_B001I15G4K
item_B0001YRYOK	compatible_with	item_B00JULWOOK
item_B008Q1MAH6	compatible_with	item_B00XKXHMD2
item_B01C4185AE	compatible_with	item_B01H0YB6BU
item_B00Q4LZUW2	compatible_with	item_B0124UBAPM
item_B00FCHSLBG	compatible_with	item_B00XKXHMD2
item_B008L5F1LY	compatible_with	item_B00B58FQ5K
item_B00C3ENR38	compatible_with	item_B00F3SJQ72
item_B003JBJ6LQ	compatible_with	item_B008X25S6S
item_B00B58FQ5K	compatible_with	item_B00KWMJ9F8
item_B010LSULOA	compatible_with	item_B01E61CD1C
item_B00AJD4GYO	compatible_with	item_B00NHECBBW
item_B013X04PDG	compatible_with	item_B015C53ZSG
item_B002081BQM	compatible_with	item_B016LJ4GBM
item_B00C9PH836	compatible_with	item_B00JBXO0EO
item_B005SN5I6A	compatible_with	item_B00ACIFHBM
item_B017OEW7DC	compatible_with	item_B01E6C5YUI
item_B00B58FQ5K	compatible_with	item_B01CYYWFR0
item_B00SMJHB9Y	compatible_with	item_B00V9TZIQM
item_B0065ECGKM	compatible_with	item_B00P7PCL3M
item_B01F8VL0UE	compatible_with	item_B01FNFZ0DS
item_B01762MD0E	compatible_with	item_B0182G7G3M
item_B00FLXDYU4	compatible_with	item_B01CIGI03M
item_B00KBZOB40	compatible_with	item_B00ZGE9N1W
item_B00JC2YXFK	compatible_with	item_B00W19MKF6
item_B00JULWE54	compatible_with	item_B00RDCDVUE
item_B001URL218	compatible_with	item_B00NJ873Q4
item_B00GHH13QA	compatible_with	item_B00V68YWN6
item_B007AK1MPU	compatible_with	item_B016HEU4E4
item_B00B58QJLK	compatible_with	item_B00JULWE54
item_B001J5PJ6A	compatible_with	item_B01E2DKX66
item_B000783UXO	compatible_with	item_B019HHGR3K
item_B00Q4LZUW2	compatible_with	item_B01B58J7MC
item_B00ZWWGEFQ	compatible_with	item_B015H4F5HQ
item_B004UUE67E	compatible_with	item_B00CG0J24M
item_B004LKZ6B8	compatible_with	item_B00EYPWYM4
item_B00YEDR4LM	compatible_with	item_B01149UVPO
item_B00I04GJO4	compatible_with	item_B00XKXI2D6
item_B00YANSNYI	compatible_with	item_B011LTPIQO
item_B00GWY1QFQ	compatible_with	item_B00L5E0QTU
item_B00B58FQ5K	compatible_with	item_B00TIWZCN6
item_B00T0VSOUS	compatible_with	item_B016YRTP0S
item_B000783NRW	compatible_with	item_B00PXSBBJI
item_B007D40I4Y	compatible_with	item_B01H3EALTK
item_B01DDO1OOK	compatible_with	item_B01E207RX6
item_B00JQRQDSQ	compatible_with	item_B00ZUJ9Q8I
item_B008YWF7OU	compatible_with	item_B01DET03C8
item_B00WWMUD3S	compatible_with	item_B017ULEI9U
item_B00P19QE7S	compatible_with	item_B00V3IJCWA
item_B00OHVS3YI	compatible_with	item_B00UEQ8QCE
item_B000QU5NVU	compatible_with	item_B00NASDG7I
item_B00UFMDXRK	compatible_with	item_B01DR117FA
item_B00CAXQV3K	compatible_with	item_B00IO9JCY4
item_B0131JRPBS	compatible_with	item_B0152R74K4
item_B00B58FQ5K	compatible_with	item_B00UL74O4K
item_B015IXY3K6	compatible_with	item_B01HH97AHC
item_B00HY571AQ	compatible_with	item_B00K17LRYA
item_B00FDXSNVM	compatible_with	item_B00JC2YXFK
item_B005ANR5C8	compatible_with	item_B00ZUJ9Q8I
item_B002EWU9XU	compatible_with	item_B01610O85K
item_B018I887MS	compatible_with	item_B01CW6WYLC
item_B0018OOF6M	compatible_with	item_B005ZX8XWO
item_B00GNM0RVQ	compatible_with	item_B016OO008W
item_B015H4F5HQ	compatible_with	item_B01FNI4WMU
item_B001PTGMB6	compatible_with	item_B00XLV4AQU
item_B0196YFEUG	compatible_with	item_B01ETOQRFO
item_B00IMWRJWA	compatible_with	item_B01CQLSH28
item_B00QNAIJ4A	compatible_with	item_B00RE2VZHE
item_B00JDTRD9U	compatible_with	item_B00Y3I641E
item_B00139IETG	compatible_with	item_B003TETTK6
item_B00LCJP40E	compatible_with	item_B01CIYSFM0
item_B0062OP1VG	compatible_with	item_B00MGLMHHK
item_B00BJOGW4E	compatible_with	item_B00TKH7YD0
item_B00BGGP6FG	compatible_with	item_B00KO7WMXM
item_B0007TLSEQ	compatible_with	item_B00V84SHIE
item_B005W1BY6Q	compatible_with	item_B00XKXHMD2
item_B019T14PGA	compatible_with	item_B01DZWNBGY
item_B00UXES4HY	compatible_with	item_B00WKKSI7U
item_B017U8NDAI	compatible_with	item_B01GO0VDQO
item_B00JDTRD9U	compatible_with	item_B01DTOHXMG
item_B00DAQMTL4	compatible_with	item_B00TJEGDHM
item_B006SFRJ7S	compatible_with	item_B01GIKJCSG
item_B019RCVDKW	compatible_with	item_B01FCYA2TW
item_B00LZDHKUE	compatible_with	item_B00NXBRFHO
item_B009O2W74W	compatible_with	item_B00A9YJU7G
item_B001B0Z8M8	compatible_with	item_B006SFRJ7S
item_B00APXN95U	compatible_with	item_B00I9EM0IE
item_B018QC4HHU	compatible_with	item_B01BV0P7K0
item_B002G9UGT8	compatible_with	item_B01C38QJGK
item_B01C4185AE	compatible_with	item_B01C4TKUHC
item_B00AJHRQSI	compatible_with	item_B00M11QZOQ
item_B00CSAWPLW	compatible_with	item_B00WKKSI7U
item_B004ZWH9UI	compatible_with	item_B00C81DFJ2
item_B00PJIWLTG	compatible_with	item_B019Z4I70G
item_B00FXPRJWO	compatible_with	item_B00FZLCA98
item_B00UO0XCQ0	compatible_with	item_B01B17Q62G
item_B00U27QAH8	compatible_with	item_B019S38C2C
item_B00SE6Z42Q	compatible_with	item_B01CA2RYH2
item_B0017SKHCU	compatible_with	item_B00CBE1S6I
item_B013QTGDYI	compatible_with	item_B01AP40M26
item_B00E95996I	compatible_with	item_B00NL4CM12
item_B01BUIEF1K	compatible_with	item_B01GI5ENRG
item_B00K4VBU2W	compatible_with	item_B00XKJ6ZUM
item_B01D410A2O	compatible_with	item_B01F8NA4EU
item_B00Y9MH16G	compatible_with	item_B01AFSVUY6
item_B00NNLP48Q	compatible_with	item_B01BY59MJE
item_B00QXV788M	compatible_with	item_B01DLC1DJK
item_B016A5VW4Q	compatible_with	item_B01DCK4SW0
item_B00MPXF6K4	compatible_with	item_B019YNHJ1Q
item_B00SWVM1J2	compatible_with	item_B00WV1V7RG
item_B00MMRONGG	compatible_with	item_B0156GCLD6
item_B00YXE2FVQ	compatible_with	item_B01H6DY7BQ
item_B00XBBAV2C	compatible_with	item_B01FWOMBPU
item_B001B9XI3A	compatible_with	item_B013E087AM
item_B0073F25E4	compatible_with	item_B01DDDAAJ6
item_B006ZVQYA8	compatible_with	item_B01306NM6O
item_B00APXN95U	compatible_with	item_B01DUQKRPI
item_B00325MSWI	compatible_with	item_B00KBZO8WK
item_B00GRNJL4U	compatible_with	item_B00SMJHB9Y
item_B00CQIFQA8	compatible_with	item_B01FUEVA54
item_B00KCXQ3N8	compatible_with	item_B01DTOHXMG
item_B00NJ873Q4	compatible_with	item_B01EFH2JK2
item_B00GSNXZKA	compatible_with	item_B00NHECBBW
item_B00DVFWFKE	compatible_with	item_B01DIUCO7A
item_B0013UOJ9O	compatible_with	item_B00ACIFH8U
item_B002TSA0AQ	compatible_with	item_B0047D40OS
item_B017UT0YRW	compatible_with	item_B01E0FPAAK
item_B00NE4YJVK	compatible_with	item_B012M786AE
item_B003B28I2Q	compatible_with	item_B00W9E8FOI
item_B00BF8D7WO	compatible_with	item_B019407BLC
item_B00FRLKOLM	compatible_with	item_B00IUHK8MA
item_B01BFAY9DM	compatible_with	item_B01BFAYSY2
item_B005GV9E3C	compatible_with	item_B01FUMB2U4
item_B0097YJDBW	compatible_with	item_B00X7ZC2J2
item_B00NGZ4SD6	compatible_with	item_B00NSF70KM
item_B00BJOHGN0	compatible_with	item_B00TKH7YD0
item_B0038JA1VS	compatible_with	item_B01DB9WT4Q
item_B003VZDVAW	compatible_with	item_B016YKHX86
item_B00NJ873Q4	compatible_with	item_B01H3EALMM
item_B005J3CMG8	compatible_with	item_B012P2FLA4
item_B00505DPSO	compatible_with	item_B00H9B9CMK
item_B00W9E8FOI	compatible_with	item_B01FD7PF72
item_B003B2SVHS	compatible_with	item_B00SMJHB9Y
item_B004EKWB0E	compatible_with	item_B008C7BVBA
item_B00MY0EWNK	compatible_with	item_B00O72IPCC
item_B002JE1IU6	compatible_with	item_B00ACIFHBM
item_B00PAM8Z7S	compatible_with	item_B016UK7Y0M
item_B00P0CHMYA	compatible_with	item_B00SUMGC5M
item_B013W7M3XE	compatible_with	item_B014ESHJM0
item_B00XN53BRI	compatible_with	item_B017GD0S6O
item_B00BG0B0KM	compatible_with	item_B017NT2314
item_B000M520WY	compatible_with	item_B0073E4X3Q
item_B001B9AET6	compatible_with	item_B018I887MS
item_B00092MFUC	compatible_with	item_B007CU8J7W
item_B00BXNO3GU	compatible_with	item_B00KBZO8WA
item_B00V84SHIE	compatible_with	item_B01CGWHHNC
item_B001NODU5E	compatible_with	item_B00OIWIEDG
item_B00EAYTUE4	compatible_with	item_B00XKXHMD2
item_B0000TW8UG	compatible_with	item_B01A16XYT6
item_B01FSK41BU	compatible_with	item_B01H3CSYOQ
item_B00BZ5TFN2	compatible_with	item_B00CYR53OK
item_B006Z8H1NK	compatible_with	item_B00S0HGLXK
item_B000A38ENM	compatible_with	item_B000BWLW68
item_B00AZHQM5U	compatible_with	item_B00Y9MH16G
item_B00K00U4IS	compatible_with	item_B01CIYSGA6
item_B00022JN04	compatible_with	item_B000798IGC
item_B00DH9OSRM	compatible_with	item_B00S2WR9QQ
item_B00VTV5NRE	compatible_with	item_B016LJ4GBM
item_B00FXPRJWO	compatible_with	item_B00L19S7UE
item_B002YCHHL2	compatible_with	item_B01H30LCP6
item_B007WZTJ9O	compatible_with	item_B00XXPMJKI
item_B000J05K9M	compatible_with	item_B00ACIFHBM
item_B00V64VFSK	compatible_with	item_B012V8CPJC
item_B01F4LKU36	compatible_with	item_B01F4Q6NS2
item_B000QWGYW0	compatible_with	item_B00M297DPC
item_B0012OJR2A	compatible_with	item_B00FEMK2V6
item_B00V2Z992W	compatible_with	item_B018YLSIWI
item_B00N9GB3SU	compatible_with	item_B01H7EMBXK
item_B00AJHRQSI	compatible_with	item_B013FACD0Q
item_B00U83KYLO	compatible_with	item_B01GGR0ICU
item_B01DNXEXYO	compatible_with	item_B01EHU2SLC
item_B007P89GQO	compatible_with	item_B00HRNU3B4
item_B00L5E0QTU	compatible_with	item_B01GPL8CO8
item_B008YWF7OU	compatible_with	item_B00QNCYZOQ
item_B00MQ9TBWG	compatible_with	item_B00ZAIILVC
item_B000FVARLQ	compatible_with	item_B00XKXHMD2
item_B00O4DWD90	compatible_with	item_B01BZ5V4K8
item_B00UCJ9OAG	compatible_with	item_B00UCKCMR2
item_B007021NLQ	compatible_with	item_B011LTPIQO
item_B008QZ1DNO	compatible_with	item_B00TG4WKGS
item_B00193MFLY	compatible_with	item_B00ACIFHBM
item_B00CQIFQA8	compatible_with	item_B01EHU2SLC
item_B005A8D94G	compatible_with	item_B00NASDG7I
item_B007BZ5CUA	compatible_with	item_B00MAPW3N0
item_B00LE1C2V4	compatible_with	item_B01H4M3PGC
item_B00K83TN7U	compatible_with	item_B00KQTJNKI
item_B00W9E8FOI	compatible_with	item_B01H6YB182
item_B00FGCJZZS	compatible_with	item_B00HK1DHR0
item_B0057X87FK	compatible_with	item_B00XKXHMD2
item_B00F9IGIKO	compatible_with	item_B01EZ6U888
item_B00FXPRL5O	compatible_with	item_B00KWKLA4I
item_B00FJJ4BPM	compatible_with	item_B015KBM056
item_B0169VPD6E	compatible_with	item_B01FUMB2U4
item_B00HWFCL8U	compatible_with	item_B00KRYL7CE
item_B007P5F1SE	compatible_with	item_B01DDDAAJ6
item_B0085TF7DS	compatible_with	item_B00AERKFZY
item_B017V1AJ42	compatible_with	item_B019S38JJI
item_B001HO5ZJE	compatible_with	item_B00GI153TS
item_B0018OOF6M	compatible_with	item_B005UF9O6G
item_B01CCTSR2O	compatible_with	item_B01HCUODWG
item_B00W2ZF858	compatible_with	item_B01GO0VDQO
item_B00HIILFPG	compatible_with	item_B018FB2UJE
item_B0051D8H56	compatible_with	item_B00FLXDYU4
item_B00F3SJQ72	compatible_with	item_B015SNG1VA
item_B0143JJWYI	compatible_with	item_B019HHGR3K
item_B00SSYV11C	compatible_with	item_B01BFVDS7Y
item_B00X6CYBGI	compatible_with	item_B013W7M3XE
item_B00RDHU8GY	compatible_with	item_B018MRRKR8
item_B00YCE69FK	compatible_with	item_B014Q9QPG8
item_B019ARG85E	compatible_with	item_B01C9RELYM
item_B004DT1044	compatible_with	item_B00FNR2FOY
item_B000A38ENM	compatible_with	item_B019HHGR3K
item_B000SKI752	compatible_with	item_B00XWUD32W
item_B00LXW0BNA	compatible_with	item_B01E2DKX66
item_B0051D7SWO	compatible_with	item_B00V84SHIE
item_B00ESJF02W	compatible_with	item_B00YTXMBNI
item_B00063SOXG	compatible_with	item_B018MRRKR8
item_B015CBQ3ZW	compatible_with	item_B01AEUQZJK
item_B00FLXDYU4	compatible_with	item_B00JZ1RLKW
item_B003VRK1XU	compatible_with	item_B00OD9ZAH2
item_B00WW6YJG6	compatible_with	item_B016AROWE6
item_B00JC2YXFK	compatible_with	item_B013JXE9MY
item_B00JULWE54	compatible_with	item_B00WR4WDX4
item_B005DSMQY2	compatible_with	item_B01DDDAAJ6
item_B01B3HP24W	compatible_with	item_B01FJ3CRY4
item_B008X25QJM	compatible_with	item_B008X25S9U
item_B00APXN95U	compatible_with	item_B014EYXTFK
item_B013X04PDG	compatible_with	item_B014JMK0PO
item_B008L56TGU	compatible_with	item_B00Q4LZUW2
item_B00OIWIEDG	compatible_with	item_B01G0M5NX0
item_B01CU3GN0A	compatible_with	item_B01EG6PL52
item_B00WQFE5ZI	compatible_with	item_B016A5VW4Q
item_B00LU0SFW4	compatible_with	item_B016YKHX86
item_B00FNR2FOY	compatible_with	item_B01FN16TC8
item_B00OXPXT4W	compatible_with	item_B01H6DY7BQ
item_B00XKXI3J4	compatible_with	item_B01B48NSOG
item_B00V84SHIE	compatible_with	item_B01641CV9G
item_B010EAL7M0	compatible_with	item_B01BZ5V4K8
item_B00LE1C2V4	compatible_with	item_B00NFYPDKK
item_B005DIJTHY	compatible_with	item_B00XKXHMD2
item_B0008EOJBE	compatible_with	item_B01DTY57Q0
item_B001KVZ0UI	compatible_with	item_B00APXN95U
item_B00N71VEQI	compatible_with	item_B0118XFD4A
item_B004CK739A	compatible_with	item_B019X2NGF6
item_B01ESQPHWW	compatible_with	item_B01F0YU16I
item_B00A9RD91G	compatible_with	item_B00O72IPCC
item_B017V0WZZE	compatible_with	item_B01H43Z5GY
item_B00UWM0II0	compatible_with	item_B01AA2LPD8
item_B00UCN848K	compatible_with	item_B01DZKLOAQ
item_B00A219DM8	compatible_with	item_B01F324FMI
item_B016YKHXL8	compatible_with	item_B01ES47ILW
item_B007CU8J7W	compatible_with	item_B01G32GFES
item_B00NBSPHHY	compatible_with	item_B0145W6908
item_B00XKXI41Q	compatible_with	item_B00XKY84LK
item_B00RBBDUG2	compatible_with	item_B01F4BCFMU
item_B00ZXYYKE0	compatible_with	item_B01AA2LPD8
item_B00JHA2DS6	compatible_with	item_B016LJ4GBM
item_B0080DKZYK	compatible_with	item_B00COB27ZE
item_B014H6R622	compatible_with	item_B016F1I0TU
item_B00RV8GSDW	compatible_with	item_B0166BU7T0
item_B019I9KOYA	compatible_with	item_B01B3HP24W
item_B004SWX15M	compatible_with	item_B016LJ4GBM
item_B01DQNMPT6	compatible_with	item_B01GO0VDQO
item_B00B58FQ5K	compatible_with	item_B01C4U016G
item_B00DMW4T8C	compatible_with	item_B015RLNJCM
item_B011LTPIQO	compatible_with	item_B01C07ELN2
item_B00IV4BRGS	compatible_with	item_B00Q4LZUW2
item_B00MHJ9EQS	compatible_with	item_B01G0M5NX0
item_B00NE4YJVK	compatible_with	item_B01FD7PF72
item_B001MBD93Q	compatible_with	item_B00MQEW470
item_B00YCGXZ2I	compatible_with	item_B01DDDAAJ6
item_B00F3SJQ72	compatible_with	item_B00R5RK6ZU
item_B00NE4YJVK	compatible_with	item_B01B8CCWB8
item_B00LE1C2V4	compatible_with	item_B01ET0FM3Q
item_B018VAONRG	compatible_with	item_B019S3895C
item_B0002ZI6X6	compatible_with	item_B0009UL0RI
item_B00LHZFOSA	compatible_with	item_B00N4N2IGO
item_B00N2DQKDI	compatible_with	item_B011Q84WZS
item_B001F9UG6S	compatible_with	item_B01D29BBO4
item_B00S29HS9W	compatible_with	item_B01E37SQ2O
item_B00LUGOZ7M	compatible_with	item_B01H43Z5GY
item_B0002MCQZS	compatible_with	item_B00NJ873Q4
item_B00UYCGTAY	compatible_with	item_B00VM3DOAC
item_B00NG5JEAI	compatible_with	item_B00X1CDIQM
item_B0000WL0NY	compatible_with	item_B00FXPRJWO
item_B00ACIFHBM	compatible_with	item_B00XWUD32W
item_B0065ECGKM	compatible_with	item_B0170ACXF2
item_B00YST0ZWW	compatible_with	item_B019S38JJI
item_B0028HJ7PM	compatible_with	item_B00X9HIFIA
item_B00MW258CE	compatible_with	item_B00SZ0A4H6
item_B00028AZ6E	compatible_with	item_B00JULWJLI
item_B00GSNHM22	compatible_with	item_B019IBMJKU
item_B0085TF7DS	compatible_with	item_B00QDHHF48
item_B001PTGNJW	compatible_with	item_B00NASDGCI
item_B00EYZFG9W	compatible_with	item_B00QXMQ2JW
item_B00YOBUKHE	compatible_with	item_B01615AOI0
item_B004R13N0M	compatible_with	item_B017OEW7DC
item_B00AXIUDIS	compatible_with	item_B00XKXI3WG
item_B00M43R1KI	compatible_with	item_B01BU5AVK2
item_B015SSQCO6	compatible_with	item_B019NOBHWI
item_B006SFRKP4	compatible_with	item_B0189QHWSE
item_B017AG2RQG	compatible_with	item_B01EFNBNDU
item_B00YEUVMQI	compatible_with	item_B01HH3X0YU
item_B003JH8RVK	compatible_with	item_B00DVFWFKE
item_B00KGE2ZBM	compatible_with	item_B00VK20YQW
item_B01CU3GN0A	compatible_with	item_B01F3H959G
item_B00RNT8SUA	compatible_with	item_B019752N26
item_B00133IJ88	compatible_with	item_B0085TF7DS
item_B00295MQLU	compatible_with	item_B01A6EL21U
item_B00L5E0QTU	compatible_with	item_B00LFE8O1W
item_B00D2TSZ12	compatible_with	item_B00WV1V7RG
item_B00ACIFHBM	compatible_with	item_B00W9YVU36
item_B0169EX0U2	compatible_with	item_B01FQWN080
item_B00VY2HMKE	compatible_with	item_B016JHEA3K
item_B0183JQ0L2	compatible_with	item_B01B3HP24W
item_B0062OP2G0	compatible_with	item_B00O2UCPBQ
item_B00505DPSO	compatible_with	item_B00H2TDICY
item_B008WOMB6W	compatible_with	item_B00F3SJQ72
item_B01FTHPX2I	compatible_with	item_B01GO0VDQO
item_B00K5DFB24	compatible_with	item_B00ZUJ9Q8I
item_B0043VDHYS	compatible_with	item_B00GBDHF58
item_B0001YRY8Q	compatible_with	item_B00JULWE54
item_B00OL3GI94	compatible_with	item_B019IBMJKU
item_B0132LBONA	compatible_with	item_B01E2DKX66
item_B008KASABI	compatible_with	item_B00F3SJQ72
item_B00WHF3E6S	compatible_with	item_B00YHXSMLU
item_B00RFHM7V6	compatible_with	item_B01EOFAQH8
item_B016YKHXL8	compatible_with	item_B01A9EUO6Q
item_B009I3M13O	compatible_with	item_B00G71LRDA
item_B006HT1KFC	compatible_with	item_B016PWILXY
item_B012353SO4	compatible_with	item_B016E9SS4A
item_B000XEIZLO	compatible_with	item_B00FXPRL5O
item_B001MBD93Q	compatible_with	item_B0035LCPPO
item_B00AJS4OIM	compatible_with	item_B0193RHNOG
item_B01EWX95QA	compatible_with	item_B01EY0672Q
item_B013F4GPD8	compatible_with	item_B01B3ISSBK
item_B0069TE7XW	compatible_with	item_B00S1MXNL2
item_B0147AKAHG	compatible_with	item_B01CU3GN0A
item_B010H0WS70	compatible_with	item_B01HH3X0YU
item_B00GUZRWDW	compatible_with	item_B00KBZOB40
item_B00B58FQ5K	compatible_with	item_B01ATQ29S0
item_B014IH2XN2	compatible_with	item_B01AP40M7G
item_B00DMWH2KY	compatible_with	item_B00DMWH8LC
item_B000GKWAAC	compatible_with	item_B00H2SPZPI
item_B0061JN4IE	compatible_with	item_B017V194DO
item_B00FEC2K34	compatible_with	item_B00HHKSSTG
item_B000OH0KH2	compatible_with	item_B0065ECGKM
item_B00ACIFLBI	compatible_with	item_B00W57WWL6
item_B00UD8DHTU	compatible_with	item_B018MRRKR8
item_B01EHTAWHA	compatible_with	item_B01EN4KVOI
item_B006SFRJ7S	compatible_with	item_B00GYZYHPO
item_B00XXPMJKI	compatible_with	item_B011J66KB6
item_B00HVT0AVC	compatible_with	item_B00J0RD736
item_B00G364OXE	compatible_with	item_B0192BK6I8
item_B000851IA8	compatible_with	item_B00139IETG
item_B00TXN22DI	compatible_with	item_B0159K6T00
item_B00CWVE9KM	compatible_with	item_B011LTPIQO
item_B00LE1C2V4	compatible_with	item_B00S3I9VGK
item_B003XFUZG8	compatible_with	item_B006SFRKP4
item_B008J0BM1E	compatible_with	item_B01CNNTDD6
item_B0000VC1R4	compatible_with	item_B00XKXHMD2
item_B00E1PXOOE	compatible_with	item_B01CU3GN0A
item_B00BRCFH5I	compatible_with	item_B00XWUD32W
item_B01BUK11S8	compatible_with	item_B01HGX50S0
item_B00FNR2FOY	compatible_with	item_B00KYOGTWU
item_B0083LPKV2	compatible_with	item_B00XZ3EF0U
item_B01CXPBSGE	compatible_with	item_B01GCH9PF0
item_B00RE2VZHE	compatible_with	item_B00XKXHMD2
item_B000QIUMI6	compatible_with	item_B00X9HIFIA
item_B008YWF7OU	compatible_with	item_B01596P8YW
item_B000AL9CUI	compatible_with	item_B0068K4OBC
item_B00W5BUO7Q	compatible_with	item_B01AUFDXMG
item_B00MOHDK8G	compatible_with	item_B00TX4S4MK
item_B00ZUJ9Q8I	compatible_with	item_B016VFX7UM
item_B00QV4RVQA	compatible_with	item_B01DAQKIX4
item_B000OLCRB0	compatible_with	item_B00NASDG7I
item_B00N2DQKDI	compatible_with	item_B00OLNBC72
item_B009O8LZMG	compatible_with	item_B00DMW4T8C
item_B007J0L0FI	compatible_with	item_B00K7I1DYW
item_B00GJ9DSYQ	compatible_with	item_B00L5E0NQG
item_B002QGKSH6	compatible_with	item_B019X2NGF6
item_B00V84SHIE	compatible_with	item_B00Y5T67JU
item_B00LE1C2V4	compatible_with	item_B00NZJJP4U
item_B00Y41YQG0	compatible_with	item_B01DBGJDYI
item_B00MMY6XGW	compatible_with	item_B016B9QRPU
item_B00FXPRJWO	compatible_with	item_B00S8Q5TQS
item_B001AO21EI	compatible_with	item_B00XKXI3WG
item_B0018OOF6M	compatible_with	item_B00JLPEX58
item_B00CM7OHA8	compatible_with	item_B00IWD6KYC
item_B016YKHX1S	compatible_with	item_B01B41EFLI
item_B0131JMSCE	compatible_with	item_B016YKHXL8
item_B006SFRKP4	compatible_with	item_B00IPO8NJS
item_B003LO20EQ	compatible_with	item_B00FR9LTPY
item_B001ARZQGA	compatible_with	item_B00FXPRJWO
item_B006PDD2SI	compatible_with	item_B00HIZKH7G
item_B00NQJ5LAQ	compatible_with	item_B01G1AI9NC
item_B014Q1SFQ4	compatible_with	item_B017MHDG1S
item_B000783XAE	compatible_with	item_B00XKXHMD2
item_B00V84SHIE	compatible_with	item_B00WB279F4
item_B00T0VSOUS	compatible_with	item_B01H5NNDYO
item_B01FX3ZSWI	compatible_with	item_B01GMR0298
item_B00GUBHBRS	compatible_with	item_B00LTSLJMK
item_B00NE4YJVK	compatible_with	item_B00T3IRP2Q
item_B00KXU16SW	compatible_with	item_B00WQL9VEW
item_B00295MQLU	compatible_with	item_B00B4TPVZA
item_B0000TW41Y	compatible_with	item_B00FXPRJWO
item_B0115I5UGO	compatible_with	item_B019752N26
item_B00N2LV1PC	compatible_with	item_B00WH5CAW2
item_B000EJM1HM	compatible_with	item_B00O72IPCC
item_B0054P9AM0	compatible_with	item_B00YB0P5V4
item_B00T6H8UY6	compatible_with	item_B01DBGJDYI
item_B00F3SJQ72	compatible_with	item_B0187F1O72
item_B0013F5SHG	compatible_with	item_B00I04GJO4
item_B01E61CD1C	compatible_with	item_B01EXN8VS2
item_B002G9UGT8	compatible_with	item_B00341NKCM
item_B003WXL1J6	compatible_with	item_B015SSQCO6
item_B00ACIFHBM	compatible_with	item_B00HWMXM7C
item_B000OVHWEW	compatible_with	item_B0084FPX8C
item_B0189HYUNI	compatible_with	item_B01H30LCP6
item_B00V84SHIE	compatible_with	item_B014VZQP9O
item_B00F4GY3PI	compatible_with	item_B00VLUTR2A
item_B00868G7AU	compatible_with	item_B00V84SHIE
item_B00SAF9W7O	compatible_with	item_B014V0DUAQ
item_B019S38JJI	compatible_with	item_B019S3A2EI
item_B00O70UZ3Q	compatible_with	item_B00W1EDJXI
item_B004I45MF2	compatible_with	item_B00AAXYEQI
item_B019DFQ83A	compatible_with	item_B01AMZLDLW
item_B001RTCX1W	compatible_with	item_B00B58FQ5K
item_B005A8D94G	compatible_with	item_B01DDDAAJ6
item_B00F6Q3B18	compatible_with	item_B00HX743T2
item_B00ARH8C9M	compatible_with	item_B00D1GWCVU
item_B00BM1FLD2	compatible_with	item_B0195BRO9E
item_B0159K6T00	compatible_with	item_B015MC8KWK
item_B01CGE8L3K	compatible_with	item_B01F7Z0Z0W
item_B00R2T3CQ6	compatible_with	item_B0150YIVVK
item_B016B9QRPU	compatible_with	item_B016YKHX1S
item_B00P2CJZGQ	compatible_with	item_B00X9HIFIA
item_B001C5N5AE	compatible_with	item_B00APXN95U
item_B002B5TWF6	compatible_with	item_B00Q4LZUW2
item_B001CEQNIQ	compatible_with	item_B01H7EMBXK
item_B004UUK4IO	compatible_with	item_B00C6TZZXA
item_B002LLMRAM	compatible_with	item_B00W7B8UQQ
item_B00EC8A1SW	compatible_with	item_B01A16XYT6
item_B00QPD4FAW	compatible_with	item_B017WWTSO2
item_B004PERUUK	compatible_with	item_B011LTPIQO
item_B002459RBC	compatible_with	item_B00VLIW7SS
item_B00AHXIC96	compatible_with	item_B00WQ7HNG4
item_B006KEOPGK	compatible_with	item_B01EYBK0SC
item_B0097GQB9C	compatible_with	item_B00S0YA5GM
item_B01AVON8SK	compatible_with	item_B01H7OW33I
item_B0002TOZ1E	compatible_with	item_B005DIFIVU
item_B00W3HY108	compatible_with	item_B01CPE15LQ
item_B00RGWU7E4	compatible_with	item_B0148WMJ9U
item_B012V8CPJC	compatible_with	item_B01679O7FG
item_B00ACIFLBI	compatible_with	item_B00XKY3IRK
item_B00UCJ9OAG	compatible_with	item_B0143ZUP9I
item_B014KQQANU	compatible_with	item_B01F324FMI
item_B00XKXI2D6	compatible_with	item_B01EM0P7LU
item_B0009IU878	compatible_with	item_B00MGLMHHK
item_B004I79ZC0	compatible_with	item_B00B68M73I
item_B005V0WA4I	compatible_with	item_B017XCZX18
item_B00FLXDYU4	compatible_with	item_B00U8UZ32W
item_B008X25S9U	compatible_with	item_B00TU3W13C
item_B00L4I4DF0	compatible_with	item_B019407BLC
item_B000N6ZVC8	compatible_with	item_B00R57E7XM
item_B0092734BO	compatible_with	item_B00SQORTF6
item_B000O7ITWU	compatible_with	item_B017WSG1QY
item_B00MQJUHII	compatible_with	item_B013H93H3C
item_B007BZ5CUA	compatible_with	item_B01AT0K9S8
item_B00ROVBTBM	compatible_with	item_B013P2FZZE
item_B003D7ZJUI	compatible_with	item_B00Y832XG4
item_B00EHT532K	compatible_with	item_B01DUQKRPI
item_B00939TYAG	compatible_with	item_B00M8B8L8W
item_B01B5VA6OW	compatible_with	item_B01CTGJ238
item_B0157HZATG	compatible_with	item_B01HF4A6DY
item_B0039PRFJW	compatible_with	item_B018CS8UIA
item_B00NOU4W5W	compatible_with	item_B00XYTJ7SA
item_B00177IGK6	compatible_with	item_B016YKHX1S
item_B00L5F8JS4	compatible_with	item_B00T9DKNBK
item_B00A09C50Y	compatible_with	item_B00KMAPMIS
item_B00MBMWJZE	compatible_with	item_B01B3LNWIQ
item_B01FNUPOF2	compatible_with	item_B01FQT1DJG
item_B00ZUJ9Q8I	compatible_with	item_B017MGAIWO
item_B00V8X2YA2	compatible_with	item_B0131JMSCE
item_B01E3VGBOK	compatible_with	item_B01GGR0ICU
item_B0042LD0BE	compatible_with	item_B0091CC1OG
item_B000BWLW68	compatible_with	item_B004JFWY74
item_B005GQBJ3K	compatible_with	item_B005WCBTFQ
item_B000VANDDU	compatible_with	item_B00FXPRL5O
item_B001C8XZWY	compatible_with	item_B00DVFWFKE
item_B00XN53BRI	compatible_with	item_B01FQS7RSS
item_B00SW281H2	compatible_with	item_B00XKXHMD2
item_B006SFRJ7S	compatible_with	item_B019X2NGF6
item_B0013E73N4	compatible_with	item_B00HIZKH7G
item_B0009GCRQ0	compatible_with	item_B00HIZKH7G
item_B003HIDSWO	compatible_with	item_B00FFKL0LS
item_B00C57A8DU	compatible_with	item_B00KBZOB40
item_B000NKYQMA	compatible_with	item_B00JULWPBC
item_B00VTV7QHY	compatible_with	item_B00XWUD32W
item_B00FYEVOTI	compatible_with	item_B00Q4LZUW2
item_B00SU49D1U	compatible_with	item_B00XZATUN0
item_B00SZ0A4H6	compatible_with	item_B0126UCA6S
item_B004XVO5ZI	compatible_with	item_B00U1SB898
item_B00C0FAERC	compatible_with	item_B01H7EMBXK
item_B00RGWU7E4	compatible_with	item_B01DBGJDB6
item_B005AE823I	compatible_with	item_B00Q4LZUW2
item_B00OM41UJK	compatible_with	item_B01AP40M7G
item_B0029IQIRU	compatible_with	item_B01A7TKQQ6
item_B00DMW4T8C	compatible_with	item_B01C1HWSJU
item_B00C5W601O	compatible_with	item_B00SF71XFQ
item_B00NQJ5LAQ	compatible_with	item_B01D4GD9NQ
item_B00GTJIHME	compatible_with	item_B00Z5A68SS
item_B00KRCGZXW	compatible_with	item_B00QVCSFC6
item_B006GJTOT2	compatible_with	item_B00XKXI3WG
item_B010EPVS3S	compatible_with	item_B01EDI9U2S
item_B008H81AFQ	compatible_with	item_B00MHJ9EQS
item_B004CRTZJY	compatible_with	item_B019X2NGF6
item_B00ZR3GH52	compatible_with	item_B01D61WJ08
item_B001UTT19Q	compatible_with	item_B003SIO52U
item_B00LIUX530	compatible_with	item_B00NWGJ5U0
item_B00Y2CMCYY	compatible_with	item_B01FA0DBAA
item_B014G284D2	compatible_with	item_B01D1ZDKXO
item_B006C73P2K	compatible_with	item_B01B8ZSVA6
item_B016YKHX86	compatible_with	item_B0170AD4BE
item_B00APXN95U	compatible_with	item_B01C4U016G
item_B00GINHED4	compatible_with	item_B00WKSTZ0G
item_B00E4I4XS4	compatible_with	item_B00KBZOB40
item_B00KHS24PO	compatible_with	item_B015G271TY
item_B0002TOWIU	compatible_with	item_B00XWUD32W
item_B006SRSZR4	compatible_with	item_B006SRT0FU
item_B0001YS56G	compatible_with	item_B00ARCWZZE
item_B00A3HKIPW	compatible_with	item_B00PXSBMG0
item_B0074BVDWC	compatible_with	item_B00MAWYMFU
item_B0007YXRVI	compatible_with	item_B012XOO8UI
item_B00UZJFN3A	compatible_with	item_B00WKXQAQS
item_B002H9ZTX0	compatible_with	item_B00X9HIFIA
item_B0014JYUKM	compatible_with	item_B00HRNU3B4
item_B00CX9T0N4	compatible_with	item_B00ICSY9AY
item_B004DNVP2C	compatible_with	item_B00XKXHMD2
item_B00EXPDVB8	compatible_with	item_B014H1HNZ2
item_B00UCM6B4A	compatible_with	item_B00XKSI06U
item_B014CKDLJA	compatible_with	item_B01C9RELYM
item_B00W9E8FOI	compatible_with	item_B01BRUZIP8
item_B00BJFKS5W	compatible_with	item_B00Z5A68SS
item_B004KHSA7O	compatible_with	item_B019HHGR3K
item_B002AMS22Y	compatible_with	item_B00D076MXE
item_B004I79ZC0	compatible_with	item_B00YFO4LHU
item_B019Z3XJSC	compatible_with	item_B01CTPAFH6
item_B00A9YJU7G	compatible_with	item_B00B611R40
item_B0089NTAGA	compatible_with	item_B017JTNSWG
item_B006PB4HDE	compatible_with	item_B011LTPIQO
item_B00KBZOB40	compatible_with	item_B00YS136TY
item_B000LMRFX2	compatible_with	item_B00I3HR7UI
item_B016HWCOYY	compatible_with	item_B0170MI3TU
item_B00S4THPIO	compatible_with	item_B00WR255YK
item_B00CM26PIK	compatible_with	item_B00QNAIJ4A
item_B00K00U4IS	compatible_with	item_B01GQPTL5C
item_B013SEP6FS	compatible_with	item_B01DM1JJLY
item_B016LJ4GBM	compatible_with	item_B01DTSY2LM
item_B00ACIFHBM	compatible_with	item_B00JULZ88O
item_B0140CB6VA	compatible_with	item_B01F8VL0UE
item_B005GYGGRG	compatible_with	item_B00V84SHIE
item_B00KOLVDKG	compatible_with	item_B00ZUJ9Q8I
item_B004RLU2P6	compatible_with	item_B01BU5AVK2
item_B002VLZH5E	compatible_with	item_B00ACIFHBM
item_B00TKVQM7K	compatible_with	item_B01633WYOW
item_B00U8V138Y	compatible_with	item_B00WY4QXT2
item_B00LZ0IXK8	compatible_with	item_B016A5VW4Q
item_B016A5VW4Q	compatible_with	item_B01DX7KSZ8
item_B0012FP64W	compatible_with	item_B00FEMK2V6
item_B000BWLW68	compatible_with	item_B001PUFKOK
item_B003KG9UCA	compatible_with	item_B00NASDGCI
item_B00FLXDYU4	compatible_with	item_B00N0U3BBC
item_B00P9SMESO	compatible_with	item_B0198IUMZM
item_B001BZ43GK	compatible_with	item_B00NHECBBW
item_B00N2LVAQW	compatible_with	item_B00XKJ6ZUM
item_B000YQY7FE	compatible_with	item_B01FA0DBAA
item_B000KGI9TS	compatible_with	item_B00FXPRJWO
item_B009JM2Q1Q	compatible_with	item_B00B611R40
item_B006SRSZOW	compatible_with	item_B013I9KU0Y
item_B0000865SC	compatible_with	item_B003552QB8
item_B004I764VA	compatible_with	item_B004JL5HZE
item_B00COCEHX8	compatible_with	item_B00QGSJVZU
item_B005Q5PBAS	compatible_with	item_B00VTVF748
item_B00F3SJQ72	compatible_with	item_B00RI7I2NA
item_B01AHXSZ6U	compatible_with	item_B01D410A2O
item_B00ZUJ9Q8I	compatible_with	item_B01GF9SSF8
item_B00AZ8CFQ4	compatible_with	item_B00JULWE54
item_B00O4DOA64	compatible_with	item_B0112T1U4C
item_B00C2J1UCY	compatible_with	item_B00MN7REHA
item_B00R3V53X8	compatible_with	item_B00X9HIFIA
item_B00H2SUHDI	compatible_with	item_B015RJWTNY
item_B01AUFWACK	compatible_with	item_B01H5M6SO2
item_B004QMXVHM	compatible_with	item_B00FXPRL5O
item_B0054M8VBO	compatible_with	item_B0064YY0D4
item_B007AK1MPU	compatible_with	item_B019IZ33E2
item_B000UWHZMY	compatible_with	item_B00D076MXE
item_B00T7IETU8	compatible_with	item_B01DPFZRXQ
item_B00Z9T6XL2	compatible_with	item_B01EFGF7KM
item_B012P2FLA4	compatible_with	item_B01H3EBD2O
item_B0064EYJ9E	compatible_with	item_B017ULEI9U
item_B004CO51QI	compatible_with	item_B004CO6PY0
item_B009P0H3MY	compatible_with	item_B00VLIW7SS
item_B00H34MCUW	compatible_with	item_B00PXSBC1U
item_B006MOV6OW	compatible_with	item_B00RRUMWTI
item_B00ZUJ9Q8I	compatible_with	item_B01CN94KJM
item_B01BWMC64C	compatible_with	item_B01D410A2O
item_B00MEZZHP2	compatible_with	item_B00QNAIJ4A
item_B0050DKMLO	compatible_with	item_B00LEUC15C
item_B00LNT5F9I	compatible_with	item_B018I887MS
item_B00ACIFLBI	compatible_with	item_B00DFMH9EK
item_B0070NV3TW	compatible_with	item_B01BMO15OC
item_B00CFBPNKO	compatible_with	item_B00KBZO8WA
item_B002G9UEGS	compatible_with	item_B00FXPRJWO
item_B00FXPRJWO	compatible_with	item_B00JC4IGD8
item_B009REO5S8	compatible_with	item_B00T9BWNRO
item_B00YJIONR0	compatible_with	item_B019IBMJKU
item_B00SJ75O5W	compatible_with	item_B01EJ0VI02
item_B00774KHKK	compatible_with	item_B00XKXHMD2
item_B002TW63XK	compatible_with	item_B006YG78LI
item_B0132I2BV2	compatible_with	item_B01EMVZGCE
item_B004UJQ8H6	compatible_with	item_B00SG3J04A
item_B00KRYL7CE	compatible_with	item_B01ES47ILW
item_B00XMSEYBS	compatible_with	item_B016YKHX86
item_B00V84SHIE	compatible_with	item_B013WBFQC0
item_B00QVCSFC6	compatible_with	item_B00QVCYRH8
item_B00P6VAM7E	compatible_with	item_B00XKXI3WG
item_B00BBRHB6C	compatible_with	item_B00NGPM7F2
item_B0029IQIRU	compatible_with	item_B01F7Z1I12
item_B002GJUDF0	compatible_with	item_B00XKXHMD2
item_B00A8EFKQW	compatible_with	item_B01DS6GZYM
item_B000WUSSKW	compatible_with	item_B00V84SHIE
item_B00MPXF6K4	compatible_with	item_B018I887MS
item_B00KO7WMXM	compatible_with	item_B01GGR0ICU
item_B00NASDGCI	compatible_with	item_B00NHECBBW
item_B00846FJSA	compatible_with	item_B00B81I7HI
item_B00OQJF1WS	compatible_with	item_B00Z9T6XL2
item_B00NX6Z9ZY	compatible_with	item_B01DUQKRPI
item_B00NHECBBW	compatible_with	item_B019419GGE
item_B01C5NFEYG	compatible_with	item_B01DOXVVBG
item_B0015HZCKU	compatible_with	item_B011LTPIQO
item_B000A38HCU	compatible_with	item_B00XKXHMD2
item_B01AOCTAYU	compatible_with	item_B01GCORXNY
item_B00S8OKTQA	compatible_with	item_B01DIZKC56
item_B00Y1EG956	compatible_with	item_B01DBGJDYI
item_B00VRQYEI0	compatible_with	item_B01DNTE08C
item_B00LTWK2B0	compatible_with	item_B01F4BCFMU
item_B002N3AMCS	compatible_with	item_B00E1PHTMC
item_B0029F1X3M	compatible_with	item_B002WUQCQM
item_B000RMRYI2	compatible_with	item_B00O12LOLC
item_B00MBI7NNG	compatible_with	item_B01713G2Q4
item_B00138VUXE	compatible_with	item_B00V84SHIE
item_B012MWZRBK	compatible_with	item_B0182G7G3M
item_B011THUJL2	compatible_with	item_B01G0P1JSK
item_B00XZ3EF0U	compatible_with	item_B00ZZM02P6
item_B00ZUZZQSQ	compatible_with	item_B01F2R2D28
item_B015SSQCO6	compatible_with	item_B01E0CPY9U
item_B00H7HD67I	compatible_with	item_B01G4RTNGE
item_B0012NEZRS	compatible_with	item_B01AVIOOLQ
item_B01C3ND116	compatible_with	item_B01DCK4ORO
item_B000BWLW68	compatible_with	item_B005ZOJ60Q
item_B00JEIM0K2	compatible_with	item_B00W3HY108
item_B00HVRAPV4	compatible_with	item_B00TJEGDHM
item_B003G53VSO	compatible_with	item_B00L2PGCAO
item_B002DEVND4	compatible_with	item_B01A16XYT6
item_B007NLXCJK	compatible_with	item_B00JBRB2IC
item_B006IX4ES2	compatible_with	item_B00XKXI3WG
item_B00CK0GNWM	compatible_with	item_B00LCJP40E
item_B005PHBV74	compatible_with	item_B00HRNU3B4
item_B008O9DXPS	compatible_with	item_B00JBRB2IC
item_B00HGIUE2S	compatible_with	item_B00HV3FN1A
item_B0012N84YS	compatible_with	item_B013MDEIYA
item_B0009G8HO6	compatible_with	item_B00FEMK2V6
item_B00VRAGR18	compatible_with	item_B01FX3ZSWI
item_B000KK0ONI	compatible_with	item_B00JULWJLI
item_B00AE1SB0Q	compatible_with	item_B00RCKUFF6
item_B0060C8IEC	compatible_with	item_B019OAB12W
item_B00JWURVRY	compatible_with	item_B00RZMR4AU
item_B00B58FQ5K	compatible_with	item_B00NQY20W8
item_B004FAVPHI	compatible_with	item_B01DXPYIS8
item_B01B3GHQWO	compatible_with	item_B01B3ISSBK
item_B0009UL0RI	compatible_with	item_B000G35AU6
item_B00XKXHMD2	compatible_with	item_B01FSD355U
item_B013E0HGEA	compatible_with	item_B014QXRVNK
item_B00ACIFHBM	compatible_with	item_B00ACIG2VG
item_B00GTJIHME	compatible_with	item_B00HHKSVB6
item_B006SRSZOW	compatible_with	item_B00QMSPKVS
item_B00H9B9CMK	compatible_with	item_B01EH14W24
item_B0018OHRRG	compatible_with	item_B01F324FMI
item_B00FZVX8SA	compatible_with	item_B00NQJ5LAQ
item_B006C73ZZM	compatible_with	item_B0196CZCB4
item_B00139IETG	compatible_with	item_B00ZORWKOS
item_B014XC8VXI	compatible_with	item_B0153O5SE0
item_B00SLDSYL0	compatible_with	item_B01F8VL0UE
item_B00FGCJZZS	compatible_with	item_B01H5TKRPG
item_B00H9B9CMK	compatible_with	item_B013H93H3C
item_B003WYGX0M	compatible_with	item_B019HHGR3K
item_B00JBEVQN6	compatible_with	item_B00ZUJ9Q8I
item_B01H3EALTK	compatible_with	item_B01H4XABHW
item_B0150DSI7S	compatible_with	item_B018I887MS
item_B000A2K55I	compatible_with	item_B00FXPRJWO
item_B01ESQPHWW	compatible_with	item_B01GAC67JE
item_B0051EDAAC	compatible_with	item_B00FLXDYU4
item_B00F3SJQ72	compatible_with	item_B01FXYUF84
item_B000BWLW68	compatible_with	item_B00YE0OU8U
item_B00HWF7JSM	compatible_with	item_B016YKHX1S
item_B00II9DJKS	compatible_with	item_B00STUNZ2I
item_B00FBD2G2Q	compatible_with	item_B00VTV63PA
item_B00JC2YXFK	compatible_with	item_B0116XFJXM
item_B0198YXSUW	compatible_with	item_B01AS1K820
item_B00JULWJLI	compatible_with	item_B016UJDHRM
item_B00KRYL792	compatible_with	item_B00WU33Z2K
item_B00R3UR2OM	compatible_with	item_B00Z9T6XL2
item_B00UVFBQ34	compatible_with	item_B00V84SHIE
item_B00108OJNK	compatible_with	item_B00FXPRJWO
item_B004OKAZVQ	compatible_with	item_B00ORWMELU
item_B00MJU0E6E	compatible_with	item_B018A08RMY
item_B00J66KKUO	compatible_with	item_B00QVCSFC6
item_B00BIXWJJ8	compatible_with	item_B00W3HY108
item_B000PHI4Y2	compatible_with	item_B00WW6YJG6
item_B017LQGXVA	compatible_with	item_B01AX97URI
item_B00GWGYNIQ	compatible_with	item_B00V84SHIE
item_B00KRYL792	compatible_with	item_B01ES47ILW
item_B00M3EV6J0	compatible_with	item_B012P2FLA4
item_B00ZXYYKE0	compatible_with	item_B01EN4KVOI
item_B00WUU396A	compatible_with	item_B01FVTFIFG
item_B00ACIFH8U	compatible_with	item_B00XKXHMD2
item_B00DVFWFKE	compatible_with	item_B00E1C5CH4
item_B00NASDGCI	compatible_with	item_B01CFGGKRI
item_B00O70UZ3Q	compatible_with	item_B015C53ZSG
item_B013KMH9W6	compatible_with	item_B019752N26
item_B00D7NIUV8	compatible_with	item_B00GTJIHME
item_B01CS6ORH0	compatible_with	item_B01GO0VDQO
item_B00Q0BHE16	compatible_with	item_B00ZUY6T2E
item_B000Z98D00	compatible_with	item_B00ACIFLBI
item_B00O2UCPBQ	compatible_with	item_B013HTVCQG
item_B0012N84YS	compatible_with	item_B00KPPP3FC
item_B00CBYYTPK	compatible_with	item_B00F3VKLPK
item_B001B9XI3A	compatible_with	item_B00H93LSKW
item_B000PHI4Y2	compatible_with	item_B00B58FQ5K
item_B00LUOIWEG	compatible_with	item_B01A6L8ZOU
item_B001DBI1DI	compatible_with	item_B008B80O1I
item_B01AP40M26	compatible_with	item_B01AW46DYU
item_B00075ZYVS	compatible_with	item_B00KOJYK44
item_B00QGSJVZU	compatible_with	item_B0118Q5WDY
item_B009B1TRXU	compatible_with	item_B00Z9T6XL2
item_B00G9QQS9Q	compatible_with	item_B019S38C2C
item_B00TO25AMS	compatible_with	item_B015DN1ZI4
item_B003NX87TW	compatible_with	item_B00HWUJ7HS
item_B003SFCM0A	compatible_with	item_B00FNR2FOY
item_B002YT82PK	compatible_with	item_B00ACIFLBI
item_B00JVUPST8	compatible_with	item_B011LTPIQO
item_B003LO20EQ	compatible_with	item_B00QNAIJ4A
item_B000KK0ONI	compatible_with	item_B00KOJYK44
item_B009WQWSH6	compatible_with	item_B01GGR0ICU
item_B00ONW5YVQ	compatible_with	item_B018VCGEFS
item_B00PK3VNWG	compatible_with	item_B00V4DG42K
item_B0193F8TPK	compatible_with	item_B01F4BCFPW
item_B00B58FQ5K	compatible_with	item_B013ICJ89A
item_B00ASGIJ0Y	compatible_with	item_B017NT2314
item_B001GUN1PY	compatible_with	item_B00FXPRJWO
item_B00HIZKH7G	compatible_with	item_B00M0QMBD6
item_B00IWLE2RG	compatible_with	item_B015LUKLFC
item_B000A38K4A	compatible_with	item_B00XKXI3J4
item_B00AZUGY4G	compatible_with	item_B00FXPRL5O
item_B00123TLBS	compatible_with	item_B00XKXHMD2
item_B00F3SJQ72	compatible_with	item_B00OTSROPS
item_B000783Q4M	compatible_with	item_B00XKXHMD2
item_B001ARZP02	compatible_with	item_B00FXPRJWO
item_B002Q1EC6O	compatible_with	item_B018YIF56S
item_B001UV3HSU	compatible_with	item_B00Q4LZUW2
item_B016LJ4GBM	compatible_with	item_B01B3ISSBK
item_B008J0BM1E	compatible_with	item_B012S6RS76
item_B01DOV79PK	compatible_with	item_B01FX3ZSWI
item_B003NX87TW	compatible_with	item_B009N8ZM3A
item_B00BG34F0G	compatible_with	item_B00CL8M7FU
item_B00O05NLRK	compatible_with	item_B01890QD8K
item_B0009GEFPQ	compatible_with	item_B008YWF7OU
item_B00FXKXWBQ	compatible_with	item_B00GUBHBRS
item_B000CD1IW4	compatible_with	item_B00FXPRJWO
item_B0115HTFC0	compatible_with	item_B01DOJ3HH6
item_B001BZAFXU	compatible_with	item_B00NHECBBW
item_B01C1JN2TI	compatible_with	item_B01G2OOI2I
item_B009Y675PO	compatible_with	item_B0156GCLD6
item_B00V6IH4VS	compatible_with	item_B016F2H97I
item_B00FLXDYU4	compatible_with	item_B00VK20YQW
item_B00MCE5124	compatible_with	item_B01B3HP24W
item_B00KRYMUH0	compatible_with	item_B016YKHX1S
item_B00PBCTI8M	compatible_with	item_B00Q4LZUW2
item_B010LXHADK	compatible_with	item_B0166BU7T0
item_B006C73UOS	compatible_with	item_B00K17LRYA
item_B016F1I0TU	compatible_with	item_B017XBYKDG
item_B015NO3ID8	compatible_with	item_B01ESQPHWW
item_B000BRPA2A	compatible_with	item_B0085TF7DS
item_B0055NSFXG	compatible_with	item_B00WW6YJG6
item_B00NB96W8G	compatible_with	item_B01CRVHEDK
item_B00KRYL792	compatible_with	item_B014QJYDAI
item_B0029JHZ6M	compatible_with	item_B019X2NGF6
item_B000GPV2IS	compatible_with	item_B00Z5OMBTO
item_B000ATDVES	compatible_with	item_B00F3SJQ72
item_B00IE8W5HG	compatible_with	item_B00YYONAQE
item_B003CQA4VE	compatible_with	item_B00N2LV1PC
item_B00NGZ4SD6	compatible_with	item_B00NJ873Q4
item_B011LTPIQO	compatible_with	item_B016X4P6QE
item_B00NAWKKLO	compatible_with	item_B012P2FLA4
item_B00QRMPEFQ	compatible_with	item_B01CU3GN0A
item_B00XWUD32W	compatible_with	item_B01GO37Y5A
item_B00UF7XUTG	compatible_with	item_B01C3ND116
item_B00CLR5SOI	compatible_with	item_B00E9TLO8A
item_B004I764VA	compatible_with	item_B00YFO4LHU
item_B00AHXIC96	compatible_with	item_B00LY8HM6M
item_B017NNKLF0	compatible_with	item_B01FNUPOF2
item_B00S568L9S	compatible_with	item_B01890QD8K
item_B00K730Z00	compatible_with	item_B01EGHBNCQ
item_B00FXPRJWO	compatible_with	item_B019T9EFPI
item_B00ACIFHBM	compatible_with	item_B00XYNWBIY
item_B0012G6KX2	compatible_with	item_B0026P4684
item_B00NQJ5LAQ	compatible_with	item_B019HSEX7Q
item_B0029F1X3M	compatible_with	item_B00HN2PEYK
item_B000PHG4L2	compatible_with	item_B01F324FMI
item_B00B58FQ5K	compatible_with	item_B019LV80KU
item_B00B58FQ5K	compatible_with	item_B0195YZBUU
item_B000B8NKR6	compatible_with	item_B01H9J0RB6
item_B00M2RAXEW	compatible_with	item_B011LTPIQO
item_B00HM1098S	compatible_with	item_B0182G3RB2
item_B00TF6CXPK	compatible_with	item_B017V194DO
item_B00GDKVTAQ	compatible_with	item_B00HIILFPG
item_B00272LJFE	compatible_with	item_B008C7BVBA
item_B00SRHQVGA	compatible_with	item_B01D410A2O
item_B00MIRWIO4	compatible_with	item_B00ZUJ9Q8I
item_B014U8W41A	compatible_with	item_B016OT9B8C
item_B011LTPIQO	compatible_with	item_B013MC5U2K
item_B0002TOZ1E	compatible_with	item_B005SN5I6A
item_B002RWJ7A8	compatible_with	item_B01H7EMBXK
item_B00HFTA6VC	compatible_with	item_B00XH2XZHI
item_B005964F2O	compatible_with	item_B00Q4LZUW2
item_B003LA3TWW	compatible_with	item_B00VJL4Y1A
item_B00QGSJVZU	compatible_with	item_B019NY2HT0
item_B00ANX1K80	compatible_with	item_B00FKWI3U2
item_B015TD53EK	compatible_with	item_B018LLBO9A
item_B000B6A5HG	compatible_with	item_B0085TF7DS
item_B00A7Y4PRI	compatible_with	item_B00S9X3K48
item_B00IYIENWQ	compatible_with	item_B00ZF7OJ5U
item_B0150YYTWA	compatible_with	item_B018VCGEFS
item_B004I79ZC0	compatible_with	item_B005GV8RZ8
item_B00WZZK30U	compatible_with	item_B01AABE4QE
item_B00PNUJO5E	compatible_with	item_B01ESQPHWW
item_B004HCE3LY	compatible_with	item_B00JULWE54
item_B01H3EALMM	compatible_with	item_B01H7X92WY
item_B00O4DOA64	compatible_with	item_B012H2ZKJO
item_B00FR9LTPY	compatible_with	item_B010PKQ1BG
item_B00NL3EC02	compatible_with	item_B01DBGJDYI
item_B008QYZSCW	compatible_with	item_B01H6YB182
item_B014SWBP7W	compatible_with	item_B01CXPBSGE
item_B00AERJVB8	compatible_with	item_B00ARH8C9M
item_B00O70UZ3Q	compatible_with	item_B00SLDSYL0
item_B00LBRL99W	compatible_with	item_B017D0803I
item_B0051U182S	compatible_with	item_B00FXPRJWO
item_B00UKKICBE	compatible_with	item_B01GGR0ICU
item_B01B3ISSBK	compatible_with	item_B01GIQF3AQ
item_B00OWV5TV8	compatible_with	item_B01ELHZ0OS
item_B00O70UZ3Q	compatible_with	item_B00O9K01H4
item_B00UXZLXYO	compatible_with	item_B01F6ALY7Q
item_B00UEQ8QCE	compatible_with	item_B01F7YTEZU
item_B00QV4RVQA	compatible_with	item_B01ALBTUI0
item_B00O72IPCC	compatible_with	item_B00RCBHSLY
item_B00ZT2GAGW	compatible_with	item_B01H6DY7BQ
item_B00PQSWORS	compatible_with	item_B013SEP6FS
item_B00KYJ9J1I	compatible_with	item_B00UYJPR82
item_B00XWUD32W	compatible_with	item_B01GQPHDUM
item_B008LIOTJ6	compatible_with	item_B00XKXHMD2
item_B000QX9MPA	compatible_with	item_B003EEMI7M
item_B00QXV788M	compatible_with	item_B010H3L6K2
item_B00517QRYU	compatible_with	item_B00FXPRJWO
item_B00DSN2MDE	compatible_with	item_B01DFU1RLC
item_B01F7FNHJI	compatible_with	item_B01F8VL0UE
item_B0012M0XZ2	compatible_with	item_B01H3EALTK
item_B009KY1UJC	compatible_with	item_B009YRM6MK
item_B004D3Q3XS	compatible_with	item_B00BSOU1L0
item_B002EJ55H8	compatible_with	item_B002GCL658
item_B003D7ZJUI	compatible_with	item_B0076ZYAQM
item_B00VRQYEI0	compatible_with	item_B019TWJI5M
item_B00JULWE54	compatible_with	item_B00OPVLUI6
item_B00XKXHMD2	compatible_with	item_B014J9M5OQ
item_B000E0QUTG	compatible_with	item_B01H3EALTK
item_B004GKDJUS	compatible_with	item_B01DS6GZYM
item_B00IWLE2RG	compatible_with	item_B00NPQ7RV6
item_B00QGSJVZU	compatible_with	item_B00XVHHFX4
item_B00M2RQ7CO	compatible_with	item_B00QGSJVZU
item_B006CR1FB8	compatible_with	item_B00L5E0QTU
item_B005NGU89Y	compatible_with	item_B018I887MS
item_B001MBGN52	compatible_with	item_B0068CK4H8
item_B01A9RP7WY	compatible_with	item_B01FQQZ1E2
item_B018I887MS	compatible_with	item_B01H3EALEA
item_B00NQJ5LAQ	compatible_with	item_B01B8CCWB8
item_B00DFYCLVY	compatible_with	item_B014V7MHMG
item_B00F3SJQ72	compatible_with	item_B01GICGKA2
item_B00KYYNLM6	compatible_with	item_B00RBX6HI8
item_B009G3S84W	compatible_with	item_B00APXN95U
item_B00SZNUD8S	compatible_with	item_B01DMS903O
item_B00UCN848K	compatible_with	item_B01AP40M26
item_B000FXW4KQ	compatible_with	item_B00FXPRJWO
item_B00FXLCUPO	compatible_with	item_B01BY411CG
item_B00KHB8P68	compatible_with	item_B01CC9LSMU
item_B00QV4RVQA	compatible_with	item_B01DN0Y2HA
item_B0011D2FL2	compatible_with	item_B00XWUD32W
item_B001GCUVX2	compatible_with	item_B00V84SHIE
item_B00CC3LRVE	compatible_with	item_B00LYYX86E
item_B00CEH3C0C	compatible_with	item_B00PXSBMG0
item_B00Q4LZUW2	compatible_with	item_B00UJX7V1Y
item_B004MPR7CS	compatible_with	item_B008X25QJM
item_B001ACKYW6	compatible_with	item_B00IL3NRRG
item_B01COUN3RK	compatible_with	item_B01D1XD0CW
item_B00LE1C2V4	compatible_with	item_B00QC5QTU2
item_B001505UH2	compatible_with	item_B00180R7RA
item_B00CBM9BZU	compatible_with	item_B01CU3GN0A
item_B00MQJUHII	compatible_with	item_B014CWWJ28
item_B00CJIETJE	compatible_with	item_B00YEDR4LM
item_B005DKRULO	compatible_with	item_B00B58FQ5K
item_B00CAXQV3K	compatible_with	item_B00CBLT9AI
item_B00V84SHIE	compatible_with	item_B016S44TFS
item_B00JC2YXFK	compatible_with	item_B00VWY4VVM
item_B00BAZ3DE4	compatible_with	item_B00Q4LZUW2
item_B00O70UZ3Q	compatible_with	item_B00PV35L3M
item_B00E253Z74	compatible_with	item_B00W9E8FOI
item_B0149GQGXU	compatible_with	item_B0152R74K4
item_B00ACIGVH6	compatible_with	item_B00XWUD32W
item_B00KFR4JVO	compatible_with	item_B01FUMB2U4
item_B00KBZOB40	compatible_with	item_B00ZIYAKGC
item_B001E0HAOO	compatible_with	item_B00LE1C2V4
item_B00TFB769S	compatible_with	item_B0182G7G3M
item_B00G00MOM6	compatible_with	item_B0170MI3TU
item_B004ZAR5XQ	compatible_with	item_B00XKXHMD2
item_B0198YXSUW	compatible_with	item_B01AUJGLLW
item_B00DMW4T8C	compatible_with	item_B00EKNU8I2
item_B004ZX7ZQ0	compatible_with	item_B00IO0DDA2
item_B00QLF8D7U	compatible_with	item_B01FX3ZSWI
item_B00639N68A	compatible_with	item_B00YGKQ3SS
item_B004ZAR5XQ	compatible_with	item_B00XWUD32W
item_B00FFKL0LS	compatible_with	item_B00GW2Q9YQ
item_B002NPCJ5E	compatible_with	item_B005U9Y2Y6
item_B00JC2YXFK	compatible_with	item_B01EEMDHSQ
item_B00CAXQV3K	compatible_with	item_B00D3RFXCC
item_B000TGPR4O	compatible_with	item_B00ACCV2HQ
item_B00KO74FRI	compatible_with	item_B01FQS7RSS
item_B00IE8W5HG	compatible_with	item_B016OT9B8C
item_B01B3ISSBK	compatible_with	item_B01B57Z010
item_B00SKHTJY8	compatible_with	item_B01AP40M7G
item_B00GRNJL4U	compatible_with	item_B01DUQKRPI
item_B000B234K0	compatible_with	item_B0018OOF6M
item_B001GBLMIG	compatible_with	item_B01EMVZGCE
item_B00719ZPQM	compatible_with	item_B008YWF7OU
item_B00MISAOLM	compatible_with	item_B00NQJ5LAQ
item_B00YTX3EAC	compatible_with	item_B01DP724O4
item_B01FRGKIZI	compatible_with	item_B01GPL8CO8
item_B00YQBVQ3O	compatible_with	item_B018CS8UIA
item_B01EN4KVOI	compatible_with	item_B01G2OOI2I
item_B001B9WAKW	compatible_with	item_B005MUZV5W
item_B002I6I9IO	compatible_with	item_B00CCYUZO8
item_B0027A7U2C	compatible_with	item_B00NE4YJVK
item_B00K730Z00	compatible_with	item_B01C6E7WR6
item_B0072J71L8	compatible_with	item_B00FWZQV74
item_B001KLCQFU	compatible_with	item_B0198YXSUW
item_B0006LPK80	compatible_with	item_B00XWUD32W
item_B011KOCQ88	compatible_with	item_B019DFQ83A
item_B00FB3SYCC	compatible_with	item_B01FVTFIFG
item_B00187HHTQ	compatible_with	item_B01FA0DBAA
item_B00IQX47NO	compatible_with	item_B00XWUD32W
item_B018YIF56S	compatible_with	item_B01H9WEWWS
item_B00MOUAKTU	compatible_with	item_B019IBMJKU
item_B00XNGK1UM	compatible_with	item_B01HH3X0YU
item_B00NB3ZXR8	compatible_with	item_B00PC3D4TO
item_B00QTNNEFA	compatible_with	item_B016YKHX1S
item_B00UVOKN6G	compatible_with	item_B01H52FZ1Y
item_B0012BRSW4	compatible_with	item_B00SMJHB9Y
item_B008LWVHE2	compatible_with	item_B00JULWE54
item_B016YKHX1S	compatible_with	item_B0170ACSNY
item_B001PR8ZCW	compatible_with	item_B0091CC1OG
item_B0115KHC8Q	compatible_with	item_B01F42R6P0
item_B00FEMK2V6	compatible_with	item_B00IJHZR90
item_B00CMWS0JM	compatible_with	item_B01DDDAAJ6
item_B002BW99FM	compatible_with	item_B00Q4LZUW2
item_B00NU8U3LA	compatible_with	item_B011LTPIQO
item_B00GWY1QFQ	compatible_with	item_B01ET9QYXO
item_B00R4TJJOS	compatible_with	item_B015MH8UHA
item_B00W2TGN6W	compatible_with	item_B01C3ND116
item_B00XKXI41Q	compatible_with	item_B010MC69MS
item_B00J3TGW6A	compatible_with	item_B0182G3RB2
item_B01FLQ5JSU	compatible_with	item_B01FUEVA54
item_B010CK9FB2	compatible_with	item_B01G2OOI2I
item_B014NV1TNS	compatible_with	item_B01H30LCP6
item_B00NJ873Q4	compatible_with	item_B01AOIITG4
item_B00E1ZOLPU	compatible_with	item_B016YKHX86
item_B005JSF2DS	compatible_with	item_B00JC2YXFK
item_B007R8T4M8	compatible_with	item_B00I97YKY8
item_B00IWPLKDG	compatible_with	item_B00TXN22DI
item_B0029NZZG0	compatible_with	item_B00V84SHIE
item_B01EHU2SLC	compatible_with	item_B01HBJNO4Q
item_B00XHFOP3S	compatible_with	item_B01CU3GN0A
item_B00F9S84AQ	compatible_with	item_B00F9S85CS
item_B00BSOU1L0	compatible_with	item_B00NMNNTQY
item_B007HBMP1C	compatible_with	item_B01GTEXWU0
item_B00G9QQOAE	compatible_with	item_B019S38C2C
item_B0001YRYIG	compatible_with	item_B00XKXHMD2
item_B00IE8W5HG	compatible_with	item_B00LPQXVFE
item_B00EJXAJDW	compatible_with	item_B00K00UN66
item_B00YGKRAIK	compatible_with	item_B0182G3RB2
item_B000TQ8A2K	compatible_with	item_B00XZ3EF0U
item_B004I79ZC0	compatible_with	item_B00RDDTATO
item_B00917P36O	compatible_with	item_B017JHA2GS
item_B0019WS7I0	compatible_with	item_B00FXPRJWO
item_B017WSG1QY	compatible_with	item_B01DB3S9V4
item_B00L5E0QTU	compatible_with	item_B0146BB05M
item_B00IUOTWX4	compatible_with	item_B01E37SQ2O
item_B000E5ZANI	compatible_with	item_B00B58FQ5K
item_B004I766BS	compatible_with	item_B00YFMJZNC
item_B0091CC1OG	compatible_with	item_B00SPPBG46
item_B0091CC1OG	compatible_with	item_B00DPGQEZG
item_B00O12LOLC	compatible_with	item_B00ZUNGIJO
item_B00QGSJVZU	compatible_with	item_B01CZL590M
item_B00B58FQ5K	compatible_with	item_B00D1SQBQ0
item_B00NB3ZXR8	compatible_with	item_B01H6DY7BQ
item_B00LCJP40E	compatible_with	item_B01F6ALTNU
item_B00TEROC5E	compatible_with	item_B017ACMZ5I
item_B00XKXI2D6	compatible_with	item_B00XKY84LK
item_B00F3SJQ72	compatible_with	item_B00R8SY6FC
item_B00B58FQ5K	compatible_with	item_B019HML3H0
item_B0012G6KX2	compatible_with	item_B0018P664K
item_B001W020IC	compatible_with	item_B00NASDGCI
item_B00K7I1DYW	compatible_with	item_B00KCXG9AU
item_B00XKXHMD2	compatible_with	item_B01F324FMI
item_B013IXB626	compatible_with	item_B01GHZRL8U
item_B00MGLMHHK	compatible_with	item_B01B2GK5XW
item_B00E1ZPAG4	compatible_with	item_B015IBOEC0
item_B003BYNTSW	compatible_with	item_B00ZWQT1IE
item_B0093KTFZE	compatible_with	item_B01FA0DBAA
item_B00HIILFPG	compatible_with	item_B00NH9OSFO
item_B00MRAD9GS	compatible_with	item_B019752N26
item_B005AQB1W0	compatible_with	item_B005GQ2SD0
item_B001TR0UZI	compatible_with	item_B00FZEE2GO
item_B014OQ0R30	compatible_with	item_B01EHU2SLC
item_B00CBYYTPK	compatible_with	item_B00JFPJ2J6
item_B0084J4APK	compatible_with	item_B017WSG1QY
item_B004I76686	compatible_with	item_B00FROWEF8
item_B00394DPCO	compatible_with	item_B00V84SHIE
item_B00B58FQ5K	compatible_with	item_B0164NKL3M
item_B00NQFIPA8	compatible_with	item_B01C2IPCQ4
item_B01AA2LPD8	compatible_with	item_B01H30LCP6
item_B00WAIOZFG	compatible_with	item_B00XWUD32W
item_B003OBZ3UY	compatible_with	item_B0085TF7DS
item_B00K00U4IS	compatible_with	item_B01F7YUGGQ
item_B007KF1JZS	compatible_with	item_B01FRITG1I
item_B00XJRWCBG	compatible_with	item_B01ESQPHWW
item_B003953F7I	compatible_with	item_B00B81I7HI
item_B000SKNY96	compatible_with	item_B00JULWE54
item_B006JH6XF4	compatible_with	item_B018YIF56S
item_B00195IA9S	compatible_with	item_B00QVCSFC6
item_B00DO3TYBG	compatible_with	item_B019752N26
item_B00X9HIFIA	compatible_with	item_B01DWNKVIW
item_B002A9JX66	compatible_with	item_B01DUQKRPI
item_B000P50W6M	compatible_with	item_B00KOJYK44
item_B00A9HK6BM	compatible_with	item_B00MJU0E6E
item_B004WPHWF0	compatible_with	item_B00DVFWFKE
item_B0119GAX5K	compatible_with	item_B0160HYB8S
item_B00ACIFLBI	compatible_with	item_B00B6EBX4Q
item_B008MO5EAC	compatible_with	item_B00CJJUH9O
item_B0000WLTOE	compatible_with	item_B00KYM1DBE
item_B008C7BVBA	compatible_with	item_B01DZM1R24
item_B00ACIFH8U	compatible_with	item_B00G5N5VNW
item_B005CSNWCI	compatible_with	item_B00DG7AZSG
item_B000GA4ESI	compatible_with	item_B00PXSBGR0
item_B00QGSJVZU	compatible_with	item_B012TJG2AQ
item_B00S4TKRDE	compatible_with	item_B01DDDAAJ6
item_B00XXPMJKI	compatible_with	item_B01DDDISB8
item_B01AP40M7G	compatible_with	item_B01EMXX02U
item_B0009FB2WQ	compatible_with	item_B00FR9LTPY
item_B000V0EPUA	compatible_with	item_B00O4DOA64
item_B01ARZDZS6	compatible_with	item_B01H3EALTK
item_B00V4DG42K	compatible_with	item_B01AYOU1J6
item_B00D7HH8I0	compatible_with	item_B014V7MHMG
item_B0182G3YBK	compatible_with	item_B0182G7G3M
item_B00EXPDVB8	compatible_with	item_B00GUBHBRS
item_B01AOCTAYU	compatible_with	item_B01GCPV2YO
item_B000LDZDA8	compatible_with	item_B00JULWJLI
item_B00NGYNHZC	compatible_with	item_B00NJ873Q4
item_B00JUM9OAQ	compatible_with	item_B01AK98V6A
item_B0085TF7DS	compatible_with	item_B01HGX50S0
item_B00W9E8FOI	compatible_with	item_B01H00Q0KG
item_B002Z2FXU8	compatible_with	item_B00XKXI3J4
item_B01FSFMTDC	compatible_with	item_B01H6DY7BQ
item_B00WSVUYNC	compatible_with	item_B00XZ3EF0U
item_B0044XFVLC	compatible_with	item_B00Q4LZUW2
item_B00L5E0QTU	compatible_with	item_B00RY2O8C8
item_B00R57E7XM	compatible_with	item_B01BSEQNP2
item_B00WHF3E6S	compatible_with	item_B00Y3UHMQ8
item_B00O4DOA64	compatible_with	item_B01FEBZMQQ
item_B00MX2DS0W	compatible_with	item_B00NV61KB8
item_B006SFRKP4	compatible_with	item_B00SUSTDHU
item_B00JDTRD9U	compatible_with	item_B00XSKILZA
item_B002QQ7TN2	compatible_with	item_B00ACIFHBM
item_B00DSTSJWG	compatible_with	item_B01CRRWCEU
item_B00FXPRJWO	compatible_with	item_B00QMSPKVS
item_B0009UL0RI	compatible_with	item_B00NQY20W8
item_B00TFB769S	compatible_with	item_B013E0HGEA
item_B00OC0WN5Y	compatible_with	item_B01EP4C2XY
item_B009FZA25Y	compatible_with	item_B018G693S4
item_B004I7BKZ0	compatible_with	item_B005GV8O9M
item_B008YWF7OU	compatible_with	item_B0151E6OVI
item_B00MGJHZZQ	compatible_with	item_B00XD6AIW8
item_B00S1MXNL2	compatible_with	item_B018O6E9TY
item_B016YKHX86	compatible_with	item_B01C7PPU6O
item_B00295MQLU	compatible_with	item_B008AW1HJI
item_B00XZ3EF0U	compatible_with	item_B010E89DI2
item_B00NM3CWTE	compatible_with	item_B00WIS3ER8
item_B00JXZHFLK	compatible_with	item_B00SZ0A4H6
item_B00COB27ZE	compatible_with	item_B00K744FE6
item_B008MM5JW2	compatible_with	item_B016LJ4GBM
item_B00EV0SG9C	compatible_with	item_B00ZUJ9Q8I
item_B0018P87FG	compatible_with	item_B00V84SHIE
item_B005GV4OMS	compatible_with	item_B012P2FLA4
item_B00BSOU1L0	compatible_with	item_B00RU4TOF6
item_B008J0BM1E	compatible_with	item_B00XOTPOC8
item_B003M6J1HW	compatible_with	item_B01AD3B4WQ
item_B00FEMK2V6	compatible_with	item_B00MPJEOFG
item_B00P19QE7S	compatible_with	item_B01F8VL0UE
item_B008X25QJM	compatible_with	item_B01BCPF9NE
item_B00V84SHIE	compatible_with	item_B01EOX03V4
item_B0150YIVVK	compatible_with	item_B0161GA5FG
item_B0037NYGB6	compatible_with	item_B004YAU71E
item_B009PDDQDQ	compatible_with	item_B01B3HP24W
item_B000OPGSUW	compatible_with	item_B016YKHX86
item_B005F28HJ4	compatible_with	item_B00FXPRJWO
item_B000JJG6I2	compatible_with	item_B00FXPRJWO
item_B00J2SH92I	compatible_with	item_B00P3ASWQQ
item_B00XLCHJC6	compatible_with	item_B01H6DY7BQ
item_B007TXYYCG	compatible_with	item_B00RHQQI38
item_B0150YIVVK	compatible_with	item_B015E4HLNA
item_B01BBUIS0Q	compatible_with	item_B01CNJXNEU
item_B00FLXDYU4	compatible_with	item_B013WBFK6M
item_B00SX51EHC	compatible_with	item_B014V7MHMG
item_B01B3H9KFE	compatible_with	item_B01HIZ7GW4
item_B0012M65ZY	compatible_with	item_B01H3EALTK
item_B019IOEH16	compatible_with	item_B01E8RX1TC
item_B0067WPBT0	compatible_with	item_B00XKXHMD2
item_B00IWLE2RG	compatible_with	item_B00KV85V9Q
item_B00NJ873Q4	compatible_with	item_B01EFH2EO8
item_B000NZ7VS6	compatible_with	item_B00VXIG80Y
item_B000K7EOC8	compatible_with	item_B00KBZO8WA
item_B00HIZKH7G	compatible_with	item_B015KGHL3M
item_B00XKXHVYM	compatible_with	item_B01AMXW7LE
item_B006T32NEI	compatible_with	item_B00XKXI3WG
item_B015IW3BR8	compatible_with	item_B01BY7JU76
item_B003EEMI7M	compatible_with	item_B009SNLZS6
item_B00H0RYFFM	compatible_with	item_B00QGSJVZU
item_B016B9QRPU	compatible_with	item_B016S442X2
item_B002ITDH6K	compatible_with	item_B00Q4LZUW2
item_B00TUMR9I0	compatible_with	item_B00UV3P63C
item_B01AP40M26	compatible_with	item_B01F8VL0UE
item_B00MGLMHHK	compatible_with	item_B00P1EZ1HW
item_B0013KBX5W	compatible_with	item_B00T24Q4P0
item_B0123M88WE	compatible_with	item_B01GI5ENRG
item_B00F08ITAK	compatible_with	item_B01762MD0E
item_B00NASDG7I	compatible_with	item_B00XPF7T4M
item_B00GLA4630	compatible_with	item_B01H7EMBXK
item_B00M8U41Y6	compatible_with	item_B013W7M3XE
item_B0078Z0TAQ	compatible_with	item_B01CU3GN0A
item_B00BUC80DQ	compatible_with	item_B017LZINE6
item_B00V84SHIE	compatible_with	item_B00WIS3ER8
item_B0169EX0U2	compatible_with	item_B01CTPAFFI
item_B00QHLYETY	compatible_with	item_B01942W0IE
item_B016OPXG6O	compatible_with	item_B01DR117FA
item_B008Y96JIG	compatible_with	item_B00B58FQ5K
item_B00Z5OMBTO	compatible_with	item_B01B48OTW6
item_B0012FRI4S	compatible_with	item_B00VXIG80Y
item_B00QNAIJ4A	compatible_with	item_B01FUZ5WTS
item_B00ZBQ4O1E	compatible_with	item_B018LLBO9A
item_B001VKH05G	compatible_with	item_B00FEMK2V6
item_B00QGSJVZU	compatible_with	item_B01FUVMUVK
item_B014MCFM4K	compatible_with	item_B01FH6XXT6
item_B00IT3CO86	compatible_with	item_B011OFZFPO
item_B00UOQF63Q	compatible_with	item_B00WM6RT9K
item_B00UKEHDKG	compatible_with	item_B015H4F5HQ
item_B0007LVARY	compatible_with	item_B018MRRKR8
item_B001I1P320	compatible_with	item_B01FA0DBAA
item_B01B3HP24W	compatible_with	item_B01EAWU7Q0
item_B009YRM6MK	compatible_with	item_B00UUGKSE2
item_B00Y9L1LDQ	compatible_with	item_B0152R74K4
item_B0000WL3CW	compatible_with	item_B00FXPRJWO
item_B007GCKP82	compatible_with	item_B00Q4LZUW2
item_B00F9S84AQ	compatible_with	item_B00F9S8CCG
item_B001M5U3VS	compatible_with	item_B004M2GF5Q
item_B00GW7X5NO	compatible_with	item_B01DUQKRPI
item_B00RE5QNAK	compatible_with	item_B015SSQCO6
item_B012HBD9NY	compatible_with	item_B01B3HP24W
item_B00V4DG42K	compatible_with	item_B01CA1GJUQ
item_B003MWCODE	compatible_with	item_B00B81I4IU
item_B00IMB1DAA	compatible_with	item_B01BF4L1SY
item_B00SRKELDM	compatible_with	item_B00X6OALDI
item_B01AFNDPBW	compatible_with	item_B01FH9OZ72
item_B00V84SHIE	compatible_with	item_B01CID4BT2
item_B0009UL0RI	compatible_with	item_B0057XBEGY
item_B005IMAULE	compatible_with	item_B01ET9QYXO
item_B00GJ9LCOE	compatible_with	item_B01HF4A6DY
item_B009XKJ39M	compatible_with	item_B017V194DO
item_B00ACIFHBM	compatible_with	item_B00DFMH9EK
item_B018E5YCKG	compatible_with	item_B01FCYA2TW
item_B00V84SHIE	compatible_with	item_B01AJM0A3A
item_B00P3ASAGS	compatible_with	item_B00P3AT22Y
item_B007OSHLHQ	compatible_with	item_B00V84SHIE
item_B019DFQ83A	compatible_with	item_B019SS7LE2
item_B00L57P5XO	compatible_with	item_B00LE1C2V4
item_B00HFA919E	compatible_with	item_B015C9PJWW
item_B00SUSTDHU	compatible_with	item_B017D0803I
item_B009TVTNYK	compatible_with	item_B00JULWE54
item_B000HTNPR4	compatible_with	item_B013RMMWMG
item_B00JGUZZCS	compatible_with	item_B00N4N2IGO
item_B00LE1C2V4	compatible_with	item_B00UFMDXRK
item_B00R4TJJOS	compatible_with	item_B013JF7MCQ
item_B00FLXDYU4	compatible_with	item_B0132HUZVG
item_B00B58FQ5K	compatible_with	item_B00BVBD4R8
item_B005TOHX0M	compatible_with	item_B00MGLMHHK
item_B000V57DFO	compatible_with	item_B00XKXI3WG
item_B006SFRJ7S	compatible_with	item_B006SRTFGY
item_B00NB3ZXR8	compatible_with	item_B01F5A6GUM
item_B00IL3NRRG	compatible_with	item_B01FIHDXDA
item_B006SFRKP4	compatible_with	item_B00SPPBG46
item_B0012YCQ96	compatible_with	item_B016LJ4GBM
item_B01ASVY4E8	compatible_with	item_B01FHJV8P4
item_B00WFBGX1M	compatible_with	item_B01B6G8BKC
item_B00F3SJQ72	compatible_with	item_B01DPVEII0
item_B00DR06YI2	compatible_with	item_B00LTLP92I
item_B00OT607H2	compatible_with	item_B019HHGR3K
item_B00H8O106Y	compatible_with	item_B019752N26
item_B01C3ND116	compatible_with	item_B01ETAJDWW
item_B008MA16UI	compatible_with	item_B00KRYL792
item_B00E5PA6HS	compatible_with	item_B00FBM442W
item_B00K730Z00	compatible_with	item_B01GRQLGLW
item_B001ETXJVS	compatible_with	item_B00SZ0A4H6
item_B00EV10VPI	compatible_with	item_B00JULWE54
item_B006P09NFM	compatible_with	item_B00ACIFHBM
item_B011VAHCRG	compatible_with	item_B01EN4KVOI
item_B00MBIBMOW	compatible_with	item_B00MBIBZ12
item_B0156GCLD6	compatible_with	item_B0167T3AT0
item_B00939TYAG	compatible_with	item_B00ICTDUU8
item_B000783Z7A	compatible_with	item_B00PXSBGOI
item_B00NB3ZXR8	compatible_with	item_B01C4185AE
item_B00Y3I5ZSW	compatible_with	item_B01C3ND116
item_B00FN1EWLE	compatible_with	item_B00FN1EWQ4
item_B00D1SX8PW	compatible_with	item_B016LJ4GBM
item_B00KRYL792	compatible_with	item_B015ODF5KW
item_B0097B3RYE	compatible_with	item_B01CU3GN0A
item_B00C3F3O0S	compatible_with	item_B00QNAIJ4A
item_B015PCKEHQ	compatible_with	item_B019752N26
item_B002BM5ZS2	compatible_with	item_B00TK6HSNW
item_B00Q9PFJU6	compatible_with	item_B01D410A2O
item_B005DKRVHC	compatible_with	item_B00WKKSI7U
item_B00UNIDMOU	compatible_with	item_B013RMMWMG
item_B00816PQ0O	compatible_with	item_B012P2FLA4
item_B004I764VA	compatible_with	item_B01AOAU8FW
item_B00U0FY2TU	compatible_with	item_B00UCIVQ26
item_B00O70UZ3Q	compatible_with	item_B013W93UUM
item_B008F9VXEA	compatible_with	item_B017WSG1QY
item_B00VTVELAY	compatible_with	item_B01BGWYFE2
item_B00428EXFO	compatible_with	item_B00SMJHB6C
item_B00F3SJQ72	compatible_with	item_B01CN6IW08
item_B01B8ZSVA6	compatible_with	item_B01HBXYO4G
item_B005CW068C	compatible_with	item_B00MBI7NNG
item_B00ECG6JH6	compatible_with	item_B00NB0RX7O
item_B00P3AUGJ2	compatible_with	item_B00TLRMWR2
item_B00YYAKWDW	compatible_with	item_B01H6DY7BQ
item_B00196SJIE	compatible_with	item_B005DMY83A
item_B00C2L8FAC	compatible_with	item_B00IL3NRRG
item_B00O70UZ3Q	compatible_with	item_B01DBGJDB6
item_B002G9U57Q	compatible_with	item_B00KXU16SW
item_B0155EHRBK	compatible_with	item_B015G5SQ4A
item_B00L87U5FY	compatible_with	item_B00WHF3E6S
item_B011LTPIQO	compatible_with	item_B01CRXGQ0A
item_B00IMM76Q4	compatible_with	item_B01DBHYUDG
item_B00B58FQ5K	compatible_with	item_B00WAIOZFG
item_B018LLBO9A	compatible_with	item_B0197W9HJQ
item_B009NB70MI	compatible_with	item_B011TWR7SA
item_B0002LI85G	compatible_with	item_B00V84SHIE
item_B0072J71L8	compatible_with	item_B008BNKLO8
item_B006SRSZR4	compatible_with	item_B00SPPBG46
item_B00DXD8PO4	compatible_with	item_B011LTPIQO
item_B00PV35L3M	compatible_with	item_B00VTTOGHE
item_B01B3ISSBK	compatible_with	item_B01B3ITSVE
item_B00NJ873Q4	compatible_with	item_B01EOX26TQ
item_B00XJRWCBG	compatible_with	item_B01F8VL0UE
item_B0073E4X3Q	compatible_with	item_B0150WLXZS
item_B003A8UNZQ	compatible_with	item_B00Q4LZUW2
item_B00ORWMELU	compatible_with	item_B00XVOZX72
item_B00SQORTF6	compatible_with	item_B01CY7BU5U
item_B00GTL7I5E	compatible_with	item_B00WW6YJG6
item_B013X04PDG	compatible_with	item_B01DBGJDYI
item_B005DTUCK6	compatible_with	item_B01DDDAAJ6
item_B005GV9I7Y	compatible_with	item_B016LJ4J7S
item_B006VR2LLW	compatible_with	item_B00B58FQ5K
item_B00MBI7NNG	compatible_with	item_B014H5596S
item_B00PXSBGR0	compatible_with	item_B01CV2WQJM
item_B016MFEJ9O	compatible_with	item_B01B3ISSBK
item_B013SEP6FS	compatible_with	item_B01478Q4VE
item_B000RRG62W	compatible_with	item_B00NE4YJVK
item_B00MO05D9W	compatible_with	item_B00XWUD32W
item_B00AYS9I06	compatible_with	item_B018N1EB3E
item_B00249MG34	compatible_with	item_B00Q4LZUW2
item_B00MK92156	compatible_with	item_B00XKXHMD2
item_B005JF4U84	compatible_with	item_B00JULWJLI
item_B00MIGF2TS	compatible_with	item_B01GA82Q16
item_B00JJ5DIPQ	compatible_with	item_B012UOSYQK
item_B013E0HGEA	compatible_with	item_B0182G3YBK
item_B0099XS30S	compatible_with	item_B01G75W9G4
item_B0118XFD4A	compatible_with	item_B01AYYFPP6
item_B0155BAQIE	compatible_with	item_B01GKEBV3E
item_B000OTBUYM	compatible_with	item_B00V84SHIE
item_B0131JSP62	compatible_with	item_B016LJ4GBM
item_B0002TOZ1E	compatible_with	item_B00VTV63PA
item_B00KOLFACI	compatible_with	item_B00QGSJVZU
item_B000OTREHE	compatible_with	item_B00HFA919E
item_B003MAEV28	compatible_with	item_B00KKV2MW8
item_B00WHF3E6S	compatible_with	item_B01GGTY8ZQ
item_B00SFNF7XO	compatible_with	item_B016UGH4UQ
item_B0191C6CCM	compatible_with	item_B01H3EALTK
item_B00L40XUD4	compatible_with	item_B00V84SHIE
item_B0064YY0D4	compatible_with	item_B01FXIMHT0
item_B00GYVXZMO	compatible_with	item_B00QGSJVZU
item_B0019NM2QC	compatible_with	item_B002E6LPU2
item_B002BZJ1RU	compatible_with	item_B00O4ENWX0
item_B00DW39N8W	compatible_with	item_B00ZUJ9Q8I
item_B00W3HY108	compatible_with	item_B01D9SVW60
item_B00JDTRD9U	compatible_with	item_B01ETALLUY
item_B001BZAFXU	compatible_with	item_B00X9HIFIA
item_B000RBGYDO	compatible_with	item_B0010514PE
item_B0018OOF6M	compatible_with	item_B004HT0UU0
item_B005OB1M16	compatible_with	item_B00SMJHB9Y
item_B014OQ0R30	compatible_with	item_B01D410A2O
item_B00PM36CDE	compatible_with	item_B00R4TJJOS
item_B01C6E7WR6	compatible_with	item_B01ET9QYXO
item_B009TC0YV0	compatible_with	item_B01H3EALTK
item_B006SFRKP4	compatible_with	item_B006SFRVEY
item_B014BBB9SU	compatible_with	item_B015PFMTVM
item_B00NHECBBW	compatible_with	item_B01BX0YYA2
item_B00NY3RVL6	compatible_with	item_B00ZE87NFS
item_B00TU6EH9U	compatible_with	item_B00V84SHIE
item_B015H4F5HQ	compatible_with	item_B01DF38WGC
item_B016C2DG14	compatible_with	item_B019IBMJKU
item_B01CTPAFFI	compatible_with	item_B01CY0PVIY
item_B00VJL4Y1A	compatible_with	item_B01C3QQQMY
item_B00XDZ2WOQ	compatible_with	item_B01H6DY7BQ
item_B00LE1C2V4	compatible_with	item_B01AWEX49C
item_B017MMS0OG	compatible_with	item_B01E7Q8AVS
item_B004QMXVHM	compatible_with	item_B00FXPRJWO
item_B00V0GB0QQ	compatible_with	item_B013RMMWMG
item_B00YBAQ89C	compatible_with	item_B0198IUMZM
item_B00YXLULVU	compatible_with	item_B014XC8VXI
item_B005J2I1X2	compatible_with	item_B013E0HGEA
item_B00JULWJLI	compatible_with	item_B00NLJJNQE
item_B00EDTMJUI	compatible_with	item_B0115HTFC0
item_B00NQJ5LAQ	compatible_with	item_B01D94NNEI
item_B00FXLCUPO	compatible_with	item_B00NX6Z9ZY
item_B006JBYN70	compatible_with	item_B00L5E0NQG
item_B00SMJHB9Y	compatible_with	item_B00XU6PFBK
item_B006L1MP50	compatible_with	item_B00NJ873Q4
item_B00JULWE54	compatible_with	item_B00LOWW0YW
item_B00139IETG	compatible_with	item_B008HRFSQE
item_B002WV37UU	compatible_with	item_B019HHGR3K
item_B00GBVNW9I	compatible_with	item_B015USX5TE
item_B00K00UN66	compatible_with	item_B012TZ9RYS
item_B00R4TJJOS	compatible_with	item_B01890QD8K
item_B00WQFE5ZI	compatible_with	item_B00ZE87NFS
item_B00K00U4IS	compatible_with	item_B01C3NEFZW
item_B01EMSY0OC	compatible_with	item_B01H6DY7BQ
item_B00147VXN6	compatible_with	item_B019HHGR3K
item_B009EVMCCA	compatible_with	item_B00XFSTNC0
item_B00412MS0S	compatible_with	item_B011WWD6KA
item_B0047EXR78	compatible_with	item_B01DB4M7MA
item_B0078J8BF2	compatible_with	item_B00GW94RWA
item_B019OMDI3A	compatible_with	item_B01H30LCP6
item_B00GTJIHME	compatible_with	item_B00GTJJ0CU
item_B00GOT009W	compatible_with	item_B012XOO8UI
item_B00XZ3EF0U	compatible_with	item_B010E1TOI8
item_B00H0IGD2Y	compatible_with	item_B013I4ICOA
item_B00O70UZ3Q	compatible_with	item_B00QE3XN06
item_B000HOSFDI	compatible_with	item_B00195EEAM
item_B0077BX3GI	compatible_with	item_B00ZUJ9Q8I
item_B01F0OR8JG	compatible_with	item_B01F8VL0UE
item_B00NV61C48	compatible_with	item_B01CDY8EKI
item_B011TIDQR0	compatible_with	item_B016Y7GSHQ
item_B001LFXZPU	compatible_with	item_B00FXPRIPC
item_B00W9E8FOI	compatible_with	item_B00XLVMCM4
item_B003LO20EQ	compatible_with	item_B00SUWUPFA
item_B004LKZ6B8	compatible_with	item_B00W5070JW
item_B006YG78LI	compatible_with	item_B00E97JHO0
item_B000LXO78W	compatible_with	item_B00V84SHIE
item_B015YQERX0	compatible_with	item_B01HGX50S0
item_B00XXPMJKI	compatible_with	item_B00YVMCHOU
item_B00DMW4T8C	compatible_with	item_B00SRKEBO6
item_B01C2IPCQ4	compatible_with	item_B01EZN27X0
item_B00KVYFUJG	compatible_with	item_B019752N26
item_B01C4185AE	compatible_with	item_B01G81RRIW
item_B00LOB6TP4	compatible_with	item_B01GCH9PF0
item_B0118GNK0Q	compatible_with	item_B01BY7JU76
item_B00KT8T4UA	compatible_with	item_B01DUQKRPI
item_B00BU96BJO	compatible_with	item_B00XWUD32W
item_B019S38JJI	compatible_with	item_B019S3AZFY
item_B00RGWU7E4	compatible_with	item_B016MZPXNU
item_B01C3ND116	compatible_with	item_B01ETAL9VU
item_B00I1JPU0C	compatible_with	item_B00QNAIJ4A
item_B01AX97URI	compatible_with	item_B01EFWC55Q
item_B002NPCJ6I	compatible_with	item_B019407BLC
item_B00139IETG	compatible_with	item_B003212NPO
item_B01FVZH0EM	compatible_with	item_B01GCPQBTK
item_B00D470SDA	compatible_with	item_B00ULRWSC0
item_B001SASX0A	compatible_with	item_B01H7EMBXK
item_B009NB70MI	compatible_with	item_B01H6YB182
item_B0115KIWSA	compatible_with	item_B01B5DT22M
item_B00WY4QXT2	compatible_with	item_B01FKVO43C
item_B00LOT6690	compatible_with	item_B019752N26
item_B00PKOCZXQ	compatible_with	item_B0182G3RB2
item_B00O72IPCC	compatible_with	item_B01E8WY9IE
item_B00SKSZMKM	compatible_with	item_B01FX3ZSWI
item_B00IIJ80ZW	compatible_with	item_B00PUY65CI
item_B00ISBGYJ4	compatible_with	item_B0115KHC8Q
item_B001THDBSQ	compatible_with	item_B01DUQKRPI
item_B00HTAT6Y0	compatible_with	item_B013HTVCQG
item_B00LE1C2V4	compatible_with	item_B01F8KV3MA
item_B00J9BEDT0	compatible_with	item_B018X7QW30
item_B00QNAIJ4A	compatible_with	item_B00ZUYMFLI
item_B006Q95VRQ	compatible_with	item_B01CU3GN0A
item_B00IYQ84D2	compatible_with	item_B017QBXLQU
item_B000RMRYI2	compatible_with	item_B00MY8WSCO
item_B00CSAWPLW	compatible_with	item_B00WBH922M
item_B0171UN0RQ	compatible_with	item_B01AOCTAYU
item_B007IN139Y	compatible_with	item_B00Q4LZUW2
item_B00N2LV1PC	compatible_with	item_B01FUI8SK0
item_B00VGR38QY	compatible_with	item_B017QBXLQU
item_B00FXLCUPO	compatible_with	item_B017OXG018
item_B00TO6TEO4	compatible_with	item_B0192NPNDY
item_B00JBRB2IC	compatible_with	item_B01ETAJDWW
item_B00139IETG	compatible_with	item_B00K8INDJO
item_B00XKXZIPG	compatible_with	item_B0127XUXLS
item_B01B3HP24W	compatible_with	item_B01FNAEQNS
item_B00JVVLK62	compatible_with	item_B00WKT2ZQG
item_B00JDTRD9U	compatible_with	item_B01ETAL35W
item_B00FXTL098	compatible_with	item_B0192BK6I8
item_B00TCCTY18	compatible_with	item_B0182G7G3M
item_B006WITM4Y	compatible_with	item_B00W9E8FOI
item_B00MN7REHA	compatible_with	item_B00OXPXT4W
item_B006Z8F2ZO	compatible_with	item_B00KOJYK44
item_B0085TF7DS	compatible_with	item_B00FXPUNZE
item_B000M5HOGQ	compatible_with	item_B005WO818C
item_B01BU5AVK2	compatible_with	item_B01CCK563G
item_B005C9G6R0	compatible_with	item_B00XWUD32W
item_B00GSNYWXY	compatible_with	item_B00X3RZIK4
item_B0143JASEG	compatible_with	item_B01FWTCRSG
item_B00YEDR4LM	compatible_with	item_B014GSTE4Y
item_B01DYYLR82	compatible_with	item_B01EN4KVOI
item_B00DH9OSRM	compatible_with	item_B0186MYRIE
item_B00W9YVU36	compatible_with	item_B01HF4A6DY
item_B00JDTRD9U	compatible_with	item_B00LCICCZU
item_B0009YL20E	compatible_with	item_B0016KYWQ6
item_B00RNE1PPA	compatible_with	item_B01FNUPOF2
item_B002HIBU9S	compatible_with	item_B01AAUDQX2
item_B000C1LKP6	compatible_with	item_B00139IETG
item_B013V0MQVQ	compatible_with	item_B014MCFM4K
item_B01DCK4SW0	compatible_with	item_B01ETAL35W
item_B006KD7Q2Q	compatible_with	item_B019X2NGF6
item_B00TF67E5E	compatible_with	item_B00TF67T40
item_B00VTTOGHE	compatible_with	item_B00Z9T6XL2
item_B000JJIET6	compatible_with	item_B0018OOF6M
item_B00295MQLU	compatible_with	item_B005725VP0
item_B00917OUJK	compatible_with	item_B00ULZAECI
item_B00R82PNZK	compatible_with	item_B01ESQPHWW
item_B00ZJVK15E	compatible_with	item_B00ZZR2E6G
item_B0064Y3ORM	compatible_with	item_B016YKHX86
item_B01FJ3CRY4	compatible_with	item_B01GGR0ICU
item_B00FZR1ZVQ	compatible_with	item_B00JULWJLI
item_B00YEDR4LM	compatible_with	item_B014FD887Y
item_B00O70UZ3Q	compatible_with	item_B00XJRWCBG
item_B00505DPSO	compatible_with	item_B00IMB1DAA
item_B00E6U8ZJ8	compatible_with	item_B00XLV4AQU
item_B004CO6PY0	compatible_with	item_B00LVJ9V3G
item_B00U00Z2CG	compatible_with	item_B015SSQCO6
item_B0012M0XZ2	compatible_with	item_B00V84SHIE
item_B00EUD4IX8	compatible_with	item_B00KBZO8WA
item_B00Q2M3UEI	compatible_with	item_B01GME2VHM
item_B014MCFM4K	compatible_with	item_B014RVPNF4
item_B00KG6RN44	compatible_with	item_B01DUQKRPI
item_B006SU4EGW	compatible_with	item_B01A9RP7WY
item_B00UF405AG	compatible_with	item_B01DBGJDYI
item_B00SKSQCQU	compatible_with	item_B01F4BCFMU
item_B019IBMJKU	compatible_with	item_B019ZBR6QA
item_B00IPEWVCI	compatible_with	item_B012P2FLA4
item_B00505DTHQ	compatible_with	item_B00IMB1DAA
item_B00GC73ZF2	compatible_with	item_B012XOO8UI
item_B00WND4DW8	compatible_with	item_B019752N26
item_B00C9V8PXW	compatible_with	item_B00S8Q00BM
item_B01B3ISSBK	compatible_with	item_B01B51QMXQ
item_B00KCXQ3N8	compatible_with	item_B01GQPTL5C
item_B00JQRQDSQ	compatible_with	item_B00QNAIJ4A
item_B006QXUEZQ	compatible_with	item_B016ZRFA5G
item_B000MT9KEG	compatible_with	item_B0131JMN10
item_B013B2J5MM	compatible_with	item_B01FX0V4AG
item_B008J0BM1E	compatible_with	item_B009RETM86
item_B01EO8RH9A	compatible_with	item_B01F4LKU36
item_B00FXPRL5O	compatible_with	item_B01BW676D4
item_B0182G3RB2	compatible_with	item_B0182G3YBK
item_B01B3HP24W	compatible_with	item_B01F7QFTC0
item_B00V7MMQ5C	compatible_with	item_B01H6DY7BQ
item_B00LYTBB68	compatible_with	item_B00NQJ5LAQ
item_B00O70UZ3Q	compatible_with	item_B00P53L9OI
item_B00WHF3E6S	compatible_with	item_B013JSEEBU
item_B00APXN95U	compatible_with	item_B00GROHJJI
item_B00NVSCBRS	compatible_with	item_B00VXIG80Y
item_B0009G898K	compatible_with	item_B00139IETG
item_B019IO1OTO	compatible_with	item_B01D08CSIA
item_B00B58FQ5K	compatible_with	item_B00SAEFOPO
item_B00KG41JMS	compatible_with	item_B01AOGZ0OK
item_B00IQPV5QY	compatible_with	item_B01H3EALMM
item_B01B3ISSBK	compatible_with	item_B01DIF1W4G
item_B0156GCLD6	compatible_with	item_B01GJ1Q368
item_B00TKVQM7K	compatible_with	item_B01010X80W
item_B00VHVK4W0	compatible_with	item_B010SBXV3I
item_B007AK1LW4	compatible_with	item_B008B81LP6
item_B007XMQ1VA	compatible_with	item_B00NASDG7I
item_B01E61CD1C	compatible_with	item_B01FX6V98W
item_B00NHECBBW	compatible_with	item_B00QCCP5N2
item_B00GAZMA2A	compatible_with	item_B00IVJ0VYC
item_B00SA86JPE	compatible_with	item_B00ZUJ9Q8I
item_B000M5HF5G	compatible_with	item_B00139IETG
item_B00KRYL792	compatible_with	item_B011YXZXI0
item_B00B58FQ5K	compatible_with	item_B00BERMN7G
item_B00NE4YB36	compatible_with	item_B00V84SHIE
item_B00SMJORSM	compatible_with	item_B00XWUD32W
item_B00BGFEANG	compatible_with	item_B00DMW4T8C
item_B0150YIVVK	compatible_with	item_B0185FVZJQ
item_B00F3SJQ72	compatible_with	item_B01DNH45WK
item_B00CE58V4G	compatible_with	item_B00KRYL792
item_B00NJ873Q4	compatible_with	item_B0197YQ48Q
item_B012U0DPTU	compatible_with	item_B019IBMJKU
item_B007ZIPZD2	compatible_with	item_B00SQORTF6
item_B00V84SHIE	compatible_with	item_B01DIUSLYA
item_B00MNZEVQO	compatible_with	item_B00NGWP7FW
item_B00RYYL3N8	compatible_with	item_B00YEDR4LM
item_B004DBPBTW	compatible_with	item_B00JULWE54
item_B00HZVU6F6	compatible_with	item_B01B3ISSBK
item_B000X9KLEI	compatible_with	item_B00139IETG
item_B00QNAIJ4A	compatible_with	item_B00YQAF4GA
item_B00FM07U4M	compatible_with	item_B00VLIW7SS
item_B003ZUOPSU	compatible_with	item_B00FXLCUPO
item_B00FXPRJWO	compatible_with	item_B01AY6CK20
item_B00JULWJLI	compatible_with	item_B00T6LHEOY
item_B00NH5GFDG	compatible_with	item_B01H3CSYOQ
item_B00CI5LPUO	compatible_with	item_B01BU5AVK2
item_B00EIM8XFU	compatible_with	item_B00KZT5X26
item_B008YWF7OU	compatible_with	item_B00JULWZ62
item_B00GX8AZ58	compatible_with	item_B01DOFVECK
item_B0134BZ9ES	compatible_with	item_B0198YXSUW
item_B015MH8UHA	compatible_with	item_B01AP40M7G
item_B000A38DJ2	compatible_with	item_B004CO6PY0
item_B00SLDSYL0	compatible_with	item_B00Z9T6XL2
item_B01331SHAW	compatible_with	item_B01CTVQ5NI
item_B00XLV8PJS	compatible_with	item_B01BU5AVK2
item_B00TFB769S	compatible_with	item_B0182G3RB2
item_B00B2DJKMS	compatible_with	item_B00VHVK4W0
item_B002FAYW5M	compatible_with	item_B018YIF56S
item_B00GXXJTAK	compatible_with	item_B0195TS968
item_B019P1OYKG	compatible_with	item_B01D1TZVIM
item_B001FOQI1U	compatible_with	item_B00JULWJLI
item_B00XKXHMD2	compatible_with	item_B01DL3MVCC
item_B01855NJUO	compatible_with	item_B01B3HP24W
item_B00505DPSO	compatible_with	item_B00DZP4XO6
item_B00GJ6XC6S	compatible_with	item_B00V84SHIE
item_B01AABE4QE	compatible_with	item_B01CY6SBA8
item_B0092KFVRG	compatible_with	item_B00XKXHMD2
item_B0019RS0IC	compatible_with	item_B006SFRJ7S
item_B00EA6FISE	compatible_with	item_B00K00UN66
item_B00D3YQGGC	compatible_with	item_B00HIILFPG
item_B00LOB6FVW	compatible_with	item_B01DUQKRPI
item_B004HKEZI2	compatible_with	item_B00APXN95U
item_B00MH5BITS	compatible_with	item_B00YCE69FK
item_B01BE62RM2	compatible_with	item_B01BMO15OC
item_B000OVHWEW	compatible_with	item_B00EJDD2ZY
item_B00L5E0QTU	compatible_with	item_B01FYDUDVS
item_B00325MSWI	compatible_with	item_B00JULWE54
item_B00NJ873Q4	compatible_with	item_B00QQT33LC
item_B00Q4LZUW2	compatible_with	item_B01EL4J3NK
item_B00IY2YTTE	compatible_with	item_B00NQJ5LAQ
item_B00GW7X5NO	compatible_with	item_B018YIF56S
item_B00ZUIC9EM	compatible_with	item_B01GO0VDQO
item_B00O70UZ3Q	compatible_with	item_B00SRKELDM
item_B011PEAL1W	compatible_with	item_B019IBMJKU
item_B003XKNC04	compatible_with	item_B01C5DK1T4
item_B0079MFOJO	compatible_with	item_B00W3HY108
item_B00QW2KLJK	compatible_with	item_B0107QYW14
item_B000HTGTYA	compatible_with	item_B00SMJHB6C
item_B001DT4GMU	compatible_with	item_B00NASDGCI
item_B010CLECNW	compatible_with	item_B01GO0VDQO
item_B008QZ1DNO	compatible_with	item_B00CM7KJMS
item_B000BVZPDK	compatible_with	item_B00Z5OMBTO
item_B005GPIEL6	compatible_with	item_B01B3ISSBK
item_B00S568L9S	compatible_with	item_B00VTTOGHE
item_B00JC2YXFK	compatible_with	item_B00RZMR4AU
item_B00H4WO18E	compatible_with	item_B00ZUJ9Q8I
item_B00CPWDW42	compatible_with	item_B0195TS5JE
item_B015N6XQ9C	compatible_with	item_B019XPUINQ
item_B00SSYV11C	compatible_with	item_B01GYJZF1E
item_B01DEX6M92	compatible_with	item_B01EP4C2XY
item_B00SAF9W7O	compatible_with	item_B012XQT80Q
item_B00KEIX0TQ	compatible_with	item_B01EFH61CY
item_B01C2REXGK	compatible_with	item_B01D410A2O
item_B00JBRB2IC	compatible_with	item_B01DAG6EB4
item_B002TNQAJQ	compatible_with	item_B011LTPIQO
item_B019IBMJKU	compatible_with	item_B01B3H9KFE
item_B00GT0BPDQ	compatible_with	item_B00LEUC15C
item_B00O70UZ3Q	compatible_with	item_B00PNUJO5E
item_B005DWJOGQ	compatible_with	item_B00UWUVMX2
item_B00XFSTNC0	compatible_with	item_B00YYONAQE
item_B00B89IJE6	compatible_with	item_B01E2DKX66
item_B00JDTRD9U	compatible_with	item_B00W4ICNGK
item_B00HTAT6Y0	compatible_with	item_B01D9M1OPA
item_B00AZNK1RO	compatible_with	item_B00H92F7ZU
item_B00FXPRJWO	compatible_with	item_B00JEAQ6V4
item_B0017SKHCU	compatible_with	item_B00FXPRJWO
item_B00BSOU1L0	compatible_with	item_B01A7EA210
item_B00Z9T6XL2	compatible_with	item_B01DZKLOAQ
item_B00W6BP006	compatible_with	item_B013E0HGEA
item_B00ET1V3UW	compatible_with	item_B01EKZS3K4
item_B004I766BS	compatible_with	item_B016LJ4GBM
item_B00BQ9FVQM	compatible_with	item_B00DK9YA5Y
item_B0072J71L8	compatible_with	item_B0072J71LI
item_B00FXPRL5O	compatible_with	item_B00FXPSNZQ
item_B008MM5JW2	compatible_with	item_B015G5SQ4A
item_B0012M0A5U	compatible_with	item_B00FXPRJWO
item_B0072B6WG6	compatible_with	item_B00NASDG7I
item_B013W7M3XE	compatible_with	item_B015RJWTNY
item_B00XKXHMD2	compatible_with	item_B010MC6BYO
item_B00CK0GNWM	compatible_with	item_B00VD1VTCS
item_B00024BM6A	compatible_with	item_B00QGSJVZU
item_B000HTG9O0	compatible_with	item_B01DUQKRPI
item_B011LTPIQO	compatible_with	item_B01EJBGN38
item_B0115KHC8Q	compatible_with	item_B019G0KG3K
item_B0012MR6G6	compatible_with	item_B00NASDG7I
item_B015H4F5HQ	compatible_with	item_B01FHO4S56
item_B01BHKUB5A	compatible_with	item_B01EQRAAU2
item_B0007RAE7A	compatible_with	item_B00XKXHMD2
item_B01E0FPAAK	compatible_with	item_B01FYI4TLI
item_B00NJ873Q4	compatible_with	item_B01H3EB18A
item_B00ZY5O69W	compatible_with	item_B013E0HGEA
item_B00Y832TFO	compatible_with	item_B015U9A6TU
item_B010MAXNL0	compatible_with	item_B01GO0VDQO
item_B00KBZOB40	compatible_with	item_B00ZGF4AUU
item_B005MXHGQG	compatible_with	item_B00XWUD32W
item_B000783NUY	compatible_with	item_B00PXSBBJI
item_B0058Q9KSO	compatible_with	item_B00XKXI2D6
item_B010RA4PQM	compatible_with	item_B01BTTSH5A
item_B00WHF3E6S	compatible_with	item_B015FOKO88
item_B00JZYJBMU	compatible_with	item_B00NJ873Q4
item_B00OZIFP5S	compatible_with	item_B017MSNUM2
item_B00A17KOC6	compatible_with	item_B01DDDAAJ6
item_B001RUVS4Y	compatible_with	item_B01FD4AS4K
item_B00LPQXVFE	compatible_with	item_B00WAF6B4C
item_B00B7WR2LU	compatible_with	item_B014MCFM4K
item_B009B1VCGA	compatible_with	item_B01FBSGFZ4
item_B00PXSJ5TQ	compatible_with	item_B014K09RHM
item_B00NHECBBW	compatible_with	item_B00T5LKISO
item_B019407BLC	compatible_with	item_B019P5X156
item_B0012G9G7E	compatible_with	item_B00139IETG
item_B0166BU7T0	compatible_with	item_B01CHSNS5Q
item_B000WLPWAK	compatible_with	item_B004R7JIAU
item_B000CEM6E2	compatible_with	item_B00JULWJLI
item_B00XKSI06U	compatible_with	item_B01CAHW2E2
item_B00KT8VBJ2	compatible_with	item_B00N4N2IGO
item_B00I0L81J8	compatible_with	item_B01H3EALEA
item_B00CVU2OME	compatible_with	item_B01762MD0E
item_B004ZWH9UI	compatible_with	item_B01DDDAAJ6
item_B0002MCQZS	compatible_with	item_B00V84SHIE
item_B001NEKCTQ	compatible_with	item_B012XOO8UI
item_B00XXPMJKI	compatible_with	item_B01FWOMBPU
item_B019407BLC	compatible_with	item_B01BUJT2NU
item_B00BXUSRYC	compatible_with	item_B00T59FPB6
item_B0054M8VBO	compatible_with	item_B00AY5OMCS
item_B00ADCB7C0	compatible_with	item_B017D0803I
item_B00L5E0QTU	compatible_with	item_B01FLRH4FK
item_B015QHZAEM	compatible_with	item_B01DJP6MTA
item_B00SQPZL2S	compatible_with	item_B010P4LAZY
item_B00O2UCPBQ	compatible_with	item_B01B2GK5XW
item_B00W2TG8P8	compatible_with	item_B01C3ND116
item_B00ED9M23W	compatible_with	item_B01DB9WT4Q
item_B00639N68A	compatible_with	item_B00GHYPHNI
item_B007P5FE72	compatible_with	item_B00X9HIFIA
item_B00ULZAECI	compatible_with	item_B01BCQMEGI
item_B00ZUJ9Q8I	compatible_with	item_B010O0YQDW
item_B00O7VMTKC	compatible_with	item_B010OF8R64
item_B0183SZ1S6	compatible_with	item_B01DEJZT3G
item_B01DLJOBNS	compatible_with	item_B01FQS7RSS
item_B00V47TIXS	compatible_with	item_B01CU3GN0A
item_B00H97DAFY	compatible_with	item_B00XBBAV2C
item_B0012FP64W	compatible_with	item_B005WO818C
item_B004FGMWY2	compatible_with	item_B019S38JJI
item_B005GVDQKE	compatible_with	item_B016LJ4J7S
item_B007EHZ4DA	compatible_with	item_B01DDDAAJ6
item_B005MRBF64	compatible_with	item_B00XKXHMD2
item_B004479AWO	compatible_with	item_B007QSBH88
item_B014PH1ZVG	compatible_with	item_B015PFMTVM
item_B00QVCSFC6	compatible_with	item_B01GU7VSFW
item_B01DP2STES	compatible_with	item_B01GNUKTYW
item_B00SQORTF6	compatible_with	item_B01BM5IS6O
item_B00HSX8ON2	compatible_with	item_B019752N26
item_B00NJ873Q4	compatible_with	item_B012BUR7HA
item_B00N3QCEDY	compatible_with	item_B00Y9MH16G
item_B001MBD93Q	compatible_with	item_B00PNIB5YO
item_B006SFRKP4	compatible_with	item_B00EFFXG5W
item_B01DFK6OA6	compatible_with	item_B01GPI9EUM
item_B00BGVIO7I	compatible_with	item_B013W7M3XE
item_B00V84SHIE	compatible_with	item_B012XP8466
item_B00GWY1R4G	compatible_with	item_B019EF7130
item_B00Q4LZUW2	compatible_with	item_B012H2Z3U0
item_B01CSEYHUO	compatible_with	item_B01GDQ2LE2
item_B01DP724O4	compatible_with	item_B01EYJ2YS8
item_B011LTPIQO	compatible_with	item_B017G0ILMU
item_B00ZC5EITC	compatible_with	item_B01DDDAAJ6
item_B00CEH08H2	compatible_with	item_B00PXSBC1U
item_B00UXIRQGU	compatible_with	item_B00YNK2600
item_B000HT98GQ	compatible_with	item_B00XKXHMD2
item_B015CBQ3ZW	compatible_with	item_B0184COAOC
item_B00XXPMJKI	compatible_with	item_B01FWON2DA
item_B0118XFD4A	compatible_with	item_B015FT65LI
item_B01DOFVECK	compatible_with	item_B01GKB91A2
item_B000OTV380	compatible_with	item_B011LTPIQO
item_B006SFRJ7S	compatible_with	item_B00GBQHZIW
item_B001LPHL9G	compatible_with	item_B003BYNTSW
item_B00V84SHIE	compatible_with	item_B01CH1N4BG
item_B00141A9P0	compatible_with	item_B010E3CCIA
item_B005NKRWFS	compatible_with	item_B00DVFWFKE
item_B00T7IETU8	compatible_with	item_B01EWX95QA
item_B004H9O8XU	compatible_with	item_B018MRRKR8
item_B0152R74K4	compatible_with	item_B01ANHD9TI
item_B0012G6KX2	compatible_with	item_B0132HVJA2
item_B00L4POGK0	compatible_with	item_B016OT9B8C
item_B016MZPXNU	compatible_with	item_B01890QD8K
item_B00F8G84X6	compatible_with	item_B00ZZR2E6G
item_B00H41QB3I	compatible_with	item_B01H9J0RB6
item_B00SKHTJY8	compatible_with	item_B01F8VL0UE
item_B0131JMSCE	compatible_with	item_B01ARZDZS6
item_B00Z5OMBTO	compatible_with	item_B012E3ID8Q
item_B000HRACTU	compatible_with	item_B00XWUD32W
item_B004VO7UJA	compatible_with	item_B00XWUD32W
item_B00FXPRIPC	compatible_with	item_B00FXPSNZQ
item_B00BRDBCMO	compatible_with	item_B00Z5ONCG0
item_B00HFQSGX0	compatible_with	item_B01DB9WT4Q
item_B00SYS4Q1Y	compatible_with	item_B01H43Z5GY
item_B001B11EV6	compatible_with	item_B008YWF7OU
item_B00WV1V7RG	compatible_with	item_B01EY7GWYW
item_B013E0HGEA	compatible_with	item_B01BGG4LRY
item_B00V4DG42K	compatible_with	item_B01F2LG12W
item_B013D0T3BU	compatible_with	item_B01DBGJDYI
item_B00GCFCLN6	compatible_with	item_B00V84SHIE
item_B00BI20E2S	compatible_with	item_B01BU5AVK2
item_B00CM7BQYI	compatible_with	item_B00XXPNFME
item_B00WR255YK	compatible_with	item_B013MDEIYA
item_B005QR8OP0	compatible_with	item_B00PE75UF4
item_B00N2LV1PC	compatible_with	item_B01EA8CK2S
item_B00MTFXJXO	compatible_with	item_B016LJ4GBM
item_B00266PB5A	compatible_with	item_B00IMM76Q4
item_B0000ANHT7	compatible_with	item_B01A16XYT6
item_B00LTP4222	compatible_with	item_B00V47TIXS
item_B00H7QL45A	compatible_with	item_B0119GBRSM
item_B011Q84WZS	compatible_with	item_B018YIF56S
item_B00T6CLQTW	compatible_with	item_B00YGB914K
item_B00L9GH0P2	compatible_with	item_B00ON0QV8S
item_B001MBD93Q	compatible_with	item_B0093KJ1W6
item_B00NHECBBW	compatible_with	item_B00O7WDZQS
item_B019HHGR3K	compatible_with	item_B01BPX1VR6
item_B00I11KM8U	compatible_with	item_B00IIJ81NI
item_B00B58FQ5K	compatible_with	item_B00CS9FWJU
item_B00ISJF3CA	compatible_with	item_B0141MBY1Q
item_B00K2XIV10	compatible_with	item_B00XXPMJKI
item_B005F9G1HW	compatible_with	item_B00939TYAG
item_B00H5EWV42	compatible_with	item_B0115HTFC0
item_B01GGR0ICU	compatible_with	item_B01GRJ0BP6
item_B0016J9UCI	compatible_with	item_B01708CTGM
item_B00295MQLU	compatible_with	item_B007C2PZQ8
item_B00XWGNIAS	compatible_with	item_B014MCFM4K
item_B00Z5SJIPK	compatible_with	item_B012XOO8UI
item_B01DTZV50G	compatible_with	item_B01GCTF46M
item_B0065ECGKM	compatible_with	item_B00CY7RLWC
item_B00OQDBUQA	compatible_with	item_B00P7J51WG
item_B007E56MBA	compatible_with	item_B00MY8WSCO
item_B00VY0808E	compatible_with	item_B0118XFD4A
item_B00YV50ORO	compatible_with	item_B01G834CJC
item_B00LKW2S3E	compatible_with	item_B00NPKU05W
item_B00CEH3C0C	compatible_with	item_B00PXSBC1U
item_B0092X0R40	compatible_with	item_B00ZQ3LAKK
item_B00ACIFKH8	compatible_with	item_B00KBZOB40
item_B00HUS748G	compatible_with	item_B0115HTFC0
item_B013SEP6FS	compatible_with	item_B01810JDN0
item_B00YGB914K	compatible_with	item_B01ALS9M9U
item_B00WKAHJRK	compatible_with	item_B011TFHDH2
item_B00GUBHBRS	compatible_with	item_B00YEU144I
item_B017WSG1QY	compatible_with	item_B01H7TXM2Y
item_B00JC2YXFK	compatible_with	item_B00RXXVQFA
item_B01AYZLMKC	compatible_with	item_B01DUQKRPI
item_B00Q0BHE16	compatible_with	item_B012UJENIS
item_B00B2G16DG	compatible_with	item_B01F324FMI
item_B0002TORZS	compatible_with	item_B00XWUD32W
item_B00KBZOVVI	compatible_with	item_B00XKXHMD2
item_B0058XJICU	compatible_with	item_B01H3EALMM
item_B000O1FD6Q	compatible_with	item_B01D1ZDKXO
item_B00X3RZIK4	compatible_with	item_B01GPM4WPA
item_B00GJB14ZE	compatible_with	item_B015SSQCO6
item_B00N82F4LW	compatible_with	item_B01BU5AVK2
item_B000O7L85K	compatible_with	item_B01DUQKRPI
item_B004I764VA	compatible_with	item_B005GPSEKC
item_B00K17LRYA	compatible_with	item_B00QFP31QE
item_B000PY9URU	compatible_with	item_B00IMB1DAA
item_B00PW00DGY	compatible_with	item_B00S0HGLXK
item_B00NQJ5LAQ	compatible_with	item_B01HD6TXJM
item_B00Q0BHE16	compatible_with	item_B00RE5QNAK
item_B00WPUZZ9Y	compatible_with	item_B01E2DKX66
item_B00N9S5TR4	compatible_with	item_B00TKVQM7K
item_B00LBG0VTC	compatible_with	item_B00Q4LZUW2
item_B00NQJ5LAQ	compatible_with	item_B011MNPVHK
item_B00J36X1GW	compatible_with	item_B013E0HGEA
item_B012V66GLW	compatible_with	item_B01GU62EJM
item_B00VVX6F40	compatible_with	item_B0115KIWSA
item_B00XWUD32W	compatible_with	item_B01AYPPBIG
item_B00MUUYIRO	compatible_with	item_B01CR580CU
item_B007O0BL6G	compatible_with	item_B01CZKPW7S
item_B008TUUOSG	compatible_with	item_B00A09C50Y
item_B00LKW2RTE	compatible_with	item_B01DX7KSZ8
item_B00GJZACL2	compatible_with	item_B00NHECBBW
item_B00N2LV1PC	compatible_with	item_B00OB8VXNK
item_B018LLBO9A	compatible_with	item_B01FZ6N9TM
item_B016E9SS4A	compatible_with	item_B01CR580CU
item_B00K00U4IS	compatible_with	item_B01CIYSFM0
item_B00JBRB2IC	compatible_with	item_B01C3ND116
item_B0169SDVPW	compatible_with	item_B018G693S4
item_B01478Q4VE	compatible_with	item_B01ESQPHWW
item_B00CBE1S6I	compatible_with	item_B00FF54N0S
item_B005VU1K2Q	compatible_with	item_B01CU3GN0A
item_B0114NNIOQ	compatible_with	item_B018X7QW30
item_B00TXN22DI	compatible_with	item_B01AWO0JZY
item_B00NASDGCI	compatible_with	item_B00XPFB6BO
item_B00IQQ5DNE	compatible_with	item_B018LLBO9A
item_B00JG3ERU6	compatible_with	item_B00JWURVRY
item_B001NODU36	compatible_with	item_B00MHJ9EQS
item_B00O70UZ3Q	compatible_with	item_B013FU829W
item_B00T6DWFNW	compatible_with	item_B01ESQPHWW
item_B00NL3EC02	compatible_with	item_B00R4TJJOS
item_B01BPCVIKW	compatible_with	item_B01GKEBV3E
item_B001OMJ2WU	compatible_with	item_B01FQJ32QS
item_B013HUKTKU	compatible_with	item_B01DZWNBGY
item_B01FM06ZT2	compatible_with	item_B01H30LCP6
item_B00IJHIX3M	compatible_with	item_B01D3Q2D9S
item_B00AY2YNZW	compatible_with	item_B013P2FZZE
item_B00S9VVUAQ	compatible_with	item_B013SEP6FS
item_B00J5QNMPA	compatible_with	item_B00JK039ZO
item_B015A29OAY	compatible_with	item_B019IBMJKU
item_B002R05T2A	compatible_with	item_B00CBE1S6I
item_B001BZFR10	compatible_with	item_B018MRRKR8
item_B00JQAXEBC	compatible_with	item_B01FUMB2U4
item_B0020PM51K	compatible_with	item_B00DGCI6WS
item_B00CFBPNKO	compatible_with	item_B00KBZO8WK
item_B016LJ4J7S	compatible_with	item_B01B3IT1KW
item_B00GW94RWA	compatible_with	item_B019X2NGF6
item_B00480DGTA	compatible_with	item_B00IL3NRRG
item_B00APXN95U	compatible_with	item_B013E087AM
item_B005GV4JJQ	compatible_with	item_B012P2FLA4
item_B0009UL0RI	compatible_with	item_B000ZFPZHI
item_B00NQJ5LAQ	compatible_with	item_B00OVTJQQK
item_B009A55NGW	compatible_with	item_B017OEW7DC
item_B01E2DKX66	compatible_with	item_B01EWR5L3C
item_B01AP40M7G	compatible_with	item_B01D4QT6Y2
item_B0052XZ7AI	compatible_with	item_B016LJ4GBM
item_B00XWUD32W	compatible_with	item_B013C6J8GK
item_B00V68YWN6	compatible_with	item_B010RA4PQM
item_B00I1AEAS4	compatible_with	item_B018YIF56S
item_B00505DPSO	compatible_with	item_B00EV5Z7FI
item_B016LJ4GBM	compatible_with	item_B01DTSXPX8
item_B00EYBI74M	compatible_with	item_B01AK98V6A
item_B00ACIFHBM	compatible_with	item_B01ES4090E
item_B00TROFIK2	compatible_with	item_B01FE7HRSQ
item_B000Z3UPVG	compatible_with	item_B00V84SHIE
item_B019407BLC	compatible_with	item_B01C5FANAE
item_B00KIH3UW0	compatible_with	item_B00N2LV1PC
item_B00CAA1VNS	compatible_with	item_B00JLDUBQA
item_B0182GM9UM	compatible_with	item_B01FNUPOF2
item_B00XKSI06U	compatible_with	item_B0138VW8NO
item_B00QVCSFC6	compatible_with	item_B0186MX51O
item_B0009YD97I	compatible_with	item_B018YIF56S
item_B0025YVBMA	compatible_with	item_B00JULWE68
item_B001BF1AOS	compatible_with	item_B019752N26
item_B0018OOF6M	compatible_with	item_B014IU9WVU
item_B00Q0BHE16	compatible_with	item_B00VJ41U6Y
item_B0119HLKOC	compatible_with	item_B01GGR0ICU
item_B0029IQIRU	compatible_with	item_B01FQ7S2H4
item_B01FNI4WMU	compatible_with	item_B01GE8ZQZA
item_B01G3BE8SO	compatible_with	item_B01GCPQBTK
item_B00K730Z00	compatible_with	item_B015R3Y5QE
item_B00EYZFG9W	compatible_with	item_B00UI0T7EM
item_B00ARCWZZE	compatible_with	item_B00ARH8C9M
item_B00CAXQV3K	compatible_with	item_B00J0VCU26
item_B00FYF0600	compatible_with	item_B010EAL7M0
item_B01ETAKFXI	compatible_with	item_B01F6ALY7Q
item_B00NQJ5LAQ	compatible_with	item_B01D0NZHC4
item_B00HHDTIF6	compatible_with	item_B017Q5E04I
item_B00JG3M6OA	compatible_with	item_B00JWURVRY
item_B00NJ873Q4	compatible_with	item_B01DV8J67U
item_B01F2R2D3M	compatible_with	item_B01FUMB2U4
item_B01BGLVIGQ	compatible_with	item_B01DCHDAC2
item_B00RDW4YGE	compatible_with	item_B00SUMGC5M
item_B005GPJ096	compatible_with	item_B01FUMB2U4
item_B014MCFM4K	compatible_with	item_B01713WB96
item_B00QNAIJ4A	compatible_with	item_B019DYH33A
item_B00GUGFYNG	compatible_with	item_B00YBFI8MC
item_B00856YNZE	compatible_with	item_B0156GCLD6
item_B00HGIUE2S	compatible_with	item_B00K17LRYA
item_B001AITFKW	compatible_with	item_B00NJ873Q4
item_B000HGEZKS	compatible_with	item_B0072J71L8
item_B0088DK7SG	compatible_with	item_B00AYCZCTI
item_B00BMDAG1C	compatible_with	item_B00BMDDGT6
item_B016YKHX86	compatible_with	item_B01BDTTWEQ
item_B01850ACG8	compatible_with	item_B01DDDAAJ6
item_B001GOUDGU	compatible_with	item_B006SFRJ7S
item_B0009UL0RI	compatible_with	item_B000DLAPJ2
item_B00LE1C2V4	compatible_with	item_B01AG0E07W
item_B00VUE6IP6	compatible_with	item_B01CTNFTVA
item_B00IYP7LU0	compatible_with	item_B00UVOKN6G
item_B00Q2M3UEI	compatible_with	item_B0151866TE
item_B019X2NGF6	compatible_with	item_B01BE4O4ZC
item_B001AS7UNQ	compatible_with	item_B00D076MXE
item_B0003DKV8K	compatible_with	item_B00XKXHMD2
item_B013OSZVZI	compatible_with	item_B014MCFM4K
item_B008L56PUU	compatible_with	item_B00Q4LZUW2
item_B000MLBCWM	compatible_with	item_B005I4MPHY
item_B00XQPAHMW	compatible_with	item_B01ESQPHWW
item_B00PXSBBJI	compatible_with	item_B0193H249A
item_B000BWLW68	compatible_with	item_B005YUWQ12
item_B00QVCSFC6	compatible_with	item_B00S2WR9QQ
item_B00MJU0E6E	compatible_with	item_B01C5P22KS
item_B0051D7MZ2	compatible_with	item_B00V84SHIE
item_B00ZYSVD90	compatible_with	item_B01EKZS3K4
item_B00TYDYF28	compatible_with	item_B00WIS3ER8
item_B0170MI3TU	compatible_with	item_B01CEBDS92
item_B00RBYYZ04	compatible_with	item_B01H7EMBXK
item_B018I887MS	compatible_with	item_B01DB7YHSE
item_B00XKXI2D6	compatible_with	item_B00YHZ1558
item_B00CVQOKT8	compatible_with	item_B01FQWN080
item_B0009MKNG0	compatible_with	item_B00ZUJ9Q8I
item_B00D62452S	compatible_with	item_B00NVT344G
item_B00IKXUXD8	compatible_with	item_B016Y7GSHQ
item_B00NQJ5LAQ	compatible_with	item_B00YYG2WCA
item_B00NB3ZXR8	compatible_with	item_B00RV8GSDW
item_B00H764ZX8	compatible_with	item_B00ZE87NFS
item_B00OQJF1WS	compatible_with	item_B01F8VL0UE
item_B01DXLAG9W	compatible_with	item_B01H6DY7BQ
item_B01CU3GN0A	compatible_with	item_B01DR117FA
item_B00IF3O4MY	compatible_with	item_B00WY4QXT2
item_B004I764VA	compatible_with	item_B01B3ISY46
item_B00HUS792M	compatible_with	item_B016YKHX1S
item_B010OW2SWQ	compatible_with	item_B013P2FZZE
item_B00AERKFZY	compatible_with	item_B00FR9LTPY
item_B00LUGOZ7M	compatible_with	item_B0156GCLD6
item_B00IMESKXK	compatible_with	item_B017KXTWSA
item_B000XF6BNM	compatible_with	item_B00FXPRL5O
item_B0012N84YS	compatible_with	item_B00KPPQAI6
item_B000KBEUMS	compatible_with	item_B00ARH8C9M
item_B00DVNYBPS	compatible_with	item_B00FEMK2V6
item_B007BP197A	compatible_with	item_B015G201VE
item_B001RTCX1W	compatible_with	item_B00ARH8C9M
item_B00375RGUW	compatible_with	item_B00B58FQ5K
item_B00NASDG7I	compatible_with	item_B00X9HIFIA
item_B0094KDJ0A	compatible_with	item_B017LZINE6
item_B00KRYL792	compatible_with	item_B01ES46P9S
item_B007N1BVKM	compatible_with	item_B01C3O6GYO
item_B00DRG839E	compatible_with	item_B01ECN9Z7Y
item_B00LP3XLC0	compatible_with	item_B01FCYA2TW
item_B00B8DD2Q2	compatible_with	item_B00QGSJVZU
item_B000XEX8AW	compatible_with	item_B0156GCLD6
item_B0072J71L8	compatible_with	item_B01FN87DE4
item_B00X719TX8	compatible_with	item_B00XKSI06U
item_B00D7BIHOA	compatible_with	item_B00V84SHIE
item_B00N8N5APQ	compatible_with	item_B00SUMGC5M
item_B00Q4LZUW2	compatible_with	item_B01724KXW6
item_B00H9RFH3C	compatible_with	item_B00LAHNUXQ
item_B00PRU885W	compatible_with	item_B00VHVK4W0
item_B00LNJDA18	compatible_with	item_B01DDDAAJ6
item_B002NPCINM	compatible_with	item_B019407BLC
item_B00EUA0OQQ	compatible_with	item_B00QGSJVZU
item_B00K4X1UMA	compatible_with	item_B00QGSJVZU
item_B00UXMLU6S	compatible_with	item_B017WWTSO2
item_B019RCXTEU	compatible_with	item_B01E2DKX66
item_B00MOHDK8G	compatible_with	item_B00V84SHIE
item_B00Z9T6XL2	compatible_with	item_B01FNLWFGM
item_B001SN7NTO	compatible_with	item_B0024FAYTG
item_B00QGSJVZU	compatible_with	item_B00ZHU9SL0
item_B00NIT9AJW	compatible_with	item_B014MCFM4K
item_B00DMW4T8C	compatible_with	item_B00JZBGB58
item_B00LHN7ODA	compatible_with	item_B018SRR0N6
item_B001D3GRCI	compatible_with	item_B004LZ46MS
item_B00YRR7BKO	compatible_with	item_B015SSQCO6
item_B0043EVXVE	compatible_with	item_B00KR9SEO8
item_B002IK91PU	compatible_with	item_B00Q4LZUW2
item_B00UAHIH9E	compatible_with	item_B01CU3GN0A
item_B01AMF7MA8	compatible_with	item_B01DDDAAJ6
item_B00XXPMJKI	compatible_with	item_B01728LSS0
item_B00WW6YJG6	compatible_with	item_B0195KR7LA
item_B00NC7FVCK	compatible_with	item_B019X2NGF6
item_B005WJQUJ4	compatible_with	item_B019MO9D5C
item_B00L5E0QTU	compatible_with	item_B00VTVCEV2
item_B000B2MMDA	compatible_with	item_B00V84SHIE
item_B00IUOROPW	compatible_with	item_B01B3HP24W
item_B01E5F7CRE	compatible_with	item_B01GO0VDQO
item_B01ES4046I	compatible_with	item_B01ES4090E
item_B007C3KGHA	compatible_with	item_B00O12LOLC
item_B00J3XHPLM	compatible_with	item_B00N71VEQI
item_B00EJWZLOU	compatible_with	item_B00VUH2924
item_B00I04GJO4	compatible_with	item_B00QI58H88
item_B011U2FZ5Q	compatible_with	item_B012V8CPJC
item_B003U8XXIK	compatible_with	item_B00V84SHIE
item_B00XXPNFME	compatible_with	item_B01FWON974
item_B008TUUOSG	compatible_with	item_B00IH0KPP0
item_B00WQRW8N2	compatible_with	item_B01FX3ZSWI
item_B00BHEG2OG	compatible_with	item_B019752N26
item_B015JGVV70	compatible_with	item_B01ET645HO
item_B0115KIWSA	compatible_with	item_B016NBXHK4
item_B00EA91H2M	compatible_with	item_B00LCJP40E
item_B00YTATNBO	compatible_with	item_B012XZ5LBW
item_B0013EDCFM	compatible_with	item_B00XKXI2D6
item_B00L8GCCAQ	compatible_with	item_B00W3HY108
item_B00XXPMJKI	compatible_with	item_B01GPL7SL6
item_B0009G6BIA	compatible_with	item_B00FEMK2V6
item_B00MX2DS0W	compatible_with	item_B00O9GLPC8
item_B00LURFGH4	compatible_with	item_B013E0HGEA
item_B000UMJB0S	compatible_with	item_B00IL3NRRG
item_B00MY8WSCO	compatible_with	item_B00YXNQ9C8
item_B00Z9T6XL2	compatible_with	item_B018JAB00G
item_B00CU6S680	compatible_with	item_B012P2GS6K
item_B0000865SC	compatible_with	item_B001FZBC2O
item_B001D05Z88	compatible_with	item_B01DUQKRPI
item_B00JB8OW42	compatible_with	item_B00QNAIJ4A
item_B00MJU0E6E	compatible_with	item_B00W3H9NJW
item_B00KIGA4KM	compatible_with	item_B00V84SHIE
item_B00004U1J2	compatible_with	item_B00B98Y0NA
item_B00NJ873Q4	compatible_with	item_B01CB4U930
item_B00DQEPPD4	compatible_with	item_B00UI6P38U
item_B00TU5CR7K	compatible_with	item_B01H3EALTK
item_B01AD2O6V8	compatible_with	item_B01DBGJDYI
item_B00HTDEMC8	compatible_with	item_B00XKXHMD2
item_B002KRGJQA	compatible_with	item_B00OV4840E
item_B00WIS3ER8	compatible_with	item_B01C00SMFW
item_B0085THUOC	compatible_with	item_B00CHNMU1U
item_B0015Z1MOW	compatible_with	item_B019HHGR3K
item_B01331SHAW	compatible_with	item_B017LQGXVA
item_B00DMW4T8C	compatible_with	item_B01H1WN538
item_B00AHXIC96	compatible_with	item_B00CC4XRTI
item_B00D62452S	compatible_with	item_B01FFA937K
item_B0039SDPIY	compatible_with	item_B00IY8MNSW
item_B003DTLU9U	compatible_with	item_B00JULWE54
item_B007D6I75E	compatible_with	item_B00QVCSFC6
item_B00VTTOGHE	compatible_with	item_B01DBGJDYI
item_B0001YR5FI	compatible_with	item_B00XKXHMD2
item_B00AXV91DS	compatible_with	item_B01A9RP7WY
item_B00UUS6JT8	compatible_with	item_B01C2IPCQ4
item_B00DAU8WZC	compatible_with	item_B01F4BCFPW
item_B00E4QDULC	compatible_with	item_B00V84SHIE
item_B00DMW4T8C	compatible_with	item_B00NIFORXK
item_B00JULWE54	compatible_with	item_B01AK98V6A
item_B00UI6P38U	compatible_with	item_B01D0O01HY
item_B00JQQSSDK	compatible_with	item_B00XWUD32W
item_B0114XKLAK	compatible_with	item_B016LJ4GBM
item_B00ANX1K80	compatible_with	item_B00PXMQ2LG
item_B01A9RP7WY	compatible_with	item_B01B3DI7NY
item_B00JWURWXC	compatible_with	item_B00V5OVN2O
item_B00XWUD32W	compatible_with	item_B01FRBTOUS
item_B01CU3GN0A	compatible_with	item_B01E9CKHNY
item_B00O9K01H4	compatible_with	item_B00VTTOGHE
item_B00L5E0QTU	compatible_with	item_B00WE3WPKO
item_B00W2Z4RQ4	compatible_with	item_B00ZOYC43S
item_B00MO2JGX4	compatible_with	item_B00PLCL0WY
item_B00OQJF1WS	compatible_with	item_B00VUE6IP6
item_B00BH3NXIU	compatible_with	item_B00JULWE54
item_B009AYME7O	compatible_with	item_B00B58FQ5K
item_B00KQF4W3A	compatible_with	item_B017E2DPWQ
item_B00791QYMQ	compatible_with	item_B00B8IUX1O
item_B00KBZO8WK	compatible_with	item_B00KOJYK44
item_B00WAI2NP0	compatible_with	item_B017ULEI9U
item_B00QHMU6UE	compatible_with	item_B00VXYIS24
item_B010EAL7M0	compatible_with	item_B0195KYLHI
item_B00295MQLU	compatible_with	item_B01FX785RY
item_B00LE1C2V4	compatible_with	item_B01EGAG170
item_B00HIILFPG	compatible_with	item_B017NL5TH2
item_B006FYC6CA	compatible_with	item_B00WG3E910
item_B00DWL85QA	compatible_with	item_B016YRTP0S
item_B000FPV7TI	compatible_with	item_B00KDSUZHC
item_B016W48U18	compatible_with	item_B01AOCTAYU
item_B00MY8WSCO	compatible_with	item_B00YDL8KFO
item_B00B58FQ5K	compatible_with	item_B00EJTFRME
item_B00MOU7FF2	compatible_with	item_B019IBMJKU
item_B001LF2T48	compatible_with	item_B01DDDAAJ6
item_B004WYX4KI	compatible_with	item_B0060HMLTU
item_B00GTJIHME	compatible_with	item_B013W93UUM
item_B00HGIUE2S	compatible_with	item_B00KFTKELQ
item_B00F3SJQ72	compatible_with	item_B00NAJMGYG
item_B01DWRO0VM	compatible_with	item_B01FQS7RSS
item_B0019LEY9C	compatible_with	item_B001DCEKXM
item_B0062OP2G0	compatible_with	item_B00MGLMHHK
item_B00AKTMJ5U	compatible_with	item_B00H93LSKW
item_B00IT3CO86	compatible_with	item_B01G3MI5DM
item_B00QVCSFC6	compatible_with	item_B01953MRHG
item_B01EB1XM6M	compatible_with	item_B01H7EDJMM
item_B00T3MXKGW	compatible_with	item_B01CU3GN0A
item_B005S0TF5S	compatible_with	item_B00XWUD32W
item_B0050FZ3IE	compatible_with	item_B00FXPRL5O
item_B004I764VA	compatible_with	item_B01B3IT1MU
item_B00O70UZ3Q	compatible_with	item_B01F4Q6NS2
item_B01DBGJDYI	compatible_with	item_B01F8VL0UE
item_B015G5SQ4A	compatible_with	item_B01BLVDG7K
item_B010XIUVU2	compatible_with	item_B019407BLC
item_B0012G6KX2	compatible_with	item_B002LSI2ZY
item_B014CYSYPW	compatible_with	item_B01H3EALMM
item_B015SSQCO6	compatible_with	item_B019XJVGCY
item_B00B81I7HI	compatible_with	item_B00RYLK4Q8
item_B00IO9JSL6	compatible_with	item_B01B3ISSBK
item_B005GV4K6I	compatible_with	item_B01A7VLY60
item_B00FN5ASL8	compatible_with	item_B00ZAIILVC
item_B008A4W50G	compatible_with	item_B00V84SHIE
item_B00DMW4T8C	compatible_with	item_B00J1ZATDS
item_B00G4CS1TK	compatible_with	item_B016YKHX1S
item_B01B3ISSBK	compatible_with	item_B01COYIQBE
item_B00CRS7ULK	compatible_with	item_B015IO2VYK
item_B005U9Y2Y6	compatible_with	item_B00XTTGF80
item_B000OBVIGU	compatible_with	item_B016YKHX1S
item_B0091CC1OG	compatible_with	item_B01C2TPJA2
item_B004UET5EO	compatible_with	item_B00HIZKH7G
item_B00JULWE54	compatible_with	item_B00LOSYURG
item_B00SUSTDHU	compatible_with	item_B014JTIJIM
item_B004R853YY	compatible_with	item_B0156GCLD6
item_B00B58FQ5K	compatible_with	item_B01BTGIVU4
item_B0143ZUP9I	compatible_with	item_B016UK7Y0M
item_B012N5BYZY	compatible_with	item_B01AA2LPD8
item_B00JM5J5D2	compatible_with	item_B0115KHC8Q
item_B004BUR058	compatible_with	item_B00KBZOB40
item_B006STXNWY	compatible_with	item_B00K730Z00
item_B00V3IJCWA	compatible_with	item_B01DBGJDYI
item_B0000ZFIXE	compatible_with	item_B00DMW4T8C
item_B004UONPW2	compatible_with	item_B00FNR2FOY
item_B002JIO2L4	compatible_with	item_B01FN6F2D0
item_B000GGO5OU	compatible_with	item_B007L80KUE
item_B009YRM6MK	compatible_with	item_B00VJLX2J0
item_B006UCX3PQ	compatible_with	item_B00FXPRL5O
item_B0008JF9WW	compatible_with	item_B007KF1JZS
item_B016PJYT3S	compatible_with	item_B01DR117FA
item_B009EVMCCA	compatible_with	item_B00IXQPW6A
item_B00RT7Z3R2	compatible_with	item_B01B3ISSBK
item_B0183SZ1S6	compatible_with	item_B01GYJX7NW
item_B00OMDKIZI	compatible_with	item_B01CC9LSMU
item_B00Z5OMBTO	compatible_with	item_B01H3IRPF4
item_B00DH9OSRM	compatible_with	item_B0186MZ7AQ
item_B013RMMWMG	compatible_with	item_B01H5L0FA6
item_B003ICT2DI	compatible_with	item_B00EYZFG9W
item_B007GBCRF2	compatible_with	item_B00I04GJO4
item_B00S4ZOTIM	compatible_with	item_B014MCFM4K
item_B00QYXBGC8	compatible_with	item_B00WHF3E6S
item_B000TM967C	compatible_with	item_B00FXPRJWO
item_B006SFRKP4	compatible_with	item_B0090O4XQE
item_B002LFLJRK	compatible_with	item_B004I45MF2
item_B011RCRR2I	compatible_with	item_B0183SZ1S6
item_B00NB3ZXR8	compatible_with	item_B00ZP7DIHK
item_B00JC2YXFK	compatible_with	item_B00V8RPBBW
item_B0182G3RB2	compatible_with	item_B0196N8K8A
item_B0058ZR1MW	compatible_with	item_B00AJHRQSI
item_B00QGSJVZU	compatible_with	item_B00YE1Q4KG
item_B00GB40FE0	compatible_with	item_B00O4DOA64
item_B007BZ5CUA	compatible_with	item_B00KH34OHK
item_B004TITP50	compatible_with	item_B008X25QJM
item_B0088MUEV2	compatible_with	item_B00N4N2IGO
item_B00QVAMERU	compatible_with	item_B00V5C09VW
item_B0051EDAAC	compatible_with	item_B00LE1C2V4
item_B000HHHE9G	compatible_with	item_B003V3TZI6
item_B001BZ2JZM	compatible_with	item_B00QGSJVZU
item_B00DMW4T8C	compatible_with	item_B0129S227E
item_B01BGG4LRY	compatible_with	item_B01CC38G4O
item_B00B58FQ5K	compatible_with	item_B0164NIE5E
item_B00Z9T6XL2	compatible_with	item_B015X8RCT0
item_B008MO5EAC	compatible_with	item_B00B611R40
item_B0009GI0P2	compatible_with	item_B00HIZKH7G
item_B010EAL7M0	compatible_with	item_B019752N26
item_B008OB197K	compatible_with	item_B008TUUOSG
item_B002HIBU9S	compatible_with	item_B01EXP0OL2
item_B00V84SHIE	compatible_with	item_B017940WPM
item_B00KPPP3FC	compatible_with	item_B019QOPCXK
item_B00408K91I	compatible_with	item_B018H5TKOG
item_B019NQN8FU	compatible_with	item_B01E0FPAAK
item_B01E5R7K8I	compatible_with	item_B01GDY9Z0M
item_B00ACIFHBM	compatible_with	item_B00BCBD5SA
item_B00XBB6ZJK	compatible_with	item_B019752N26
item_B013RMMWMG	compatible_with	item_B0158PWOZA
item_B00L4N8G6C	compatible_with	item_B01862GVH4
item_B00IT3CO86	compatible_with	item_B00M28TKD6
item_B00D05K8U4	compatible_with	item_B00EVLTJN8
item_B00VOL91VI	compatible_with	item_B00XZ3EF0U
item_B007CXW53I	compatible_with	item_B0156GCLD6
item_B00NBSPHHY	compatible_with	item_B013W7M3XE
item_B016ZDQEWI	compatible_with	item_B01HH3X0YU
item_B00DSFWJLW	compatible_with	item_B00TXN22DI
item_B00F0SF82M	compatible_with	item_B00M297DPC
item_B00KBZO8WA	compatible_with	item_B01AK98V6A
item_B009F8R6QO	compatible_with	item_B00SMJHB9Y
item_B000AL9CUI	compatible_with	item_B003BR07RA
item_B00DVFWFKE	compatible_with	item_B00WO9NQEM
item_B00NQJ5LAQ	compatible_with	item_B01DMZMS0E
item_B00ZFE1H12	compatible_with	item_B01GO0VDQO
item_B00UIJ4OSC	compatible_with	item_B01EP4C2XY
item_B000M5HOGQ	compatible_with	item_B00JULWJLI
item_B00L4N8TGO	compatible_with	item_B01862GVH4
item_B000HTEOLU	compatible_with	item_B019HHGR3K
item_B00MR9RZG4	compatible_with	item_B00U1SB898
item_B000LFMV7E	compatible_with	item_B017V194DO
item_B014XC8VXI	compatible_with	item_B01C6F63V6
item_B005GQB2GY	compatible_with	item_B00XKXHMD2
item_B00QNAIJ4A	compatible_with	item_B0123S58R6
item_B00MOU7FF2	compatible_with	item_B00U83KYLO
item_B00V84SHIE	compatible_with	item_B01E5E5VNM
item_B01DMY9P1A	compatible_with	item_B01E7SNANE
item_B00KCXQ3N8	compatible_with	item_B01CC38G4O
item_B00UWK1J4E	compatible_with	item_B013SEP6FS
item_B00FXLCUPO	compatible_with	item_B01H4DJ8QW
item_B00JXE2L6U	compatible_with	item_B00LE1C2V4
item_B007ZU2THK	compatible_with	item_B00COB27ZE
item_B00295MQLU	compatible_with	item_B00JYC0R9E
item_B004TQD3FK	compatible_with	item_B00FXPRJWO
item_B0062OP1VG	compatible_with	item_B00O2UCPBQ
item_B01DBZJ6Y6	compatible_with	item_B01H6YB182
item_B01CX02T9Y	compatible_with	item_B01EP4C2XY
item_B00FFKL0LS	compatible_with	item_B00M1TJA2W
item_B00XXPMJKI	compatible_with	item_B01ENGFJPM
item_B00O70UZ3Q	compatible_with	item_B00X92M01I
item_B0054423UM	compatible_with	item_B00FXPRL5O
item_B00JULWE54	compatible_with	item_B00YPDO42S
item_B0030MIITU	compatible_with	item_B00QNAIJ4A
item_B00XKJ6ZUM	compatible_with	item_B01FUI8SK0
item_B0058Z1QPU	compatible_with	item_B00FXPRJWO
item_B007D4L1JA	compatible_with	item_B00FBCCAR8
item_B016EXHNAG	compatible_with	item_B019IZ43PK
item_B00IWLE2RG	compatible_with	item_B00NPQ7NZG
item_B016YRTP0S	compatible_with	item_B01H3EB71G
item_B00ALNKGMI	compatible_with	item_B00D8H9JCW
item_B00COTGR0M	compatible_with	item_B016OT9B8C
item_B00GYZYHPO	compatible_with	item_B019X2NGF6
item_B008YWF7OU	compatible_with	item_B01GINYEKE
item_B00Z9T6XL2	compatible_with	item_B01CTNFTVA
item_B004I79ZC0	compatible_with	item_B005GPSEKC
item_B00MXVSEYI	compatible_with	item_B01EJ0VI02
item_B010EIOQAC	compatible_with	item_B01E2DKX66
item_B00V0G8XRU	compatible_with	item_B013RMMWMG
item_B016MFG38Y	compatible_with	item_B01FU1J0L8
item_B00UOB0BCM	compatible_with	item_B0182G7G3M
item_B005CSOHWC	compatible_with	item_B00JULWJLI
item_B01CU3GN0A	compatible_with	item_B01FJ7S5QO
item_B00NQJ5LAQ	compatible_with	item_B01E4SVW5K
item_B006SFRKP4	compatible_with	item_B00SQ8E37E
item_B00VKNZS5S	compatible_with	item_B00XKXHMD2
item_B00470B8NC	compatible_with	item_B00B611R40
item_B0032GPXOC	compatible_with	item_B00SZ0A4H6
item_B009B56QD0	compatible_with	item_B00F9IGIKO
item_B0039SDPIY	compatible_with	item_B00H3YCWOI
item_B0019RS0IC	compatible_with	item_B013I9KU0Y
item_B017G0W8YC	compatible_with	item_B019S38JJI
item_B00XKFVL32	compatible_with	item_B00XZ3EF0U
item_B0072J71L8	compatible_with	item_B00FVMVNDU
item_B003MAEV28	compatible_with	item_B01AN2ZZEU
item_B01ESQPHWW	compatible_with	item_B01F8VL0UE
item_B003UWAQDG	compatible_with	item_B00APXN95U
item_B00XXPMJKI	compatible_with	item_B00Y2EUUIC
item_B007AK1MPU	compatible_with	item_B00DZP4XO6
item_B00CLIK72A	compatible_with	item_B017V194DO
item_B015R3Y5QE	compatible_with	item_B01H6YB182
item_B0058Z0CEQ	compatible_with	item_B018I887MS
item_B0164BVI36	compatible_with	item_B01BY7JU76
item_B015U97P08	compatible_with	item_B0186SA2QE
item_B00W1EYM48	compatible_with	item_B01FH9OZ72
item_B0001YS6F6	compatible_with	item_B00CBE1S6I
item_B0035Q7CDO	compatible_with	item_B00B58FQ5K
item_B00QV4RVQA	compatible_with	item_B00X3S2ES2
item_B012UOSYQK	compatible_with	item_B018RD5V6Y
item_B00O91VD84	compatible_with	item_B00OBE0QRI
item_B00YHY0492	compatible_with	item_B01325PY14
item_B01CSEYHUO	compatible_with	item_B01EWRXVOS
item_B00YW6CM3Q	compatible_with	item_B016OT9B8C
item_B00L8P4SYK	compatible_with	item_B01H6YB182
item_B00EFGHHQU	compatible_with	item_B00NASDG7I
item_B00I5M90HE	compatible_with	item_B019752N26
item_B011LTPIQO	compatible_with	item_B019HM2LA8
item_B00ZUJ9Q8I	compatible_with	item_B01FHIIL0K
item_B008VCUM66	compatible_with	item_B01GO0VDQO
item_B0118XFD4A	compatible_with	item_B0165NA2X0
item_B00325MSWI	compatible_with	item_B00JULWJLI
item_B0085TF7DS	compatible_with	item_B00FXPT5QW
item_B002IKCZ9E	compatible_with	item_B00IL3NRRG
item_B019RS5MAS	compatible_with	item_B01E2DKX66
item_B00B58FQ5K	compatible_with	item_B00RZUAS32
item_B015H4F5HQ	compatible_with	item_B01FM4GES0
item_B00CBJVWLE	compatible_with	item_B01H7EMBXK
item_B00UXIP176	compatible_with	item_B0156GCLD6
item_B00I4SFSDO	compatible_with	item_B00XKXHMD2
item_B00NQ758GK	compatible_with	item_B0156GCLD6
item_B00JDTRD9U	compatible_with	item_B00Y3I5R4O
item_B005P91DU2	compatible_with	item_B00B4X30S6
item_B0085THUOC	compatible_with	item_B00FXPRL5O
item_B00HFA919E	compatible_with	item_B00NN6VISG
item_B014IPG44I	compatible_with	item_B01E5AJVN2
item_B00NB3ZXR8	compatible_with	item_B01GCTF46M
item_B0070GQ8PS	compatible_with	item_B00BTOR4D2
item_B01FWTCRSG	compatible_with	item_B01GSNXNKQ
item_B016LJ4GBM	compatible_with	item_B019S0V254
item_B010PX63GQ	compatible_with	item_B01B5DLDMO
item_B01EKB45V4	compatible_with	item_B01H7EMBXK
item_B007BL1KF0	compatible_with	item_B0187Y23FU
item_B00XBBAV2C	compatible_with	item_B016EXHNAG
item_B0002TOZ1E	compatible_with	item_B005O33LJA
item_B002Q8HTE4	compatible_with	item_B0085TF7DS
item_B0182G7G3M	compatible_with	item_B018JJJ9XC
item_B001B0X82K	compatible_with	item_B006SFRVEY
item_B00NOAIM26	compatible_with	item_B00O5I1W3M
item_B00XKXHMD2	compatible_with	item_B01CXAOGIQ
item_B0059K71CG	compatible_with	item_B01FNUPOF2
item_B01DDDAAJ6	compatible_with	item_B01DGLFIRO
item_B002QB1870	compatible_with	item_B00FXPRJWO
item_B009AXYYJG	compatible_with	item_B017WSG1QY
item_B00HBXLOM2	compatible_with	item_B00ULZAECI
item_B003HC92J8	compatible_with	item_B00GW7NKJI
item_B00HGIUE2S	compatible_with	item_B018G6EUMI
item_B000WLPWAK	compatible_with	item_B008X25S9U
item_B00RDHU8GY	compatible_with	item_B018DXPCNA
item_B00O70UZ3Q	compatible_with	item_B014OW3MRW
item_B0183SZ1S6	compatible_with	item_B01EY6SEF8
item_B001V8UX7U	compatible_with	item_B00ZJVK15E
item_B009CCRL6I	compatible_with	item_B00XKXI3WG
item_B00XH7I3XY	compatible_with	item_B00XKXI3WG
item_B00NASDGCI	compatible_with	item_B00SVNRBTQ
item_B001BXPXZC	compatible_with	item_B001UTYYKC
item_B00NJ873Q4	compatible_with	item_B01A9I7X8Y
item_B00NQJ5LAQ	compatible_with	item_B00PL45258
item_B001FOR27Y	compatible_with	item_B00XWUD32W
item_B0009FB2WQ	compatible_with	item_B0085TF7DS
item_B002DETQOW	compatible_with	item_B01A16XYT6
item_B00IUOSS66	compatible_with	item_B01A4CDCLC
item_B000NZTPIU	compatible_with	item_B00V84SHIE
item_B00FUHWE5M	compatible_with	item_B019752N26
item_B00APXN95U	compatible_with	item_B01FYE0HF4
item_B00ENRM1QW	compatible_with	item_B00XKXHMD2
item_B00MOU7FF2	compatible_with	item_B00N9YLTJ0
item_B004SQULC4	compatible_with	item_B015CBQ3ZW
item_B00XC2F8B4	compatible_with	item_B01BBUIS0Q
item_B003XKNC04	compatible_with	item_B003XKNC3G
item_B00R7N3HJO	compatible_with	item_B016YRTP0S
item_B00AASRD7K	compatible_with	item_B018YIF56S
item_B0012K73KW	compatible_with	item_B00JULWJLI
item_B0068UU4MA	compatible_with	item_B00XNRBH7W
item_B01762MD0E	compatible_with	item_B01CE1X50O
item_B00ACIFHBM	compatible_with	item_B00KBZRWN2
item_B008FXSYAC	compatible_with	item_B00XKJ6ZUM
item_B004UO1UMO	compatible_with	item_B00GGIAFRI
item_B013SEP6FS	compatible_with	item_B01CZSTIU2
item_B012V8CPJC	compatible_with	item_B014S8XE5W
item_5120053084	compatible_with	item_B00295MQLU
item_B00FXPRL5O	compatible_with	item_B00O0MOQNG
item_B005L9E3LC	compatible_with	item_B00UCM6B4A
item_B019DFQ83A	compatible_with	item_B01CDK1GGG
item_B016LJ4GBM	compatible_with	item_B01H4AER5W
item_B01A83Z8YG	compatible_with	item_B01FX3ZSWI
item_B00T4PBPHO	compatible_with	item_B01ESQPHWW
item_B00DBS1QGA	compatible_with	item_B00K730Z00
item_B00B58FQ5K	compatible_with	item_B00IM52774
item_B0008IVI3M	compatible_with	item_B008YWF7OU
item_B00Q4LZUW2	compatible_with	item_B00ZYSVD90
item_B00FGCJZZS	compatible_with	item_B00K0LDVD2
item_B00T6DWFNW	compatible_with	item_B01890QD8K
item_B00DMW4T8C	compatible_with	item_B01ALPBI9A
item_B019S38C2C	compatible_with	item_B019S3EOMY
item_B00FBIBYF6	compatible_with	item_B00Y832XG4
item_B00MSC12IC	compatible_with	item_B011LTPIQO
item_B00A7NDT3A	compatible_with	item_B00N4ZIZ00
item_B00I1AEFFW	compatible_with	item_B00KBZOB40
item_B003ZHR1RU	compatible_with	item_B00EYZFG9W
item_B000R8V0T0	compatible_with	item_B006C73UOS
item_B00K00U4IS	compatible_with	item_B00WDI8EEG
item_B00LXLJ18W	compatible_with	item_B01DDDAAJ6
item_B001CXADVA	compatible_with	item_B00Q4LZUW2
item_B00XVYTCDI	compatible_with	item_B01CU3GN0A
item_B0132HUZVG	compatible_with	item_B016B9QRPU
item_B000GYW3SC	compatible_with	item_B00IMB1DAA
item_B00VPRZC50	compatible_with	item_B010USSWOC
item_B00E9E1CDC	compatible_with	item_B00IT3CO86
item_B0090O4XQE	compatible_with	item_B019X2NGF6
item_B0060HMLTU	compatible_with	item_B00AE1MRDI
item_B00RNV3LHI	compatible_with	item_B010EAL7M0
item_B000EZVUWI	compatible_with	item_B00JULWJLI
item_B00CEH0LHO	compatible_with	item_B00XKXI3J4
item_B008QYZTVC	compatible_with	item_B010CD7IKE
item_B00JG3LKU6	compatible_with	item_B00JWURVRY
item_B009GWZF6M	compatible_with	item_B016YKHX86
item_B00CHY6OAW	compatible_with	item_B00XKXI3J4
item_B0002TORTO	compatible_with	item_B00V84SHIE
item_B003EEMI7M	compatible_with	item_B01BPWAT3Y
item_B00KIDBKXA	compatible_with	item_B019HHK4HK
item_B004I764VA	compatible_with	item_B00I3JVQOY
item_B00KE14BNM	compatible_with	item_B018DXPCNA
item_B017V194DO	compatible_with	item_B01DNRPJN4
item_B000NZXMV6	compatible_with	item_B016LJ4GBM
item_B013X04SJ2	compatible_with	item_B017AP8R8O
item_B01BKOFQ08	compatible_with	item_B01FUMB2U4
item_B018YIF56S	compatible_with	item_B019IGFQTG
item_B00QK3971O	compatible_with	item_B00XWUD32W
item_B00C7CVD00	compatible_with	item_B00FP462DK
item_B00MW5EV38	compatible_with	item_B00XKXHMD2
item_B00NGI0G4S	compatible_with	item_B019HHGR3K
item_B00RSK0M0S	compatible_with	item_B01F324FMI
item_B007FMC78E	compatible_with	item_B00NKWUHA8
item_B00KTG0BNQ	compatible_with	item_B00S9X3K48
item_B00DMW4T8C	compatible_with	item_B00F4OODX2
item_B00Y9MH16G	compatible_with	item_B01GPUO3L0
item_B00DIA2D5Y	compatible_with	item_B00EVQYB72
item_B013IXB626	compatible_with	item_B01AMK6Q5U
item_B013OVICL0	compatible_with	item_B01CN94KJM
item_B00064CEPE	compatible_with	item_B018MRRKR8
item_B0026LYSRW	compatible_with	item_B01FA0DBAA
item_B00857TKS8	compatible_with	item_B00V84SHIE
item_B00DMW4T8C	compatible_with	item_B01549MF8G
item_B007MU5OIY	compatible_with	item_B016YRTP0S
item_B011I11TVS	compatible_with	item_B017FHC3HI
item_B00EZ8EYK0	compatible_with	item_B013W7M3XE
item_B00QNANDNM	compatible_with	item_B01CY9DE5W
item_B012ZYCDR6	compatible_with	item_B014F5Y16O
item_B00020BFSE	compatible_with	item_B00XWUD32W
item_B0051NGHSU	compatible_with	item_B00B58FQ5K
item_B00HWFCMD4	compatible_with	item_B00V84SHIE
item_B00CAXQV3K	compatible_with	item_B00CBLTMAA
item_B00NVPCLJE	compatible_with	item_B01DUQKRPI
item_B01AP40M7G	compatible_with	item_B01CV6TSLW
item_B0059WCB8S	compatible_with	item_B00HRNU3B4
item_B013SEP6FS	compatible_with	item_B01AP40M26
item_B00DZI8P7Y	compatible_with	item_B015RJWTNY
item_B00I1AEEDA	compatible_with	item_B018YIF56S
item_B0057X9WPY	compatible_with	item_B00XKXHMD2
item_B00OB8VXNK	compatible_with	item_B01A9RP7WY
item_B001BY9H4O	compatible_with	item_B001SN4KQS
item_B00YFVUIL6	compatible_with	item_B016LJ4GBM
item_B00NQJ5LAQ	compatible_with	item_B00W8LO9RY
item_B01CU3GN0A	compatible_with	item_B01DLMT81A
item_B00KIDBKXA	compatible_with	item_B00L51CEPC
item_B00XZ3EF0U	compatible_with	item_B01BG1KHAO
item_B000U62IYK	compatible_with	item_B00JULWE54
item_B0008EOJBE	compatible_with	item_B004I7BPTG
item_B0073E4XO0	compatible_with	item_B0150WLXZS
item_B000GIT052	compatible_with	item_B00JOPW78U
item_B00T5LKISO	compatible_with	item_B00X9HIFIA
item_B00QVCSFC6	compatible_with	item_B00YE7VM2A
item_B00GJ7S3NE	compatible_with	item_B00XWUD32W
item_B00ARCWZZE	compatible_with	item_B00ARH8CPG
item_B00NQJ5LAQ	compatible_with	item_B01CCKD4LM
item_B00HIIVOZ2	compatible_with	item_B01DCDORCI
item_B00K1RKNUE	compatible_with	item_B00N2LV1PC
item_B000TG806Q	compatible_with	item_B00Q4LZUW2
item_B018YIF56S	compatible_with	item_B01AYZLMKC
item_B00V3IJCWA	compatible_with	item_B016MZPXNU
item_B004I76686	compatible_with	item_B0161I2RGO
item_B004UMUJ1O	compatible_with	item_B00N28UFMU
item_B000N2T952	compatible_with	item_B00XKSI06U
item_B00ACIFHBM	compatible_with	item_B00N5PKYX0
item_B00LG6DAFO	compatible_with	item_B01BSEQNP2
item_B00H9AQ5VM	compatible_with	item_B00RYMIIDI
item_B014KORLNU	compatible_with	item_B01EHU2SLC
item_B0013KGEHY	compatible_with	item_B0092X0R40
item_B000OEZPG6	compatible_with	item_B0012N84YS
item_B01AXW2H5U	compatible_with	item_B01DIUCO7A
item_B011LTPIQO	compatible_with	item_B012MPK02S
item_B015H4F5HQ	compatible_with	item_B018VUV4NW
item_B00CBAOH10	compatible_with	item_B00FXPRJWO
item_B001JPP0GE	compatible_with	item_B00B456004
item_B00VTTOGHE	compatible_with	item_B01EFGF7KM
item_B011H6RUDK	compatible_with	item_B01GDY9Z0M
item_B00133IJ88	compatible_with	item_B01A16XYT6
item_B008J0BM1E	compatible_with	item_B00XKJ6ZUM
item_B007G4MZII	compatible_with	item_B00XKJ6ZUM
item_B004DNWNF0	compatible_with	item_B014E728KO
item_B00MJU0E6E	compatible_with	item_B01H0WU7W6
item_B00O72IPCC	compatible_with	item_B00V84SHIE
item_B001A3Y8S6	compatible_with	item_B00JULWE54
item_B00VJZGGFI	compatible_with	item_B01EW50FW6
item_B013E0HGEA	compatible_with	item_B01FX04MGE
item_B00Q4LZUW2	compatible_with	item_B01FWLKHSG
item_B000BO88T0	compatible_with	item_B00V84SHIE
item_B0060HMLTU	compatible_with	item_B01BO7HBNQ
item_B00MBI7NNG	compatible_with	item_B015YYTI4K
item_B00YTXDMZY	compatible_with	item_B010PX63GQ
item_B019X2NGF6	compatible_with	item_B01GZHP8QC
item_B00UL74O4K	compatible_with	item_B01F324FP0
item_B00F3SJQ72	compatible_with	item_B01FWRBJPK
item_B00CWDV8VI	compatible_with	item_B00XMZ45KQ
item_B00F3SJQ72	compatible_with	item_B00KAPVE8C
item_B0064YY0D4	compatible_with	item_B00M26QA04
item_B017XIN0JE	compatible_with	item_B01AT4HUM2
item_B000G80GTQ	compatible_with	item_B0019RS0IC
item_B01AG4GB8E	compatible_with	item_B01C2IPCQ4
item_B00N4N2IGO	compatible_with	item_B00OA5SNGE
item_B00RXXVQFA	compatible_with	item_B016F1I0TU
item_B00D62452S	compatible_with	item_B00RCHKZQS
item_B00RGWU7E4	compatible_with	item_B00Z9T6XL2
item_B00LCJP40E	compatible_with	item_B00M82WXMG
item_B005DKRVHC	compatible_with	item_B01DUQUIG6
item_B00BSOU1L0	compatible_with	item_B019Z2F1RK
item_B00U4IQ4V2	compatible_with	item_B00XXPMJKI
item_B0018P87FG	compatible_with	item_B00HRNU3B4
item_B017ULEI9U	compatible_with	item_B01G55N5C8
item_B0192BK6I8	compatible_with	item_B01COKA01C
item_B000WLPWAK	compatible_with	item_B00KH34OHK
item_B00KG40AAK	compatible_with	item_B01AOGZ0OK
item_B00GBVNW9I	compatible_with	item_B00H7QL45A
item_B01CSEYHUO	compatible_with	item_B01FU7PEVC
item_B00UF405AG	compatible_with	item_B01AP40M7G
item_B00N1YPHD2	compatible_with	item_B019752N26
item_B0015Z1MOW	compatible_with	item_B0127XUXLS
item_B01DONFQ4Y	compatible_with	item_B01HIZ7GW4
item_B00AHXIC96	compatible_with	item_B00LZ0IXK8
item_B0009UL0RI	compatible_with	item_B00OZ90XZE
item_B00272LJFE	compatible_with	item_B003G53VSO
item_B00LZRGRA4	compatible_with	item_B016NQV7MO
item_B00YXGLPNI	compatible_with	item_B013E0HGEA
item_B00SK9KN28	compatible_with	item_B00XZ3EF0U
item_B00NNIY2BY	compatible_with	item_B01D2UI1Q4
item_B00O9K01H4	compatible_with	item_B013SEP6FS
item_B00KIDBKXA	compatible_with	item_B01ETQAI1G
item_B00GTJIHME	compatible_with	item_B00PL42S1Y
item_B007ZYVGBQ	compatible_with	item_B008QZ1DNO
item_B00P3ATW5G	compatible_with	item_B00VG6AQ1K
item_B0043EVYAO	compatible_with	item_B00TB0BWTI
item_B00AZ6P8BK	compatible_with	item_B00KOJYK44
item_B0008EOUMM	compatible_with	item_B00FXPRJWO
item_B01BBUIS0Q	compatible_with	item_B01DD4IBIM
item_B013MC5U2K	compatible_with	item_B01AOCTAYU
item_B00F3SJQ72	compatible_with	item_B017KQH9NC
item_B019752N26	compatible_with	item_B019JCQU62
item_B000AL9CUI	compatible_with	item_B00DQG7MTC
item_B006SFRMRU	compatible_with	item_B007BL1KF0
item_B00ULZAECI	compatible_with	item_B01CRXGQ0A
item_B017ULEI9U	compatible_with	item_B01EYJ2YS8
item_B003LO20PU	compatible_with	item_B00FR9LTPY
item_B00SUMGC5M	compatible_with	item_B00X1MNOJ8
item_B00F3SJQ72	compatible_with	item_B016HLI4K8
item_B0012G6KX2	compatible_with	item_B012OURH0Y
item_B008YWHD56	compatible_with	item_B00Z5A68SS
item_B0001YRYIG	compatible_with	item_B00Z5OMBTO
item_B00I1AEEDA	compatible_with	item_B01DUQKRPI
item_B000P50WY4	compatible_with	item_B00XWUD32W
item_B00246AVD4	compatible_with	item_B01H7EMBXK
item_B011APN3OI	compatible_with	item_B01D410A2O
item_B00TDKH3LC	compatible_with	item_B00XYTJ7SA
item_B00UAYIG6G	compatible_with	item_B0115KIWSA
item_B00SJT8PQK	compatible_with	item_B0131JMN10
item_B000VS9ZXE	compatible_with	item_B00JULWE54
item_B0050UX3T0	compatible_with	item_B013OVICL0
item_B0043029D4	compatible_with	item_B00HI22GR8
item_B00SZ0A4H6	compatible_with	item_B016LIJHDK
item_B00TXX1UB8	compatible_with	item_B01B3HP24W
item_B001GF6M0K	compatible_with	item_B0031U0QBE
item_B008X25VO2	compatible_with	item_B00NHECBBW
item_B01EN4KVOI	compatible_with	item_B01G8AU6JK
item_B000E27QBA	compatible_with	item_B00XWUD32W
item_B00MY8WSCO	compatible_with	item_B00XKUWRQW
item_B00T0VSOUS	compatible_with	item_B01G4B6CV4
item_B00B58FQ5K	compatible_with	item_B00RENKQ3W
item_B00O18AXLI	compatible_with	item_B00Y1F4498
item_B003Y3BG2G	compatible_with	item_B008C7BVBA
item_B00MY8WSCO	compatible_with	item_B00XKUWANC
item_B01DB9KB6O	compatible_with	item_B01DKMMUY8
item_B01FVM5WS6	compatible_with	item_B01FX3ZSWI
item_B01FYFPH58	compatible_with	item_B01FYI4TLI
item_B001IK3QEI	compatible_with	item_B00KJJNY0A
item_B008X25S9U	compatible_with	item_B00AQD9M3M
item_B00K39W8XK	compatible_with	item_B019HHGR3K
item_B010TTTSQ8	compatible_with	item_B013W7M3XE
item_B000Q7887O	compatible_with	item_B01610O85K
item_B00GTJIHME	compatible_with	item_B01AYQY8RU
item_B003F23494	compatible_with	item_B01ATQM6JC
item_B00ZE87NFS	compatible_with	item_B018PMJPK0
item_B002U82QRK	compatible_with	item_B00750HURE
item_B0025XKEA6	compatible_with	item_B0037NYGB6
item_B00QV4RVQA	compatible_with	item_B01ENOZYV8
item_B00MN7REHA	compatible_with	item_B00YYAKWDW
item_B00LE1C2V4	compatible_with	item_B00XZATUN0
item_B00C4RWTFQ	compatible_with	item_B00XKXHMD2
item_B00FXLCUPO	compatible_with	item_B00NB4MGMM
item_B0059EQFOW	compatible_with	item_B00HIZKH7G
item_B019SW91MS	compatible_with	item_B01FX3ZSWI
item_B004MMR492	compatible_with	item_B01BGWYFHE
item_B00C6TZZXA	compatible_with	item_B00Z01UJIW
item_B00O70UZ3Q	compatible_with	item_B00Z9T6XL2
item_B00K83TN7U	compatible_with	item_B00UPD6AR4
item_B00A9WZQNA	compatible_with	item_B00Q4LZUW2
item_B005WO818C	compatible_with	item_B00XBBTDC6
item_B00LYYX86E	compatible_with	item_B01AUJGLLW
item_B000LNECBY	compatible_with	item_B001EIO0J4
item_B007P0HCMC	compatible_with	item_B01H7EMBXK
item_B00BTPQADG	compatible_with	item_B0156GCLD6
item_B00K00U4IS	compatible_with	item_B01F7YUA8A
item_B0011V5NCM	compatible_with	item_B01FNUPOF2
item_B00W5GPMAK	compatible_with	item_B01GGR0ICU
item_B000V6WPIS	compatible_with	item_B01F324FMI
item_B00NE4YJVK	compatible_with	item_B01CVOA4WQ
item_B00VUE6IP6	compatible_with	item_B017AP8R8O
item_B01EGWSNXS	compatible_with	item_B01FUMB2U4
item_B001LK2X8A	compatible_with	item_B0150WLXZS
item_B002459SCK	compatible_with	item_B00IL3NRRG
item_B00390ET7S	compatible_with	item_B00JULWE54
item_B00CIYB75S	compatible_with	item_B010GLJPQW
item_B004A7XXM6	compatible_with	item_B01B3ISSBK
item_B00KRYL792	compatible_with	item_B01DCBS4NS
item_B0007KPP7G	compatible_with	item_B00IL3NRRG
item_B00UOB0BCM	compatible_with	item_B013E0HGEA
item_B00R7CKSCY	compatible_with	item_B015WE0VN4
item_B0152R74K4	compatible_with	item_B017IHZKZC
item_B00WW6YJG6	compatible_with	item_B01H7TXM2Y
item_B00R4TJJOS	compatible_with	item_B00SKHTQPU
item_B001SB8QJM	compatible_with	item_B00Q4LZUW2
item_B000XEX8AW	compatible_with	item_B002H29YCY
item_B01FNAEQNS	compatible_with	item_B01H7OW33I
item_B00YEATJ9A	compatible_with	item_B011LTPIQO
item_B00N1PBREE	compatible_with	item_B016OT9B8C
item_B00DMW4T8C	compatible_with	item_B00EAA8CQU
item_B000S6M7HA	compatible_with	item_B0060JJLYG
item_B00JNW90Z2	compatible_with	item_B00YGAISMM
item_B00KBZO8WK	compatible_with	item_B0151E6OVI
item_B006ZIG2P8	compatible_with	item_B00KBZOB40
item_B0099XVVI4	compatible_with	item_B00XKXI3J4
item_B00COTGR0M	compatible_with	item_B019QOPCXK
item_B0057X87FK	compatible_with	item_B01ENUIBW6
item_B013E0HGEA	compatible_with	item_B01CPCHVUW
item_B007V3P35Q	compatible_with	item_B00FXPRJWO
item_B0091CC1OG	compatible_with	item_B00XKXI3WG
item_B00P3BWSB0	compatible_with	item_B01GGR0ICU
item_B00LVPDECY	compatible_with	item_B00YE7NW14
item_B00HDQ6EQ8	compatible_with	item_B00Q4LZUW2
item_B00D62452S	compatible_with	item_B00J4MHJ7W
item_B0010W49K4	compatible_with	item_B0012OJR2A
item_B001JPP0GE	compatible_with	item_B019407BLC
item_B00VW5GI62	compatible_with	item_B012UOSYQK
item_B003ILSDE8	compatible_with	item_B019DFQ83A
item_B00P19QE7S	compatible_with	item_B01890QD8K
item_B000OAXNBY	compatible_with	item_B007WPNNCS
item_B00QGSJVZU	compatible_with	item_B00ST02UL0
item_B0072J71L8	compatible_with	item_B00RZYAK18
item_B00L81TDE4	compatible_with	item_B00Q4LZUW2
item_B004QR03LO	compatible_with	item_B00FXPRJWO
item_B00GBVNW9I	compatible_with	item_B00SMJHB9Y
item_B00B89ORI8	compatible_with	item_B01E2DKX66
item_B00ACIFKH8	compatible_with	item_B00MB2DAES
item_B007HJFHM8	compatible_with	item_B011LTPIQO
item_B00TPZDKSK	compatible_with	item_B00XKXI3WG
item_B002APVEF8	compatible_with	item_B00F3SJQ72
item_B00RHOZU7K	compatible_with	item_B0156GCLD6
item_B00W5A9MH0	compatible_with	item_B00YEDR4LM
item_B0049NYBL8	compatible_with	item_B00IL3NRRG
item_B0009YL20E	compatible_with	item_B000GGO5OU
item_B01F1ROZFC	compatible_with	item_B01FNUPOF2
item_B01GO0VDQO	compatible_with	item_B01HCF5794
item_B00HX743T2	compatible_with	item_B00U6413M4
item_B00YX8PER4	compatible_with	item_B00ZET7QY0
item_B00G8OJ9CW	compatible_with	item_B014YT066U
item_B0152R74K4	compatible_with	item_B0185FVZJQ
item_B001DNFAOO	compatible_with	item_B00VMYPADK
item_B008YWF7OU	compatible_with	item_B00JULWJLI
item_B0115HTFC0	compatible_with	item_B012WEP2QI
item_B002M09ELM	compatible_with	item_B008B80O1I
item_B00Z9T6XL2	compatible_with	item_B01E9XG2SW
item_B0131JMSCE	compatible_with	item_B016B9QRPU
item_B00BDJRVOA	compatible_with	item_B00Q4LZUW2
item_B006O3W4Y2	compatible_with	item_B01DDDAAJ6
item_B00RNFPU3W	compatible_with	item_B00XWUD32W
item_B00KV63KWI	compatible_with	item_B017U1FDM6
item_B00O12LOLC	compatible_with	item_B016BY9HB6
item_B00B58FQ5K	compatible_with	item_B014128YZU
item_B00N5ZG6XW	compatible_with	item_B00UBW2TG0
item_B0198YXSUW	compatible_with	item_B01GSY5HOK
item_B000783OKS	compatible_with	item_B00XKXHMD2
item_B00OQDBUQA	compatible_with	item_B00X7BQFPS
item_B00IKTQENU	compatible_with	item_B00JULWJLI
item_B018YIF56S	compatible_with	item_B01E689DQS
item_B00BRBRPIG	compatible_with	item_B00T3CRGHG
item_B011628IYA	compatible_with	item_B01GYJZF1E
item_B00LNCDUI8	compatible_with	item_B00SMJHB9Y
item_B007R8T4M8	compatible_with	item_B00YQLH502
item_B00W1EDJXI	compatible_with	item_B013SEP6FS
item_B00H6TTI4W	compatible_with	item_B00MY8WSCO
item_B0058YY49G	compatible_with	item_B018I887MS
item_B00Z9T6XL2	compatible_with	item_B013QTGDYI
item_B00CKGBAQU	compatible_with	item_B01FQS7RSS
item_B00J7X7VB2	compatible_with	item_B01DDDAAJ6
item_B018K4EFMG	compatible_with	item_B019IBMJKU
item_B00K00UN66	compatible_with	item_B01ETAKFXI
item_B004MMR492	compatible_with	item_B012XZ5LBW
item_B017LQGXVA	compatible_with	item_B01DVR27S6
item_B00553XI06	compatible_with	item_B016LJ4GBM
item_B004I764VA	compatible_with	item_B01A7VLY60
item_B013E0HGEA	compatible_with	item_B01AQUP0DA
item_B00ULZAECI	compatible_with	item_B01ENOZYV8
item_B004I76686	compatible_with	item_B012P2FLA4
item_B0072J71L8	compatible_with	item_B00742LUKQ
item_B00IWQ3ZTM	compatible_with	item_B00XWUD32W
item_B002ZLOJ2W	compatible_with	item_B01F324FMI
item_B008H81AFQ	compatible_with	item_B00K17LRYA
item_B011I11TVS	compatible_with	item_B012C2SGNQ
item_B0057X9R36	compatible_with	item_B00XKXHMD2
item_B018I887MS	compatible_with	item_B01COQP750
item_B00NT0Z7HO	compatible_with	item_B012UOSYQK
item_B01E58ER7E	compatible_with	item_B01GYJZF1E
item_B00WGR902E	compatible_with	item_B013SEP6FS
item_B00NPQXNVY	compatible_with	item_B00O70UZ3Q
item_B00ACIFHBM	compatible_with	item_B00ACIFXM0
item_B00HGIUE2S	compatible_with	item_B00QGC4NLS
item_B0001YR5AI	compatible_with	item_B0009UL0RI
item_B015NO3ID8	compatible_with	item_B01DBGJDYI
item_B01331SHAW	compatible_with	item_B01GCTF46M
item_B0126V4NHG	compatible_with	item_B01HH3X0YU
item_B000OAY33G	compatible_with	item_B00HIZKH7G
item_B00WHF3E6S	compatible_with	item_B01B8F4V2I
item_B01B7N7IQC	compatible_with	item_B01H43Z5GY
item_B007AM2Z8G	compatible_with	item_B01DDDAAJ6
item_B00LYYX86E	compatible_with	item_B00UEQ8QCE
item_B00KBBSFNM	compatible_with	item_B00KCXQ3N8
item_B004I79ZC0	compatible_with	item_B016LJ4N92
item_B0009S6TJY	compatible_with	item_B004LKZ6B8
item_B000FBKYV4	compatible_with	item_B016LJ4J7S
item_B00P20CKQ0	compatible_with	item_B01A9RP7WY
item_B00FQCSPXQ	compatible_with	item_B010USSWOC
item_B00LE1C2V4	compatible_with	item_B01GJNGEXS
item_B00FFKL0LS	compatible_with	item_B00M0NSDMM
item_B003IC7GUY	compatible_with	item_B00DVFWFKE
item_B00XS6P1QG	compatible_with	item_B01AP40M26
item_B01EN4KVOI	compatible_with	item_B01G81RRIW
item_B00HHKSSTG	compatible_with	item_B00J3TGW6A
item_B00V84SHIE	compatible_with	item_B010N9N48C
item_B00BJOHMAC	compatible_with	item_B013MC5U2K
item_B00BMK75NM	compatible_with	item_B00ZUJ9Q8I
item_B00EAM75KC	compatible_with	item_B00OBGKI4W
item_B00DMW4T8C	compatible_with	item_B00XP7D1II
item_B0009UL0RI	compatible_with	item_B00YHY4CAE
item_B00K00UN66	compatible_with	item_B01DTOHOMK
item_B00IHV1IJ6	compatible_with	item_B00NASDGCI
item_B015VLQ43Y	compatible_with	item_B017V194DO
item_B00VNVQ75M	compatible_with	item_B01D46C5VS
item_B001EH7SSK	compatible_with	item_B0091CC1OG
item_B00YSK98TM	compatible_with	item_B01DD8N96W
item_B009X1KFLQ	compatible_with	item_B00HRNU3B4
item_B006LFV886	compatible_with	item_B01H143S5G
item_B00IZGFJLG	compatible_with	item_B00VHVK4W0
item_B01C2ZYFQU	compatible_with	item_B01DDDAAJ6
item_B001D3GRCI	compatible_with	item_B004LZ48KS
item_B00WXO4MLE	compatible_with	item_B014MCFM4K
item_B017LQGXVA	compatible_with	item_B01EMSY0OC
item_B00N1L2XT6	compatible_with	item_B00SMJHB9Y
item_B00B58FQ5K	compatible_with	item_B00KXKZ9H6
item_B0159K6T00	compatible_with	item_B015MI1O9A
item_B004I79ZC0	compatible_with	item_B00E1ZPCBC
item_B01B3HP24W	compatible_with	item_B01BQHU7GW
item_B00NLRMSW2	compatible_with	item_B013IXCCNI
item_B018IUWV1E	compatible_with	item_B019HHGR3K
item_B006N1K40Q	compatible_with	item_B00CCXZENG
item_B00NAWKASM	compatible_with	item_B012P2FLA4
item_B00W308L7Y	compatible_with	item_B00X6OALDI
item_B00XKXHMD2	compatible_with	item_B019DYH33A
item_B00Q4LZUW2	compatible_with	item_B0125G2ZWC
item_B00BSOU1L0	compatible_with	item_B016PD1UVS
item_B0000ANHTD	compatible_with	item_B01A16XYT6
item_B007OWV736	compatible_with	item_B00KBZO8WA
item_B00EV5D8ZO	compatible_with	item_B019IZ43PK
item_B0001Y8YBW	compatible_with	item_B00SZ0A4H6
item_B00NW62PCA	compatible_with	item_B00O1FG0P4
item_B005FQI1G4	compatible_with	item_B00KQF4W3A
item_B00FSB60T6	compatible_with	item_B00JULWE54
item_B00HIILFPG	compatible_with	item_B00N9S5TR4
item_B00VRAKFWU	compatible_with	item_B01FX3ZSWI
item_B00Q4LZUW2	compatible_with	item_B00U1RIHQQ
item_B00A41DLK6	compatible_with	item_B00W9E8FOI
item_B00GSY6TOS	compatible_with	item_B00K00UN66
item_B00PXSBGR0	compatible_with	item_B00SBST4FA
item_B000KK0ONI	compatible_with	item_B008YWF7OU
item_B017BQ2TAE	compatible_with	item_B01G2OOI2I
item_B003VN0MNS	compatible_with	item_B00ACIFHBM
item_B00DO3TYBG	compatible_with	item_B00Q4LZUW2
item_B0059ZVXNO	compatible_with	item_B00V84SHIE
item_B01GSIJWYC	compatible_with	item_B01HCUODWG
item_B000WLPWAK	compatible_with	item_B008X25S6S
item_B00DXCIJXM	compatible_with	item_B011LTPIQO
item_B003QORMAI	compatible_with	item_B00V3N6T08
item_B00B58FQ5K	compatible_with	item_B00MQDPM2K
item_B00LE1C2V4	compatible_with	item_B01FFFXX6C
item_B00ARH8CPG	compatible_with	item_B016E41W70
item_B001AQ4AFY	compatible_with	item_B00FNR2FOY
item_B005LXUUXI	compatible_with	item_B00IF9MI8U
item_B001G6TT4K	compatible_with	item_B00QNAIJ4A
item_B00V64VFSK	compatible_with	item_B00YGAISMM
item_B000IO8S0M	compatible_with	item_B00FXPRL5O
item_B00I78ZHSM	compatible_with	item_B00NE4YJVK
item_B005FQHTWG	compatible_with	item_B01942W59S
item_B00VQOVD9G	compatible_with	item_B01D22Q10A
item_B00C6W6S7Y	compatible_with	item_B00V84SHIE
item_B000LXO78W	compatible_with	item_B00LBYXE2A
item_B000SMB1NK	compatible_with	item_B003JH8TFY
item_B00024BM6A	compatible_with	item_B00CDPBX7Y
item_B00NB3ZXR8	compatible_with	item_B00WJBWVBY
item_B00YV599MK	compatible_with	item_B012FRQDD8
item_B00ABKAOTQ	compatible_with	item_B00XWUD32W
item_B00P3AU1JM	compatible_with	item_B00VG6AQ1K
item_B002IK90ZG	compatible_with	item_B00IL3NRRG
item_B002Q8HZSO	compatible_with	item_B00FXPRJWO
item_B00GXUXN8C	compatible_with	item_B01095T4Q6
item_B00CX6Z6Q2	compatible_with	item_B00JULWE54
item_B00SJT8PQK	compatible_with	item_B00W3HY108
item_B00B56GEZ8	compatible_with	item_B017WWTSO2
item_B00O2UCPBQ	compatible_with	item_B010TTTSQ8
item_B00L5E0QTU	compatible_with	item_B017OL7CA8
item_B00FZEE2GO	compatible_with	item_B00ISL4KMW
item_B00CL4RLDC	compatible_with	item_B01FZ6N9TM
item_B0157GM6UI	compatible_with	item_B019IBMJKU
item_B00D076MXE	compatible_with	item_B00M4LCGCI
item_B00NTZ3PK0	compatible_with	item_B014Y8R8UI
item_B00B58FQ5K	compatible_with	item_B00OEEO0O0
item_B00T5B32GE	compatible_with	item_B01C4185AE
item_B00V2Z992W	compatible_with	item_B01B5VA6OW
item_B00XWUB1XK	compatible_with	item_B0115HTFC0
item_B00XV9XJY6	compatible_with	item_B015H4F5HQ
item_B002I7K15M	compatible_with	item_B00CBE1S6I
item_B013SEP6FS	compatible_with	item_B01CJK8RKS
item_B005ASX590	compatible_with	item_B00NJ873Q4
item_B00W8UZLAE	compatible_with	item_B01E2DKX66
item_B019IBMJKU	compatible_with	item_B01GD9STKY
item_B00M4YC6SY	compatible_with	item_B019X6SU26
item_B006SFRKP4	compatible_with	item_B00KXOJGH6
item_B007KF1JZS	compatible_with	item_B01FR3P9NM
item_B00DGN7PLK	compatible_with	item_B018YLSIWI
item_B00FJ8H7GI	compatible_with	item_B013W7M3XE
item_B00857TGC8	compatible_with	item_B00V84SHIE
item_B004QRKMNS	compatible_with	item_B01HF4A6DY
item_B002QFTW88	compatible_with	item_B00ARCWZZE
item_B005ZOJ60Q	compatible_with	item_B00WW6YJG6
item_B0182G3RB2	compatible_with	item_B01CPE15LQ
item_B00C8GBZJY	compatible_with	item_B01CCEI7N8
item_B013SEP6FS	compatible_with	item_B01C8PLLSO
item_B005AI6XAS	compatible_with	item_B0115KHC8Q
item_B000VB2OMK	compatible_with	item_B00Q4LZUW2
item_B0009GB9R8	compatible_with	item_B00XKXHMD2
item_B005GV4QZI	compatible_with	item_B012P2FLA4
item_B000G3YMS2	compatible_with	item_B00XKXHMD2
item_B00MFEA4C8	compatible_with	item_B00RL67XK6
item_B00EUA0QVO	compatible_with	item_B01BU5AVK2
item_B00NQJ5LAQ	compatible_with	item_B00VF3ZSZ8
item_B00J3B0QII	compatible_with	item_B0115HTFC0
item_B005ACF5SA	compatible_with	item_B00HVT0AVC
item_B000GIQJ3S	compatible_with	item_B00MUUYIRO
item_B00XXPMJKI	compatible_with	item_B01DDMR7QG
item_B004I766BS	compatible_with	item_B005GVM5AQ
item_B00TT0GZ60	compatible_with	item_B01B3HP24W
item_B00TF681AQ	compatible_with	item_B019S38C2C
item_B00ISJF3CA	compatible_with	item_B017A76M5W
item_B007WKFSBM	compatible_with	item_B014MCFM4K
item_B00024QWGK	compatible_with	item_B00FXPRJWO
item_B0000WL1Q0	compatible_with	item_B00CBE1S6I
item_B00Q0BHE16	compatible_with	item_B019QSB7GM
item_B000WLPWAK	compatible_with	item_B0016L85KY
item_B001K2JEXG	compatible_with	item_B008YWF7OU
item_B00CIYB75S	compatible_with	item_B00KCXISNG
item_B008TUUOSG	compatible_with	item_B00OAJJ3VY
item_B004FAVPHI	compatible_with	item_B010A5J5FU
item_B00TEXKHOI	compatible_with	item_B01B3HP24W
item_B00QGSJVZU	compatible_with	item_B018H5TKOG
item_B019LV80KU	compatible_with	item_B01F324FMI
item_B016QWADXY	compatible_with	item_B01D1ZDKXO
item_B0057XBD6K	compatible_with	item_B00XAT5AW6
item_B00Z9T6XL2	compatible_with	item_B014IH33P4
item_B016YRUECQ	compatible_with	item_B01CTGJ238
item_B003TQL2NG	compatible_with	item_B00KBZO8WK
item_B00WY4QXT2	compatible_with	item_B017EJKHN4
item_B00SAFDL4O	compatible_with	item_B00V3IJCWA
item_B002RWJ7Q2	compatible_with	item_B00XKXHMD2
item_B001BZ8DAM	compatible_with	item_B01DDDAAJ6
item_B00CBE1S6I	compatible_with	item_B00F4N0QR0
item_B012P2FLA4	compatible_with	item_B01H3EBIFG
item_B00CD4W892	compatible_with	item_B013GE3J8G
item_B017LQGXVA	compatible_with	item_B01CYAUZ94
item_B00T6DWFNW	compatible_with	item_B013SEP6FS
item_B0166BU7T0	compatible_with	item_B016YRVZ56
item_B00505DPQG	compatible_with	item_B005QR8OP0
item_B00X1X26NW	compatible_with	item_B00XWUD32W
item_B00Q4LZUW2	compatible_with	item_B00ZXVURQS
item_B0072J71LI	compatible_with	item_B019J39B62
item_B00RVX4EG0	compatible_with	item_B01890QD8K
item_B005V2ZU6G	compatible_with	item_B00ZUJ9Q8I
item_B00QVCSFC6	compatible_with	item_B00YE7R364
item_B00JEZ1X26	compatible_with	item_B01H3EALTK
item_B005LXPSHG	compatible_with	item_B017XCZX18
item_B00D62452S	compatible_with	item_B00PK9BXHU
item_B0182G3RB2	compatible_with	item_B0196S55XI
item_B00K00U4IS	compatible_with	item_B01ETAKX44
item_B0058VG8OI	compatible_with	item_B009XB608I
item_B00V84SHIE	compatible_with	item_B0136G0NB0
item_B00VI77I5E	compatible_with	item_B00VLIW7SS
item_B000IEPZSU	compatible_with	item_B00Z5OMBTO
item_B00HIILFPG	compatible_with	item_B00IUOTRNY
item_B00348P4E2	compatible_with	item_B01AK98V6A
item_B00L5E0NQG	compatible_with	item_B01G2F92IW
item_B00O9GLPC8	compatible_with	item_B00QVAMERU
item_B00AYCZCTI	compatible_with	item_B00KDDUPCM
item_B00AA9Z96Q	compatible_with	item_B00SZNUD8S
item_B00TROFIK2	compatible_with	item_B01HH3X0YU
item_B004UPXE8G	compatible_with	item_B00HSJK358
item_B016YKHX1S	compatible_with	item_B01CIYSGA6
item_B00B58FP9W	compatible_with	item_B01DUQUIG6
item_B001BZDTKQ	compatible_with	item_B00SAF9W7O
item_B005MUZV5W	compatible_with	item_B00B7WR2LU
item_B002HIBU9S	compatible_with	item_B005C50ZCG
item_B001L1AXY0	compatible_with	item_B00KZHNJ1K
item_B00W9E8FOI	compatible_with	item_B0187XX89Q
item_B00VW5FL56	compatible_with	item_B012UOSYQK
item_B00LIM312I	compatible_with	item_B00XKXHMD2
item_B005OB8NYA	compatible_with	item_B00ZUJ9Q8I
item_B00FYEY7FQ	compatible_with	item_B00XKXHMD2
item_B000P57D50	compatible_with	item_B00842PFGA
item_B002CSZHGA	compatible_with	item_B00XWUD32W
item_B00UWVCZLY	compatible_with	item_B01DS6GZYM
item_B00STB9CVK	compatible_with	item_B01D410A2O
item_B00H9ZJ66S	compatible_with	item_B019IBMJKU
item_B00Q4N3KOK	compatible_with	item_B017WNY1FC
item_B01AN2ZZEU	compatible_with	item_B01AUDDOCW
item_B00XKJ6ZUM	compatible_with	item_B01CH87ZY6
item_B016LJ4J7S	compatible_with	item_B01B3IT1MU
item_B0012N1LNO	compatible_with	item_B0064YY0D4
item_B00UZJHNPG	compatible_with	item_B01B6G8BKC
item_B00N00OO68	compatible_with	item_B00RCKUFF6
item_B016LJ4J7S	compatible_with	item_B016LJ4TF0
item_B016LJ4GBM	compatible_with	item_B019WNZJ42
item_B007OWNVJO	compatible_with	item_B00QNAIJ4A
item_B00Q4LZUW2	compatible_with	item_B00ZHWZ8RQ
item_B00XXPNFME	compatible_with	item_B01A630SZ2
item_B00O2VD1J0	compatible_with	item_B00V84SHIE
item_B004IPQG2Y	compatible_with	item_B0065IL5LE
item_B00T9BWNRO	compatible_with	item_B01DW2HL04
item_B00HZMPJZM	compatible_with	item_B00OIWIEDG
item_B008HZD4XU	compatible_with	item_B016YKHX1S
item_B00XKXHMD2	compatible_with	item_B01B48OTW6
item_B00TJEGDHM	compatible_with	item_B01B8F4V2I
item_B00248JHN2	compatible_with	item_B00Q4LZUW2
item_B00X509TZO	compatible_with	item_B00XXPMJKI
item_B000BWLW68	compatible_with	item_B00D4B6JCA
item_B018FTH8G6	compatible_with	item_B019IBMJKU
item_B00SUMGC5M	compatible_with	item_B00X3S26RG
item_B000BNWP3Q	compatible_with	item_B013OVICL0
item_B00FXLCUPO	compatible_with	item_B00PFZDR3M
item_B00JULWPBC	compatible_with	item_B00XKXHMD2
item_B00FQ0YTB0	compatible_with	item_B01CDJ1MPW
item_B0118XFD4A	compatible_with	item_B018KCZUNQ
item_B01488KTP0	compatible_with	item_B01CU3GN0A
item_B0028TWZDQ	compatible_with	item_B00SUMGC5M
item_B00XLV4AUQ	compatible_with	item_B01BU5AVK2
item_B00MM77QEM	compatible_with	item_B00YYONAQE
item_B00635S03U	compatible_with	item_B00CA7Y91C
item_B005GVE0T0	compatible_with	item_B016LJ4GBM
item_B0091CC1OG	compatible_with	item_B00OK3P6ES
item_B00BC1GCOO	compatible_with	item_B00WAF6B4C
item_B0012G6KX2	compatible_with	item_B01GEGL8Z4
item_B00421BJTE	compatible_with	item_B00SMJHB9Y
item_B00RGWU7E4	compatible_with	item_B01DBGJDYI
item_B01E577ZPQ	compatible_with	item_B01FUMB2U4
item_B003NX87TW	compatible_with	item_B00GT4TD90
item_B00SMJHB9Y	compatible_with	item_B00UV3HKBI
item_B00AYU5N5S	compatible_with	item_B019752N26
item_B002DQZQRG	compatible_with	item_B0085TF7DS
item_B00QNAIJ4A	compatible_with	item_B01B48O3U4
item_B00C4CO97M	compatible_with	item_B01DTY57Q0
item_B00UEQ8QCE	compatible_with	item_B0186HXCSU
item_B0057X9R36	compatible_with	item_B00PXSBC1U
item_B0014JNAH6	compatible_with	item_B00KBZOB40
item_B00F3SJQ72	compatible_with	item_B018FVI7Q4
item_B00KAAQEAK	compatible_with	item_B00TUQ2EHW
item_B005HO2CYG	compatible_with	item_B007VI2NA4
item_B015G5SQ4A	compatible_with	item_B01CRF7XNW
item_B0012BXDP0	compatible_with	item_B019HHGR3K
item_B000CEM6FG	compatible_with	item_B00B81I7HI
item_B000IBKO02	compatible_with	item_B00FXPRJWO
item_B00GBVNW3O	compatible_with	item_B015USWNYC
item_B00QJZSYE4	compatible_with	item_B01DDDAAJ6
item_B00KRYL792	compatible_with	item_B015IWUVUS
item_B00PY3G96C	compatible_with	item_B00VGR38QY
item_B00B58FQ5K	compatible_with	item_B01DL3MVCC
item_B00CK0GNWM	compatible_with	item_B017LZINE6
item_B00MHTQHXG	compatible_with	item_B011LTPIQO
item_B00MJU0E6E	compatible_with	item_B015RLNJCM
item_B002A9JX66	compatible_with	item_B01DJP6MTA
item_B00KOLVDKG	compatible_with	item_B00QNAIJ4A
item_B01AP40M7G	compatible_with	item_B01F8VL0UE
item_B00PJII6AY	compatible_with	item_B017OEW7DC
item_B00KC7PKZQ	compatible_with	item_B01C3ND116
item_B00SMJHB6C	compatible_with	item_B00WW6YS44
item_B00UXLDOEU	compatible_with	item_B016ZRFA5G
item_B0069MP2CO	compatible_with	item_B00MF9FVP8
item_B00KBZO8WK	compatible_with	item_B00ZGE9L00
item_B00XPBAKPQ	compatible_with	item_B00XPBB8YI
item_B00UC69NJG	compatible_with	item_B01AP40M7G
item_B00B6E8X9E	compatible_with	item_B00HIZKH7G
item_B00YXQ0HIC	compatible_with	item_B0159K6T00
item_B00QXASI64	compatible_with	item_B0150YIVVK
item_B01FUMB2U4	compatible_with	item_B01GEKV7ZG
item_B00QNAIJ4A	compatible_with	item_B0161026HM
item_B00CLBZ556	compatible_with	item_B00XWUD32W
item_B00NHECBBW	compatible_with	item_B00X9HIFIA
item_B00TT5JO72	compatible_with	item_B00V84SHIE
item_B00BW5VJW0	compatible_with	item_B00XWUD32W
item_B00L5E0QTU	compatible_with	item_B014EQXA9I
item_B000HOSFDI	compatible_with	item_B004DMYJF8
item_B000Z11JDG	compatible_with	item_B00FXPRJWO
item_B014CWWJ28	compatible_with	item_B0156GCLD6
item_B01DUQKRPI	compatible_with	item_B01E689DQS
item_B018VSPBII	compatible_with	item_B01CU3GN0A
item_B00DGJIR5W	compatible_with	item_B00Y9MH16G
item_B012DDECXM	compatible_with	item_B017MHDG1S
item_B0047FETRO	compatible_with	item_B00ARH8C9M
item_B013X04PDG	compatible_with	item_B01711AFIM
item_B000MXIN22	compatible_with	item_B01F324FMI
item_B00QNAIJ4A	compatible_with	item_B01EJQ6Z6I
item_B007Y9SZXY	compatible_with	item_B00FKWI3U2
item_B00HOA8WK4	compatible_with	item_B016LJ4GBM
item_B008XCL57E	compatible_with	item_B01G8ZHTRC
item_B00E1WKZA8	compatible_with	item_B00SMJHB6C
item_B00H5FXQRC	compatible_with	item_B00HIILFPG
item_B007W0T9C6	compatible_with	item_B01F324FMI
item_B0002FHILW	compatible_with	item_B00AZ6P8BK
item_B01D38AU8W	compatible_with	item_B01GUEASU6
item_B000BWLW68	compatible_with	item_B00H3VS9UC
item_B00G5NDPOE	compatible_with	item_B00XKXHMD2
item_B000FXSU5Y	compatible_with	item_B0031U0QBE
item_B016LJ4GBM	compatible_with	item_B01H3JQVV2
item_B00QVCSFC6	compatible_with	item_B00V6JTYWY
item_B00JTYYTZK	compatible_with	item_B011LTPIQO
item_B018I887MS	compatible_with	item_B01GGUDIIS
item_B00OFJXDJM	compatible_with	item_B016RPYX2W
item_B00L9GH0P2	compatible_with	item_B00MJU0E6E
item_B000FGVWLU	compatible_with	item_B018MRRKR8
item_B0023ZSEQW	compatible_with	item_B00V84SHIE
item_B00JV5BXOW	compatible_with	item_B00KRYL792
item_B00JSJHQP6	compatible_with	item_B01BX36GR8
item_B005C9GDS2	compatible_with	item_B00XKXHMD2
item_B00022JPNE	compatible_with	item_B000FGVXLY
item_B00UEQ8QCE	compatible_with	item_B01EYLK81G
item_B00CC4XRTI	compatible_with	item_B00KZT5X26
item_B01942W59S	compatible_with	item_B01FRLDESQ
item_B0002DG892	compatible_with	item_B00Z8A3TPK
item_B007KF1JZS	compatible_with	item_B00YE90OBI
item_B0045KFBYQ	compatible_with	item_B015P0X9HU
item_B004UYDPIG	compatible_with	item_B0085TF7DS
item_B00K0WMCPO	compatible_with	item_B016OT9B8C
item_B001TJX55I	compatible_with	item_B00QGSJVZU
item_B0029F1X3M	compatible_with	item_B002A6DOIC
item_B000UPHME2	compatible_with	item_B00AYCZCTI
item_B01AP40M7G	compatible_with	item_B01AW46DYU
item_B005DTCEKW	compatible_with	item_B00XXPMJKI
item_B0092KFX24	compatible_with	item_B00XKXHMD2
item_B00XZ3EF0U	compatible_with	item_B00ZYS1GXS
item_B004I79ZC0	compatible_with	item_B00BJOHGN0
item_B013SEP6FS	compatible_with	item_B01EN6WH6Q
item_B00F3SJQ72	compatible_with	item_B00MMYILK8
item_B009QPSYZS	compatible_with	item_B019X2NGF6
item_B004I764VA	compatible_with	item_B00SX5ZGBC
item_B00F3SJQ72	compatible_with	item_B01EP8EWKQ
item_B000PAVNHY	compatible_with	item_B00XKXHMD2
item_B00N2LV1PC	compatible_with	item_B00UPG1A3A
item_B00FLXDYU4	compatible_with	item_B00JZ1RLLG
item_B0009MM34U	compatible_with	item_B01AK98V6A
item_B013W7M3XE	compatible_with	item_B01CNC6FE2
item_B00KRYNBFK	compatible_with	item_B00O72IPCC
item_B00KXU16SW	compatible_with	item_B00MOU7FF2
item_B00CIZHY7W	compatible_with	item_B00KRYL7CE
item_B000N4QKR0	compatible_with	item_B00SAF9W7O
item_B002459SCK	compatible_with	item_B00Q4LZUW2
item_B00LE1C2V4	compatible_with	item_B01CID1MI0
item_B00CMO8FBS	compatible_with	item_B016PWILXY
item_B00WHF3E6S	compatible_with	item_B01BKO5CI4
item_B013SN8B92	compatible_with	item_B015SSQCO6
item_B004I76686	compatible_with	item_B015G5SQ4A
item_B0002DG8BK	compatible_with	item_B0057D57NK
item_B00HAV7UX2	compatible_with	item_B00MOU7FF2
item_B004GSUOUS	compatible_with	item_B00TU3W13C
item_B0002M0GBE	compatible_with	item_B00V84SHIE
item_B000LOX1Z6	compatible_with	item_B00RCKUFF6
item_B001LNWCHY	compatible_with	item_B016YKHX1S
item_B00NHECBBW	compatible_with	item_B01FKZRA0M
item_B00S568L9S	compatible_with	item_B00V3IJCWA
item_B002L6I57G	compatible_with	item_B006SFRJ7S
item_B00AHXIC96	compatible_with	item_B017OTSVSC
item_B00H7X3FMI	compatible_with	item_B0166S5X3S
item_B00IWKXUZ2	compatible_with	item_B00XKXHMD2
item_B0000WL69W	compatible_with	item_B00FXPRJWO
item_B00CC3LRVE	compatible_with	item_B00LY8HM6M
item_B01CU2LVHQ	compatible_with	item_B01ET9QYXO
item_B00LE1C2V4	compatible_with	item_B01CSC4QO8
item_B00JBRB2IC	compatible_with	item_B00UJ5TRGE
item_B01D410A2O	compatible_with	item_B01DTH9TQQ
item_B0002FHILW	compatible_with	item_B005CW068C
item_B01DOXVVBG	compatible_with	item_B01EKLYZOQ
item_B00CG0J24M	compatible_with	item_B00E95996I
item_B00VBK052Q	compatible_with	item_B01HH3X0YU
item_B01CU3GN0A	compatible_with	item_B01FE7HRSQ
item_B00C45ZIWE	compatible_with	item_B00KZT5X26
item_B008KKDLIU	compatible_with	item_B00XKXHMD2
item_B003IXVFLO	compatible_with	item_B00BVGCA1E
item_B007N1BVL6	compatible_with	item_B016HWCOYY
item_B00DMW4T8C	compatible_with	item_B017K6CF54
item_B01AQJZ48M	compatible_with	item_B01FX3ZSWI
item_B00DVFWFKE	compatible_with	item_B00VM3DOAC
item_B008VPU1YG	compatible_with	item_B00XKXI3WG
item_B0029IQIRU	compatible_with	item_B00YGKQ3SS
item_B0008EOEO6	compatible_with	item_B007WPNNCS
item_B00E253YJS	compatible_with	item_B01A9RP7WY
item_B001VH6IFM	compatible_with	item_B0072J71HM
item_B007BZ5CUA	compatible_with	item_B00M8EWMGQ
item_B004WMTK8K	compatible_with	item_B01FNUPOF2
item_B0064EYJ9E	compatible_with	item_B00NBSPHHY
item_B00NHECBBW	compatible_with	item_B01DDMR7QG
item_B00O5C90WI	compatible_with	item_B00VHVK4W0
item_B00GJBW12Y	compatible_with	item_B00QNAIJ4A
item_B0001YRWJ2	compatible_with	item_B0009UL0RI
item_B00P3ASWQQ	compatible_with	item_B00P3AU1JM
item_B00B58FQ5K	compatible_with	item_B00S8EMUE4
item_B0019RS0IC	compatible_with	item_B001B0X848
item_B015EW16LU	compatible_with	item_B017WSG1QY
item_B017V194DO	compatible_with	item_B018SXNUTS
item_B01AIH0W9I	compatible_with	item_B01DDDAAJ6
item_B00V84SHIE	compatible_with	item_B01FT5OTRA
item_B012P2HA0I	compatible_with	item_B012XOO8UI
item_B000OAMVDU	compatible_with	item_B003EEMI7M
item_B00B5T2PDA	compatible_with	item_B01DP724O4
item_B0002MKYSY	compatible_with	item_B012P2FLA4
item_B00T6H8UY6	compatible_with	item_B01890QD8K
item_B00KCXQ3N8	compatible_with	item_B01EYLJCR2
item_B00KRYL7CE	compatible_with	item_B017MM13SQ
item_B0072J71LI	compatible_with	item_B0072J796U
item_B00Q7ECQEQ	compatible_with	item_B00QNAIJ4A
item_B0127MIORO	compatible_with	item_B01AYQY8RU
item_B004I766BS	compatible_with	item_B00E1ZPCBC
item_B0009YL20E	compatible_with	item_B002GE5SK0
item_B00CEH2QF4	compatible_with	item_B00XKXHMD2
item_B0099RISWM	compatible_with	item_B00VHVK4W0
item_B000JHAYHS	compatible_with	item_B00FXPRJWO
item_B000FXSUPE	compatible_with	item_B00CBE1S6I
item_B00FT72MG4	compatible_with	item_B019752N26
item_B010TM33C0	compatible_with	item_B01DB4M7MA
item_B00JB8OW42	compatible_with	item_B00KBZO8WK
item_B00T6DWFNW	compatible_with	item_B00VTTOGHE
item_B00V84SHIE	compatible_with	item_B0132J9RJA
item_B010PX63GQ	compatible_with	item_B01DEX6M92
item_B00K00UN66	compatible_with	item_B00TG7CYR0
item_B00IIJ80ZW	compatible_with	item_B00IIJAM1M
item_B000M520WY	compatible_with	item_B002M09ELM
item_B00YGAISMM	compatible_with	item_B01FM7XPCK
item_B0009G6AX6	compatible_with	item_B00DLW8CRC
item_B005EDVUSY	compatible_with	item_B00SMJHB6C
item_B00KXU16SW	compatible_with	item_B018K0U3KI
item_B00V3ML4MW	compatible_with	item_B00XKXHMD2
item_B00VTTOGHE	compatible_with	item_B01DM1JJLY
item_B00XKXHMD2	compatible_with	item_B01044S5LW
item_B00XIGZXAK	compatible_with	item_B010L2J6CO
item_B00CRS7ULK	compatible_with	item_B0156GCLD6
item_B00G9QQ6IO	compatible_with	item_B00TF67E5E
item_B00MA8VXRY	compatible_with	item_B01E61CD1C
item_B01CJNYVKK	compatible_with	item_B01E2DKX66
item_B000783UHU	compatible_with	item_B00PXSBBJI
item_B006TLZ1BW	compatible_with	item_B00IL3NRRG
item_B0009PS580	compatible_with	item_B00K6006ZI
item_B016F1I0TU	compatible_with	item_B017AG2RQG
item_B01COIO2KE	compatible_with	item_B01DB4M7MA
item_B002OULSWS	compatible_with	item_B005WCBTFQ
item_B015WQLZ78	compatible_with	item_B0182G3RB2
item_B00AJHRQSI	compatible_with	item_B00M0XW472
item_B005GV9AV8	compatible_with	item_B01A7VLY60
item_B0049UPDBS	compatible_with	item_B00Q4LZUW2
item_B018S5I3I4	compatible_with	item_B01ALG1TE8
item_B01DUARAQI	compatible_with	item_B01G3BE8SO
item_B001FD9Y8A	compatible_with	item_B01CN3WM8E
item_B0052GAA7K	compatible_with	item_B00CBE1S6I
item_B000UVLX3C	compatible_with	item_B00XKXI3WG
item_B00TKPMMF2	compatible_with	item_B01C3ND116
item_B00QNAIJ4A	compatible_with	item_B00RNSNJG4
item_B007PKM0BU	compatible_with	item_B00QGSJVZU
item_B001VN2O54	compatible_with	item_B018YIF56S
item_B00KBZO8WK	compatible_with	item_B01DP5H8RY
item_B00JF8CDDK	compatible_with	item_B00XKXHMD2
item_B00GIERM4Y	compatible_with	item_B00SYS4Q1Y
item_B00ZUJ9Q8I	compatible_with	item_B01EXOGNW2
item_B00JC2YXFK	compatible_with	item_B01DAYVW2M
item_B003G53VSO	compatible_with	item_B003Y3BG2G
item_B00KBZO8WK	compatible_with	item_B01ES40DAU
item_B0157F36CQ	compatible_with	item_B01B3HP24W
item_B00NQJ5LAQ	compatible_with	item_B01FJ3CRY4
item_B00XZ3EF0U	compatible_with	item_B01BMUUPXI
item_B012CJ1294	compatible_with	item_B0195BRO9E
item_B00Y832TFO	compatible_with	item_B01519NUTM
item_B00DMWH8LC	compatible_with	item_B00DMWH9YS
item_B005DMYDWQ	compatible_with	item_B01DDDAAJ6
item_B01CTNFTVA	compatible_with	item_B01F8VL0UE
item_B009YYZ55I	compatible_with	item_B00AHXIC96
item_B00DMW4T8C	compatible_with	item_B00VLIW7SS
item_B00L5E0QTU	compatible_with	item_B01CYTYUK0
item_B013W7M3XE	compatible_with	item_B017YFEY6O
item_B005AGNRTK	compatible_with	item_B00QGSJVZU
item_B006SFRJ7S	compatible_with	item_B006SFSDCI
item_B0002TOZ1E	compatible_with	item_B005UZRCV0
item_B00B58FQ5K	compatible_with	item_B011QQE1HE
item_B00T454BY8	compatible_with	item_B01CTVQ5NI
item_B00NQJ5LAQ	compatible_with	item_B00PZU582K
item_B00WKKSI7U	compatible_with	item_B01G0M5NX0
item_B004I76686	compatible_with	item_B005GVJEX2
item_B001BZ8EF6	compatible_with	item_B00X9HIFIA
item_B00LOB6FVW	compatible_with	item_B018YIF56S
item_B00FE5H2Z2	compatible_with	item_B01H3EALMM
item_B003LVYEOI	compatible_with	item_B00NASDG7I
item_B00TPOJX8C	compatible_with	item_B0195BRO9E
item_B00ACIFL9U	compatible_with	item_B00W57WWL6
item_B007N1BVKM	compatible_with	item_B00LYYX86E
item_B00MN7REHA	compatible_with	item_B01FQBBZQU
item_B01B3HP24W	compatible_with	item_B01GJD33YQ
item_B003CK2GLG	compatible_with	item_B01DXPYIS8
item_B00PW00DGY	compatible_with	item_B01G2OOI2I
item_B00EUA0OQQ	compatible_with	item_B00MY8WSCO
item_B0009GAO2O	compatible_with	item_B0065ECGKM
item_B00A9XVIHW	compatible_with	item_B01EUUT9Q6
item_B00EVQYB72	compatible_with	item_B00HUVQ8C6
item_B010CD7IKE	compatible_with	item_B011LTPIQO
item_B00Q5QLB06	compatible_with	item_B018UR3J84
item_B00BLU6CU0	compatible_with	item_B00O84D7I6
item_B004CFVEBI	compatible_with	item_B00D076MXE
item_B008LWRD72	compatible_with	item_B008X25S6S
item_B002I7K15M	compatible_with	item_B00FXPRJWO
item_B00B4X30S6	compatible_with	item_B00MHJ9EQS
item_B002YFBVPM	compatible_with	item_B005GK97MG
item_B000F1DV00	compatible_with	item_B00XKXHMD2
item_B0115HTFC0	compatible_with	item_B01HC535O8
item_B00W6EZH74	compatible_with	item_B014V0DUAQ
item_B00QA89W46	compatible_with	item_B00Y1TPNKS
item_B001MKRY4W	compatible_with	item_B00XKXHMD2
item_B0018OOF6M	compatible_with	item_B00375HMIS
item_B016LJ4J7S	compatible_with	item_B01ACC6FR2
item_B00D1GWCVU	compatible_with	item_B00XKXI2D6
item_B00E4XQ8VY	compatible_with	item_B00IT3CO86
item_B000GIQJ3S	compatible_with	item_B00MUUYGK8
item_B00HJQMZOC	compatible_with	item_B0118XFD4A
item_B00AF7CRL8	compatible_with	item_B01DUQUIG6
item_B003WWMPLU	compatible_with	item_B00XKXHMD2
item_B00A8YZQ6Q	compatible_with	item_B01BBUIS0Q
item_B00B9MABIO	compatible_with	item_B00MVWZZF0
item_B00T3IOS7G	compatible_with	item_B0198YXSUW
item_B00W308L7Y	compatible_with	item_B01AP40M26
item_B00CJWWWPI	compatible_with	item_B01BBUIS0Q
item_B00XN53BRI	compatible_with	item_B01COUN3RK
item_B005V00JCI	compatible_with	item_B01DDDAAJ6
item_B0085TF7DS	compatible_with	item_B00IUM83XQ
item_B01DJP6MTA	compatible_with	item_B01F324FMI
item_B000XEAPF8	compatible_with	item_B00FXPRL5O
item_B00XQPEDKO	compatible_with	item_B01H30LCP6
item_B005C9GCYC	compatible_with	item_B00ACIFLBI
item_B000FXSU1S	compatible_with	item_B00FXPRJWO
item_B00HUOESU2	compatible_with	item_B01G2OOI2I
item_B01FSCTXK2	compatible_with	item_B01H6YB182
item_B016OT9B8C	compatible_with	item_B01FFDVAO6
item_B008XZZ2BG	compatible_with	item_B01H143S5G
item_B000ZHFCPQ	compatible_with	item_B00M8B3IFI
item_B00FQ0YTB0	compatible_with	item_B01C2Y6MXU
item_B004I764VA	compatible_with	item_B01BLVDH6A
item_B018277G86	compatible_with	item_B01D410A2O
item_B00NOAUCN8	compatible_with	item_B01B3HP24W
item_B010PX63GQ	compatible_with	item_B01H0WU7W6
item_B001BFR13M	compatible_with	item_B019IBMJKU
item_B0001YRY8Q	compatible_with	item_B00XKXHMD2
item_B00Q0BHE16	compatible_with	item_B015Q90H84
item_B0052G7IAC	compatible_with	item_B00XWUD32W
item_B000C4UATA	compatible_with	item_B00ACIFHBM
item_B006QG8IGU	compatible_with	item_B012P2FLA4
item_B000G0P4ZK	compatible_with	item_B019X2NGF6
item_B015XYMT60	compatible_with	item_B01FQS7RSS
item_B012P2FLA4	compatible_with	item_B0132K6ADA
item_B00GX8AZ58	compatible_with	item_B01D1R3O1U
item_B00B58FQ5K	compatible_with	item_B00H3VS9UC
item_B00N4N2IGO	compatible_with	item_B00RZYAK18
item_B00K2XIV10	compatible_with	item_B00XXPNFME
item_B00LE1C2V4	compatible_with	item_B01BVWGMOS
item_B000G0JY88	compatible_with	item_B017BVZK46
item_B001LIS1R4	compatible_with	item_B00O72IPCC
item_B016GSNUE2	compatible_with	item_B01H3EALTK
item_B00SZ0A4H6	compatible_with	item_B015E3OJRM
item_B007MD34F6	compatible_with	item_B0166BU7T0
item_B00GX8AZ58	compatible_with	item_B016LJ4GBM
item_B00J3B0QII	compatible_with	item_B00NJ873Q4
item_B0007YR980	compatible_with	item_B011LTPIQO
item_B001CCOTR0	compatible_with	item_B01EH14W24
item_B009EVMCCA	compatible_with	item_B012UV29QE
item_B00ACIFH8U	compatible_with	item_B00QMTU4RM
item_B008X25S9U	compatible_with	item_B01D0G067M
item_B00WR255YK	compatible_with	item_B00XKXZIPG
item_B000M520WY	compatible_with	item_B00505DW2I
item_B00XCO2MSE	compatible_with	item_B00ZFE1H12
item_B00XKXI3J4	compatible_with	item_B01AXGNQ7O
item_B00YAP29D2	compatible_with	item_B01H6DY7BQ
item_B009ZRTM3A	compatible_with	item_B019S38JJI
item_B00NQJ5LAQ	compatible_with	item_B0157GM6UI
item_B00FXPRJWO	compatible_with	item_B01DDJ7VBA
item_B0076RL90K	compatible_with	item_B00QI58H88
item_B001FQGE30	compatible_with	item_B015G5SQ4A
item_B005BGANA0	compatible_with	item_B00NJ873Q4
item_B008X25QJM	compatible_with	item_B008X25S7W
item_B00K5KNKK2	compatible_with	item_B00KBZO8WK
item_B005CW07UY	compatible_with	item_B00XWUD32W
item_B001NODU5E	compatible_with	item_B00WKKSI7U
item_B0059EY0N0	compatible_with	item_B00UV3P63C
item_B001AH8FBS	compatible_with	item_B005DD9KWS
item_B00A6Y1U9K	compatible_with	item_B019IBMJKU
item_B00O2KA79I	compatible_with	item_B00XKCZD9S
item_B00PV35L3M	compatible_with	item_B01890QD8K
item_B01BGG4LRY	compatible_with	item_B01CNJXNEU
item_B009YPX112	compatible_with	item_B00XKXHMPU
item_B004CSRXUQ	compatible_with	item_B00FNR2FOY
item_B00LAU1AVM	compatible_with	item_B00V84SHIE
item_B0012FR9PG	compatible_with	item_B00JULWJLI
item_B0007YVUVC	compatible_with	item_B01H3EALMM
item_B009XB60TM	compatible_with	item_B01610O85K
item_B00IK4VXY0	compatible_with	item_B01DUQUIG6
item_B00K30MRTE	compatible_with	item_B00NQJ5LAQ
item_B00NV5Y4C6	compatible_with	item_B01G4RTNGE
item_B00FXLCUPO	compatible_with	item_B00GTAGRLG
item_B00JGVAR34	compatible_with	item_B01G834CJC
item_B0091CC1OG	compatible_with	item_B00P0FCCOM
item_B00MX2DS0W	compatible_with	item_B014MBDEPK
item_B00NJ873Q4	compatible_with	item_B00X85U9NW
item_B000BWLW68	compatible_with	item_B01C28Q6Z0
item_B00QZGL8SQ	compatible_with	item_B011LTPIQO
item_B00OQDBUQA	compatible_with	item_B00VU82J2I
item_B019IZ43PK	compatible_with	item_B019OIQONU
item_B00WW6YJG6	compatible_with	item_B0161026HM
item_B00GKNISRI	compatible_with	item_B014Q9QPG8
item_B004UJL4N4	compatible_with	item_B00ARH8CPG
item_B00CFBPNKO	compatible_with	item_B00KBZOB40
item_B00VUE6IP6	compatible_with	item_B01AP40M7G
item_B00V84SHIE	compatible_with	item_B00Y5T5P66
item_B00W5R4WPK	compatible_with	item_B015GDFVOA
item_B003TOAGPS	compatible_with	item_B01H7EMBXK
item_B000R4KNE2	compatible_with	item_B01H5NNDYO
item_B00AAV4POG	compatible_with	item_B00NJ873Q4
item_B0012FNQIK	compatible_with	item_B01AK98V6A
item_B0057X9LKU	compatible_with	item_B00XKXHMD2
item_B00VJA9ELG	compatible_with	item_B01B3HP24W
item_B009M8UH7M	compatible_with	item_B009OJFK94
item_B006KD7Q2Q	compatible_with	item_B006SRSZOW
item_B00627C5US	compatible_with	item_B00WW6YJG6
item_B001R7FBFE	compatible_with	item_B00B58FQ5K
item_B005HAIQS6	compatible_with	item_B016LJ4J7S
item_B00ACIFLBI	compatible_with	item_B00DM3YJYU
item_B00V69TD70	compatible_with	item_B00WIS3ER8
item_B001FOQI1U	compatible_with	item_B01HF4A6DY
item_B00NB0RX7O	compatible_with	item_B013MC5U2K
item_B000FGVXLY	compatible_with	item_B000JVWN7I
item_B00U7Y19MC	compatible_with	item_B01F324FMI
item_B01FCYA2TW	compatible_with	item_B01GE547U8
item_B003LRIDP8	compatible_with	item_B00NKWUHA8
item_B019S0V254	compatible_with	item_B01D1R3O1U
item_B00INS6J10	compatible_with	item_B00OI7T8T0
item_B009DNWH2O	compatible_with	item_B00K72JFK2
item_B00AERKIJM	compatible_with	item_B00ARH8C9M
item_B00NQJ5LAQ	compatible_with	item_B01GGOC4A2
item_B00I7VDKC4	compatible_with	item_B014MCFM4K
item_B00KRYL7CE	compatible_with	item_B01EY7HBPG
item_B001RTCX1W	compatible_with	item_B00FR9LTPY
item_B00F6BL5A2	compatible_with	item_B011LTPIQO
item_B00E9E1CDC	compatible_with	item_B014CWWJ28
item_B00XPBB8YI	compatible_with	item_B01CCM40K4
item_B019752N26	compatible_with	item_B01DTH9TQQ
item_B0012G6KX2	compatible_with	item_B012OUSK4G
item_B0013UMQXU	compatible_with	item_B01F324FMI
item_B00QGSJVZU	compatible_with	item_B00XPFB6BO
item_B00L0WQLJQ	compatible_with	item_B016YRTP0S
item_B00L3XOJ28	compatible_with	item_B00MN7REHA
item_B00KYJ9J1I	compatible_with	item_B0116VVDXE
item_B00022JPNE	compatible_with	item_B00SAF9W7O
item_B00CE3P59C	compatible_with	item_B00HVT0AVC
item_B00FEDE388	compatible_with	item_B00KT8TK9U
item_B00WH30N2I	compatible_with	item_B01CNJXNEU
item_B01DTOHOMK	compatible_with	item_B01F6ALY7Q
item_B00NL3EC02	compatible_with	item_B01AP40M26
item_B00NQJ5LAQ	compatible_with	item_B01FUWUZPC
item_B004I764VA	compatible_with	item_B01BP9YNJI
item_B003NE515O	compatible_with	item_B00JULWE54
item_B0094KS1HG	compatible_with	item_B017LZINE6
item_B017NMNJ8M	compatible_with	item_B01CU3GN0A
item_B0012G6KX2	compatible_with	item_B016JVXWPI
item_B00931Y6PC	compatible_with	item_B00JC2YXFK
item_B01AYJ2S9C	compatible_with	item_B01FUMB2U4
item_B00KBZOB40	compatible_with	item_B00Z12C5AU
item_B00IB1KJ06	compatible_with	item_B01963ZOO8
item_B015HM8I7M	compatible_with	item_B01E61CD1C
item_B00FXPRL5O	compatible_with	item_B00KQFEFCS
item_B0196YFE60	compatible_with	item_B01ETOQRFO
item_B001GS9G0U	compatible_with	item_B01A16XYT6
item_B00RDUKX4S	compatible_with	item_B0150YIVVK
item_B00S0HGLXK	compatible_with	item_B00TXZ2W2M
item_B001DNFAOO	compatible_with	item_B00FT1BPGI
item_B00F35FJV2	compatible_with	item_B00NQJ5LAQ
item_B00KKV2MW8	compatible_with	item_B01FQS7RSS
item_B00MN7TVM6	compatible_with	item_B017HXXSYM
item_B00RC8LYVM	compatible_with	item_B019752N26
item_B00LLZ7Q28	compatible_with	item_B017CZ4O70
item_B008QZ0GF0	compatible_with	item_B00QOOKHGS
item_B00KGSS8M8	compatible_with	item_B00XKXHMD2
item_B011NZP6IG	compatible_with	item_B014PCQLXS
item_B00LCJP40E	compatible_with	item_B01F7YUA8A
item_B00NASDG7I	compatible_with	item_B011SUKPE6
item_B00KBY7F2Q	compatible_with	item_B01F4BCFMU
item_B00NASDGCI	compatible_with	item_B01FR3P9NM
item_B00NP94WZ2	compatible_with	item_B00O18AXLI
item_B0009UL0RI	compatible_with	item_B000NKYQMA
item_B00SMJHB9Y	compatible_with	item_B018YIF56S
item_B0037KML0C	compatible_with	item_B0085TF7DS
item_B00KQHZII6	compatible_with	item_B01BU5AVK2
item_B00IWLE2RG	compatible_with	item_B00NPQ7Q44
item_B00MW7TCPI	compatible_with	item_B018DKOHMU
item_B0086UC4LO	compatible_with	item_B00W9E8FOI
item_B003EEMI7M	compatible_with	item_B007XVL7KQ
item_B003K1SQLG	compatible_with	item_B00YGAISMM
item_B000JHAYHS	compatible_with	item_B0085TF7DS
item_B006YG78LI	compatible_with	item_B00L2D0HN4
item_B017U1FDM6	compatible_with	item_B01EWX95QA
item_B00XWUD32W	compatible_with	item_B01C2F5FXW
item_B002ZCXY22	compatible_with	item_B01F324FMI
item_B00LKW2S3E	compatible_with	item_B01EMGWE10
item_B00D2L2H14	compatible_with	item_B01AFUXXA8
item_B001CVE1JM	compatible_with	item_B019MDWF76
item_B010RXZ2FM	compatible_with	item_B016F1I0TU
item_B0059WCB8S	compatible_with	item_B0065ECGKM
item_B00NI4SYYO	compatible_with	item_B00O4DOA64
item_B004185E94	compatible_with	item_B00Q4LZUW2
item_B00GIERM4Y	compatible_with	item_B00UYCGTAY
item_B00L0XEB6A	compatible_with	item_B00Z8A3TPK
item_B0199DMAK6	compatible_with	item_B01GO0VDQO
item_B00THDBHUI	compatible_with	item_B00XKXHMD2
item_B00V84SHIE	compatible_with	item_B01EOWZ2CU
item_B00VFV7BCS	compatible_with	item_B01E7Q8AVS
item_B0169EX0U2	compatible_with	item_B01GGR0ICU
item_B016LJ4J7S	compatible_with	item_B0170ACSNY
item_B00BFZQJCC	compatible_with	item_B014MCFM4K
item_B00862DRQS	compatible_with	item_B00FXPRIPC
item_B00XNS6Q6I	compatible_with	item_B01D1A7HG0
item_B0009GC7UQ	compatible_with	item_B00XP4OY8M
item_B00505DW2I	compatible_with	item_B00H2TDICY
item_B017I4BTFU	compatible_with	item_B01AMH3322
item_B00LKW2RQC	compatible_with	item_B01AQOCG4C
item_B00K39W8XK	compatible_with	item_B00PXSBC1U
item_B00HUS797M	compatible_with	item_B00V84SHIE
item_B016YKHX1S	compatible_with	item_B01ELTHI78
item_B00K00U4IS	compatible_with	item_B01F6ALHQE
item_B00F9S82WQ	compatible_with	item_B00F9S84AQ
item_B017J0KKEY	compatible_with	item_B019X2NGF6
item_B00JUM6MDI	compatible_with	item_B00KBZO8WK
item_B00V7Z8LI0	compatible_with	item_B00XWUD32W
item_B002QB0UTW	compatible_with	item_B00B58FQ5K
item_B0057IWAKS	compatible_with	item_B00FNR2FOY
item_B00NPQXNVY	compatible_with	item_B01F8VL0UE
item_B00A2IDT6C	compatible_with	item_B00Z8A3TPK
item_B01E7NR3YG	compatible_with	item_B01FQS7RSS
item_B005N2CT90	compatible_with	item_B01BBUIS0Q
item_B003TSTSM6	compatible_with	item_B015SSQCO6
item_B00SSM9K44	compatible_with	item_B01DKMMUY8
item_B005DTUCK6	compatible_with	item_B00XXPNFME
item_B002BA5O12	compatible_with	item_B00N2LV1PC
item_B006O5NIEU	compatible_with	item_B016YKHX86
item_B001NDBD2W	compatible_with	item_B00QGSJVZU
item_B0023B2FNE	compatible_with	item_B01DDDAAJ6
item_B004I764VA	compatible_with	item_B00ZRO68JQ
item_B0009FB2WQ	compatible_with	item_B01A16XYT6
item_B00WY4QXT2	compatible_with	item_B01AEUMU08
item_B00X9VLR7W	compatible_with	item_B010978YF6
item_B00C0NW3IW	compatible_with	item_B01DUQUIG6
item_B005GPI998	compatible_with	item_B016LJ4GBM
item_B00U2W99Z8	compatible_with	item_B01B3HP24W
item_B00U3792OU	compatible_with	item_B01ANHD3GW
item_B019752N26	compatible_with	item_B01FYHBTP8
item_B00FQ0YTB0	compatible_with	item_B00KDMSL5G
item_B00CAXQV3K	compatible_with	item_B00E4I4P9G
item_B007GBY03O	compatible_with	item_B00XKXHMD2
item_B00RDVXJEI	compatible_with	item_B016Q6NXDM
item_B008LWXC4K	compatible_with	item_B013CHKUAC
item_B00V84SHIE	compatible_with	item_B00XNCITOG
item_B00E1WKZA8	compatible_with	item_B00MN7TVT4
item_B00ZBYTDIK	compatible_with	item_B01E2DKX66
item_B00VHB64L0	compatible_with	item_B01HH3X0YU
item_B00B9MABIO	compatible_with	item_B01C75XFGG
item_B012P2G8JW	compatible_with	item_B012XOO8UI
item_B007VDOMFS	compatible_with	item_B00KBZOB40
item_B00GHYHN1W	compatible_with	item_B00Y9MH16G
item_B00856U6DW	compatible_with	item_B00QGSJVZU
item_B00F9F4AMA	compatible_with	item_B00W3HY108
item_B00B58FQ5K	compatible_with	item_B00C7P5R3Q
item_B00O70UZ3Q	compatible_with	item_B019Z2BS22
item_B00KRYL792	compatible_with	item_B00KYOC4EW
item_B00NLPX27Y	compatible_with	item_B016HEU4E4
item_B00I39JQ3W	compatible_with	item_B00SV7BNTG
item_B00V84SHIE	compatible_with	item_B01CIDAQKK
item_B00BBQ66FU	compatible_with	item_B00F3SJQ72
item_B00VUE6IP6	compatible_with	item_B014JMK0PO
item_B01B3HP24W	compatible_with	item_B01HEID9FS
item_B00G9QQDVO	compatible_with	item_B019S38JJI
item_B00PV3BCP8	compatible_with	item_B014MCFM4K
item_B00ARCWZZE	compatible_with	item_B01FUPB1GG
item_B00MCW8C7M	compatible_with	item_B00XKXHMD2
item_B00FBD2G2Q	compatible_with	item_B00HWMXM7C
item_B00ACIFHBM	compatible_with	item_B00ACIFP64
item_B00847JCJQ	compatible_with	item_B01H3CSYOQ
item_B016LJ4J7S	compatible_with	item_B01B3ITSVE
item_B0038RMMQ2	compatible_with	item_B01AK98V6A
item_B008YWF7OU	compatible_with	item_B01ES40BH0
item_B017LQGXVA	compatible_with	item_B01B5FCOU2
item_B007AK1LW4	compatible_with	item_B00H9B9CMK
item_B00VHVK4W0	compatible_with	item_B015QQFNEA
item_B00KZT5X26	compatible_with	item_B0111Q5TKW
item_B00840U4X6	compatible_with	item_B00OC35GS2
item_B008X25S9U	compatible_with	item_B008X25VO2
item_B001G824X6	compatible_with	item_B01DB9WT4Q
item_B00AF7CRL8	compatible_with	item_B00SMJHB9Y
item_B00RU6LGDM	compatible_with	item_B01DB4M7MA
item_B00ZR3GH52	compatible_with	item_B01G2OOI2I
item_B00JC2YXFK	compatible_with	item_B01GETJEJS
item_B00MN5X4CQ	compatible_with	item_B00SAF9W7O
item_B00DMW4T8C	compatible_with	item_B01FVHUZHY
item_B000WLPWAK	compatible_with	item_B005SW296S
item_B00H38FUBG	compatible_with	item_B00QGSJVZU
item_B013DR1GY0	compatible_with	item_B0156GCLD6
item_B00MJU0E6E	compatible_with	item_B017278TW4
item_B00X9VLR7W	compatible_with	item_B01C76ERK8
item_B0058YTPO0	compatible_with	item_B00B58FQ5K
item_B00K00U4IS	compatible_with	item_B00UF7V1SI
item_B00DLW8CRC	compatible_with	item_B00NVOCBT0
item_B001GCRM0W	compatible_with	item_B00BWGYH0A
item_B000XRG27K	compatible_with	item_B0153AR7DE
item_B00131MYFE	compatible_with	item_B005F28HJ4
item_B000TXS60E	compatible_with	item_B018MRRKR8
item_B00HLY5YPO	compatible_with	item_B01DLU8LAG
item_B00VFDJ8OA	compatible_with	item_B00VJAI0V6
item_B00L83WV14	compatible_with	item_B017V194DO
item_B00DMW4T8C	compatible_with	item_B01DVK47MW
item_B0065ECGKM	compatible_with	item_B008MA0WBC
item_B001BF1ATS	compatible_with	item_B019752N26
item_B00CHNNO5Q	compatible_with	item_B00FXPRJWO
item_B00B58FQ5K	compatible_with	item_B00JWW1POM
item_B00LE1C2V4	compatible_with	item_B00XLVMCM4
item_B002F7DBAM	compatible_with	item_B00FXPRL5O
item_B01ARW7BG6	compatible_with	item_B01FQWMFKO
item_B008QZ0GF0	compatible_with	item_B00Q0YUAGE
item_B001RTCX1W	compatible_with	item_B0085TF7DS
item_B004IZVE6W	compatible_with	item_B008YWF7OU
item_B000Q0OSFC	compatible_with	item_B00XWUD32W
item_B00APXN95U	compatible_with	item_B0195KRCR4
item_B00RST6J0G	compatible_with	item_B00W9P2FLQ
item_B00Q0BKI0K	compatible_with	item_B01DJAYGPW
item_B00N4N2IGO	compatible_with	item_B01015RS9E
item_B008QZ1DNO	compatible_with	item_B00OHVS3YI
item_B0002V9JKY	compatible_with	item_B004I45MF2
item_B00XKXHMD2	compatible_with	item_B0138XYQG4
item_B00HRNU3B4	compatible_with	item_B00YZ56V7M
item_B00F3SJQ72	compatible_with	item_B00PRZC11Y
item_B00DMW4T8C	compatible_with	item_B01A5N56E6
item_B00FXPRL5O	compatible_with	item_B00P6VAM7E
item_B001EYHZCM	compatible_with	item_B00Y8E1W5Q
item_B004DMYJF8	compatible_with	item_B00I035MX4
item_B000WLPWAK	compatible_with	item_B01EIFUJPS
item_B004JX8GLE	compatible_with	item_B00JULWOOK
item_B001BZ43GK	compatible_with	item_B00X9HIFIA
item_B00E5UHLIA	compatible_with	item_B018I887MS
item_B002WJ8CXO	compatible_with	item_B011LTPIQO
item_B0020MMNXS	compatible_with	item_B00FXPRL5O
item_B00S9X7ZFI	compatible_with	item_B01EAH8U5K
item_B006YG78LI	compatible_with	item_B00LG9KZSG
item_B001L95WE8	compatible_with	item_B015G5SQ4A
item_B00OWV5TV8	compatible_with	item_B01B3HP24W
item_B00L7RW4LI	compatible_with	item_B00V3ML56W
item_B00H4O0Y9M	compatible_with	item_B00MQHOM4U
item_B00APXN95U	compatible_with	item_B01E7N0BEA
item_B012AI7S0Y	compatible_with	item_B01EN4KVOI
item_B00N0U3BBC	compatible_with	item_B00V84SHIE
item_B00WIHVEIA	compatible_with	item_B012P2FLA4
item_B01DDDAAJ6	compatible_with	item_B01ENGK40M
item_B00644OCDM	compatible_with	item_B0127MJWZM
item_B003EZVN5E	compatible_with	item_B00O12LOLC
item_B00I4BX5TK	compatible_with	item_B011LTPIQO
item_B000RZEG1C	compatible_with	item_B01BU5AVK2
item_B00F8FEI7S	compatible_with	item_B01EA9OZDO
item_B00TC56ZQW	compatible_with	item_B01DZI2952
item_B00PXSBBJI	compatible_with	item_B00PXSJ5TQ
item_B00PXSJ5TQ	compatible_with	item_B00RW1AKN2
item_B00MUUYGK8	compatible_with	item_B01CR580CU
item_B01C3ND116	compatible_with	item_B01DWRO0VM
item_B00295MQLU	compatible_with	item_B01GDCFU62
item_B001E0HAOO	compatible_with	item_B00V84SHIE
item_B00Z5SVR5E	compatible_with	item_B01C9RELYM
item_B01DB9WT4Q	compatible_with	item_B01F324FMI
item_B00TO9UCZ6	compatible_with	item_B00UU3AB4C
item_B019JDHWHM	compatible_with	item_B01F2R2D28
item_B004DE7AQG	compatible_with	item_B00OV4840E
item_B00NXBRFHO	compatible_with	item_B00Q2P3IHY
item_B0108P8YMW	compatible_with	item_B011LTPIQO
item_B00GBVNW9I	compatible_with	item_B015USWNYC
item_B002EJ55H8	compatible_with	item_B00ND5XBZK
item_B0118XFD4A	compatible_with	item_B01DBGJDB6
item_B011LTPIQO	compatible_with	item_B01576M338
item_B006Z8I1LQ	compatible_with	item_B00XKXHMD2
item_B00295MQLU	compatible_with	item_B01ES4EZOU
item_B00295MQLU	compatible_with	item_B00DF28SOK
item_B00B58FQ5K	compatible_with	item_B00XH7I2WQ
item_B00C0ZEE2S	compatible_with	item_B00IL3NRRG
item_B0000WL0WA	compatible_with	item_B00FXPRJWO
item_B00Z8A3TPK	compatible_with	item_B01BLUM6Q8
item_B003EEMI7M	compatible_with	item_B007SYAMUE
item_B009CG871W	compatible_with	item_B00MH8GX8Q
item_B00GHR041A	compatible_with	item_B00YVPQM3O
item_B01B3ISSBK	compatible_with	item_B01FTHPX2I
item_B008RYMYFA	compatible_with	item_B01EGAG170
item_B0019MNPHS	compatible_with	item_B00F9IGIKO
item_B00JDTRD9U	compatible_with	item_B00LCICPNO
item_B005I33OD4	compatible_with	item_B00FXPRJWO
item_B003NGLL0G	compatible_with	item_B00XXPNFME
item_B01DDDAAJ6	compatible_with	item_B01H2JOCKA
item_B004HO6MKW	compatible_with	item_B00SUWUPFA
item_B0198YZ50I	compatible_with	item_B01H5M6SO2
item_B00R4TJJOS	compatible_with	item_B01ESQPHWW
item_B01D46C5VS	compatible_with	item_B01GO0VDQO
item_B00DDTO6OQ	compatible_with	item_B019HHGR3K
item_B00F3SJQ72	compatible_with	item_B00MVSR6TC
item_B00LE1C2V4	compatible_with	item_B00QUGNWJO
item_B001M5AX36	compatible_with	item_B00ZSIT546
item_B00DFUV092	compatible_with	item_B00VHVK4W0
item_B00OLB51XK	compatible_with	item_B01ET9QYXO
item_B009XB608I	compatible_with	item_B00CM5ZJR0
item_B00KXU16SW	compatible_with	item_B00ZZ1R9T4
item_B004LB4V5O	compatible_with	item_B00ARH8CPG
item_B000FXUVGK	compatible_with	item_B00CBE1S6I
item_B00Y1TPNKS	compatible_with	item_B017LQGXVA
item_B001M5WQQ8	compatible_with	item_B01GL96F34
item_B00C3XMHOO	compatible_with	item_B00MNKTAAQ
item_B00O4DOA64	compatible_with	item_B013IKGT8K
item_B00UTRNG8W	compatible_with	item_B0156GCLD6
item_B00Q4LZUW2	compatible_with	item_B0195QOD7K
item_B01BPSB2UW	compatible_with	item_B01FUMB2U4
item_B00XKSI06U	compatible_with	item_B017V1AZC8
item_B004I79ZC0	compatible_with	item_B0160ZRV4G
item_B00160GPES	compatible_with	item_B00842PFGA
item_B00XZATUN0	compatible_with	item_B01H4PIKPU
item_B000C31AKY	compatible_with	item_B00DG7AZSG
item_B00131U3UW	compatible_with	item_B005F28HJ4
item_B012P2FLA4	compatible_with	item_B01BLONELU
item_B00CEH08H2	compatible_with	item_B00XKXHMD2
item_B0085TF7DS	compatible_with	item_B00AERJVB8
item_B0151BQUX8	compatible_with	item_B01FX3ZSWI
item_B0001YS1OW	compatible_with	item_B00FXPRJWO
item_B0052GAA7K	compatible_with	item_B01A16XYT6
item_B01DQCBV3S	compatible_with	item_B01GGU761I
item_B004M5RBNS	compatible_with	item_B01DUQKRPI
item_B00NOOX9ZW	compatible_with	item_B01H7EMBXK
item_B003VRK1XU	compatible_with	item_B006FYC6CA
item_B01ENCHNTG	compatible_with	item_B01F8VL0UE
item_B0147F055S	compatible_with	item_B019IZ43PK
item_B00JUO33XS	compatible_with	item_B00XXPMJKI
item_B00FZEE2GO	compatible_with	item_B00JKJQJHA
item_B0091XSG7G	compatible_with	item_B00YGAISMM
item_B009B1TRXU	compatible_with	item_B013W93UUM
item_B00WV1V7RG	compatible_with	item_B01DU9HDL6
item_B019HHGR3K	compatible_with	item_B01FNUTDX6
item_B00HIILFPG	compatible_with	item_B018M3ULVO
item_B0018OOF6M	compatible_with	item_B00CBE1N86
item_B00QGSJVZU	compatible_with	item_B00YWKXD30
item_B01A5KUR6G	compatible_with	item_B01H43Z5GY
item_B00RC8LYVM	compatible_with	item_B019IBMJKU
item_B003XDTP4I	compatible_with	item_B00V84SHIE
item_B016OSTSTU	compatible_with	item_B01G75L8IY
item_B00C0PCYA2	compatible_with	item_B01C3CV1P0
item_B00VTTOGHE	compatible_with	item_B01AP40M7G
item_B0065L8OWE	compatible_with	item_B00L62ELI8
item_B00ZR3GGHQ	compatible_with	item_B01D61WJ08
item_B002GJUDF0	compatible_with	item_B00B58FQ5K
item_B00WTAFOZK	compatible_with	item_B012UOSYQK
item_B0068L1SP6	compatible_with	item_B00MY8WSCO
item_B00BFWGRHM	compatible_with	item_B01DP724O4
item_B00W108RD4	compatible_with	item_B01CSEYHUO
item_B012Y8063G	compatible_with	item_B01DWG8JPG
item_B005K2J2H0	compatible_with	item_B00XXPNFME
item_B0140CB6VA	compatible_with	item_B01890QD8K
item_B00EOFICJI	compatible_with	item_B00SGMDXVC
item_B00XBB6ZJK	compatible_with	item_B010EAL7M0
item_B00AHXIC96	compatible_with	item_B00UF7XUTG
item_B00JIN5N0C	compatible_with	item_B00P3ASWQQ
item_B00S9VVUAQ	compatible_with	item_B00V3IJCWA
item_B01E9XG2SW	compatible_with	item_B01ESQPHWW
item_B00GHR041A	compatible_with	item_B01EOAPILW
item_B01AYUE7YA	compatible_with	item_B01H6DY7BQ
item_B00KO7WMXM	compatible_with	item_B01HH97AHC
item_B013RET092	compatible_with	item_B015G5SQ4A
item_B00ATT85RC	compatible_with	item_B00JO7ZUSW
item_B00XHR9NOW	compatible_with	item_B01FE7HRSQ
item_B00V84SHIE	compatible_with	item_B012XOO8UI
item_B000PCEHWU	compatible_with	item_B016LJ4GBM
item_B00139IETG	compatible_with	item_B00IO0DDA2
item_B00AHCKQ28	compatible_with	item_B01F324FMI
item_B0156GCLD6	compatible_with	item_B0169FXGR8
item_B00HG2GDME	compatible_with	item_B01C3ND116
item_B00IL3NRRG	compatible_with	item_B00L9TRPF4
item_B014M25CR2	compatible_with	item_B01BBUIS0Q
item_B00XH7HO5M	compatible_with	item_B00XKXI3WG
item_B00XBBAV2C	compatible_with	item_B01DDDBO7I
item_B00B81I4IU	compatible_with	item_B00S4THPIO
item_B003EEMI7M	compatible_with	item_B004JRJGCI
item_B0150WLXZS	compatible_with	item_B01EH14W24
item_B005T8V0QQ	compatible_with	item_B01DAGE0Z6
item_B00ZUJ9Q8I	compatible_with	item_B01CLYZBUG
item_B012N5BYZY	compatible_with	item_B01G2OOI2I
item_B00TEXKHOI	compatible_with	item_B00UCIVQ26
item_B006VR9CNM	compatible_with	item_B00W9E8FOI
item_B00LE1C2V4	compatible_with	item_B01D8X4MB8
item_B00LCJP40E	compatible_with	item_B00UM77WXY
item_B00XBBMAW6	compatible_with	item_B01DDDAAJ6
item_B00JULWE54	compatible_with	item_B01H2J4W46
item_B008QZ1DNO	compatible_with	item_B0195KYLHI
item_B00V84SHIE	compatible_with	item_B00WISC9RE
item_B0018OOF6M	compatible_with	item_B00P8E7PVK
item_B00Q4LZUW2	compatible_with	item_B01F4AN3ZO
item_B0143UH09Q	compatible_with	item_B01FNUPOF2
item_B00F9S84AQ	compatible_with	item_B00F9S8YTM
item_B00BCG27RK	compatible_with	item_B01H3EALTK
item_B011PHTM8C	compatible_with	item_B019HHGR3K
item_B0158VAQ2M	compatible_with	item_B01H3EALMM
item_B00NHECBBW	compatible_with	item_B00ULZC5I4
item_B00O72IPCC	compatible_with	item_B01DET03C8
item_B00TKLOXUS	compatible_with	item_B019IBMJKU
item_B00WG2HMPG	compatible_with	item_B00YV697IK
item_B000BUW4A8	compatible_with	item_B000UD6BN2
item_B00CTSM8C4	compatible_with	item_B00PXSBGOI
item_B019IBMJKU	compatible_with	item_B01AA6PPXU
item_B00NAK1LSM	compatible_with	item_B00VJL4Y1A
item_B00KGI2N88	compatible_with	item_B00NE4YJVK
item_B00O5I1W3M	compatible_with	item_B01DNTE08C
item_B00EQZ17SO	compatible_with	item_B0176N9FXQ
item_B00VHVK4W0	compatible_with	item_B017LKWHXY
item_B00MBIBZ12	compatible_with	item_B00O4DOA64
item_B0064YY0D4	compatible_with	item_B0064YY5ZW
item_B00GTZU15O	compatible_with	item_B00NJ873Q4
item_B00XKXI3WG	compatible_with	item_B01450QI4C
item_B00PM40SZQ	compatible_with	item_B01A567MNG
item_B00QA8AVDM	compatible_with	item_B0118XFD4A
item_B00I39JPV0	compatible_with	item_B00SV7BNTG
item_B00STUNZ2I	compatible_with	item_B01F2NZAPO
item_B004I76686	compatible_with	item_B00LROWMXQ
item_B0058CTZEM	compatible_with	item_B00XKXHMD2
item_B00CBE1S6I	compatible_with	item_B015YHNOBK
item_B00KFR4JVO	compatible_with	item_B019BFMS0O
item_B000JQOOG6	compatible_with	item_B00FXPRJWO
item_B00MX2DS0W	compatible_with	item_B00PEITEIM
item_B00RKZI6BI	compatible_with	item_B0182G7G3M
item_B00VMT2JUM	compatible_with	item_B016YRUECQ
item_B00HAV9RNS	compatible_with	item_B00WHF3E6S
item_B00QVCSFC6	compatible_with	item_B01CJ5Z98Q
item_B00Q4LZUW2	compatible_with	item_B00SAHVA72
item_B00K730Z00	compatible_with	item_B01DW2HL04
item_B00BERMN7G	compatible_with	item_B01DXPYIHO
item_B018QIFHOQ	compatible_with	item_B019IBMJKU
item_B00FYEY7FQ	compatible_with	item_B016LJ4J7S
item_B000GB247A	compatible_with	item_B00XKXHMD2
item_B00TR1EFLS	compatible_with	item_B018SRR0N6
item_B00NE4YJVK	compatible_with	item_B00UVXG7A8
item_B00OUSHQTQ	compatible_with	item_B00V84SHIE
item_B012V8CPJC	compatible_with	item_B01E5ZF1GS
item_B000BPO6VI	compatible_with	item_B01E2DKX66
item_B00JGF96HS	compatible_with	item_B00P53L9OI
item_B002DYJVYM	compatible_with	item_B00V84SHIE
item_B01593NUNG	compatible_with	item_B01EW3CU4O
item_B00WW6YJG6	compatible_with	item_B01FYE0HF4
item_B00NBSPHHY	compatible_with	item_B00T6LHEOY
item_B002M09ELM	compatible_with	item_B00H7KZ6X2
item_B00NVPCLJE	compatible_with	item_B018YIF56S
item_B00BMHE5W4	compatible_with	item_B019752N26
item_B00GOLFL12	compatible_with	item_B00Z8A3TPK
item_B00AQD3RD8	compatible_with	item_B00X9HIFIA
item_B0006TVYR8	compatible_with	item_B01A16XYT6
item_B00GZBF54Y	compatible_with	item_B019IBMJKU
item_B00PL40FXC	compatible_with	item_B00PL45258
item_B007D40I4Y	compatible_with	item_B00L5E0QTU
item_B00JC2YXFK	compatible_with	item_B00JG3ERU6
item_B000N4U0LC	compatible_with	item_B018MRRKR8
item_B017OEW7DC	compatible_with	item_B0187F1O72
item_B00GTQVRB0	compatible_with	item_B01BKTAUY0
item_B000EBZ0PA	compatible_with	item_B00ACIFHBM
item_B00HRNU3B4	compatible_with	item_B0157HZATG
item_B01C2OA18C	compatible_with	item_B01FYPNU1G
item_B00MAPW3N0	compatible_with	item_B01FUMB2U4
item_B00139IETG	compatible_with	item_B001KU9QWM
item_B002LSI2ZY	compatible_with	item_B00V84SHIE
item_B01DDDAAJ6	compatible_with	item_B01ENGMJVO
item_B00I3HR7UI	compatible_with	item_B00ZJVK15E
item_B00D7HH8I0	compatible_with	item_B017MHDG1S
item_B00NL99IIC	compatible_with	item_B00QTAI80E
item_B00JLOER4G	compatible_with	item_B01F4BCFMU
item_B00V84SHIE	compatible_with	item_B01CID4KJI
item_B00GYZYHPO	compatible_with	item_B00NTOZ4RI
item_B00KL4OMUE	compatible_with	item_B00TD0NTBU
item_B0009YL20E	compatible_with	item_B000JFBHGW
item_B00JZYQ3I0	compatible_with	item_B00NE4YJVK
item_B00Q4LZUW2	compatible_with	item_B01F4ANGQ0
item_B005DKRVHC	compatible_with	item_B00N2DQKDI
item_B00JC2YXFK	compatible_with	item_B01HCUODWG
item_B0040RYOOM	compatible_with	item_B00ABNEQJM
item_B00M3IUXCM	compatible_with	item_B01E61CD1C
item_B00M3FMOT0	compatible_with	item_B017LRFCN4
item_B00QGSJVZU	compatible_with	item_B00YE80MWU
item_B00XC2FB66	compatible_with	item_B01BBUIS0Q
item_B000A2KAOO	compatible_with	item_B00FXPRJWO
item_B0026FBJXE	compatible_with	item_B01H9J0RB6
item_B00MGLMHHK	compatible_with	item_B01CQTGIHG
item_B01A6JADR4	compatible_with	item_B01D410A2O
item_B00FG3X684	compatible_with	item_B01DUQKRPI
item_B00U90KMFO	compatible_with	item_B01EH14W24
item_B01F3J3FQS	compatible_with	item_B01FX3ZSWI
item_B00B58FQ5K	compatible_with	item_B01653CON6
item_B006Z8I1LQ	compatible_with	item_B00WW6YJG6
item_B008CIWRTY	compatible_with	item_B0196YFEUG
item_B00FLXDYU4	compatible_with	item_B00Q45AIWU
item_B000UVOA32	compatible_with	item_B00AYCZCTI
item_B0036FFALK	compatible_with	item_B00M21ZA9Q
item_B005GSW0JU	compatible_with	item_B013W7M3XE
item_B005V0WA4I	compatible_with	item_B00A7BEOSG
item_B0045EPNB8	compatible_with	item_B00GHH13QA
item_B00Y5SEPCC	compatible_with	item_B019IBMJKU
item_B01B3ISSBK	compatible_with	item_B01FUMB2U4
item_B00ACIFHBM	compatible_with	item_B00VTV7WV4
item_B00SCX46D4	compatible_with	item_B01D9WVRH0
item_B005QR8OP0	compatible_with	item_B013H93H3C
item_B00XH98VO8	compatible_with	item_B00XKXHMD2
item_B006P6504O	compatible_with	item_B01942W59S
item_B009O2W74W	compatible_with	item_B015VY5KF4
item_B00CWMB52G	compatible_with	item_B00L5E0QTU
item_B00DMW4T8C	compatible_with	item_B0195KACF8
item_B015OHOO9Q	compatible_with	item_B016LJ4GBM
item_B00QAV6WX2	compatible_with	item_B017MSNUM2
item_B00CTSM8C4	compatible_with	item_B00XKXHMD2
item_B00DEODIBW	compatible_with	item_B014Q9QPG8
item_B00066ITDS	compatible_with	item_B019752N26
item_B01CINVSQ6	compatible_with	item_B01GGR0ICU
item_B0085TF7DS	compatible_with	item_B01C38QJGK
item_B00TXN22DI	compatible_with	item_B011I299AU
item_B008YWF7OU	compatible_with	item_B00QOCIVMC
item_B00L5E0QTU	compatible_with	item_B017WPVOMI
item_B00KV0SCAO	compatible_with	item_B00YGAISMM
item_B00NUICQAG	compatible_with	item_B018S5I3I4
item_B00ARH8C9M	compatible_with	item_B0163GPH6Q
item_B017N5U1WQ	compatible_with	item_B01BY59MJE
item_B000WCYPA2	compatible_with	item_B00KIDBKXA
item_B000FBO0DM	compatible_with	item_B00JY392MQ
item_B008J0BM1E	compatible_with	item_B015R3Y5QE
item_B000WIV10I	compatible_with	item_B0072J71L8
item_B00J41OVRY	compatible_with	item_B017D0803I
item_B010EZFKNC	compatible_with	item_B01B3HP24W
item_B011LTPIQO	compatible_with	item_B014VKU7BG
item_B009TN16DY	compatible_with	item_B012UOSYQK
item_B00B2PMF9Q	compatible_with	item_B00NJ873Q4
item_B0064YY0D4	compatible_with	item_B00CY7RLWC
item_B00COJWE3Q	compatible_with	item_B01F324FMI
item_B00Q6BSE9G	compatible_with	item_B00YRR7BKO
item_B00KHWQ29O	compatible_with	item_B00UCIVQ26
item_B00CFU7C7C	compatible_with	item_B01C3ND116
item_B001JB3E84	compatible_with	item_B00XWUD32W
item_B00JGM7DEY	compatible_with	item_B013E0HGEA
item_B001B9ER2Q	compatible_with	item_B00FXPRJWO
item_B007PZSVC2	compatible_with	item_B019MDWF76
item_B00O72IPCC	compatible_with	item_B00ZPKIYDU
item_B00NB3ZXR8	compatible_with	item_B00ZCIMXSC
item_B011LTPIQO	compatible_with	item_B01E7Q94HW
item_B00XXPMJKI	compatible_with	item_B01DDDBO7I
item_B005DTVA9I	compatible_with	item_B00X9HIFIA
item_B00C0XRDC8	compatible_with	item_B00NQJ5LAQ
item_B00HAV9RNS	compatible_with	item_B00XZATUN0
item_B00O18AXLI	compatible_with	item_B00PKX8HG6
item_B0001YRE04	compatible_with	item_B00JULWJLI
item_B00Q4LZUW2	compatible_with	item_B017L21WHE
item_B000BWLW68	compatible_with	item_B00B58FP9W
item_B00DX8NE6I	compatible_with	item_B00FIK4UBC
item_B00DU76A6I	compatible_with	item_B01H3EALMM
item_B00JULWE54	compatible_with	item_B01G3NMNNE
item_B00XVQ0BY0	compatible_with	item_B017ULEI9U
item_B00U0XRQ8G	compatible_with	item_B015SSQCO6
item_B00505DPQG	compatible_with	item_B00IMB1DAA
item_B007PSE7Q8	compatible_with	item_B009YRM6MK
item_B002B9XD6Q	compatible_with	item_B01CU3GN0A
item_B002458QV4	compatible_with	item_B00MJU0E6E
item_B00Q5HG12S	compatible_with	item_B01BGG4LRY
item_B00RLDIQF0	compatible_with	item_B00W108RD4
item_B00X9HIFIA	compatible_with	item_B014MYH65G
item_B00139IETG	compatible_with	item_B01BTERV7U
item_B00B93TY04	compatible_with	item_B01B3HP24W
item_B00X9HIFIA	compatible_with	item_B01EMMB8D4
item_B000LDZDA8	compatible_with	item_B00JULWE54
item_B001GWA47K	compatible_with	item_B019HHGR3K
item_B00IWN6CAE	compatible_with	item_B00UYCGTAY
item_B00DZFDK2M	compatible_with	item_B00L3KS8LY
item_B00LBNV2TI	compatible_with	item_B00MN7REHA
item_B00VHVK4W0	compatible_with	item_B01AKVN0JG
item_B00FF7G0EI	compatible_with	item_B00MJU0E6E
item_B0002TOZ1Y	compatible_with	item_B00XWUD32W
item_B00F08ITAK	compatible_with	item_B00YXGLPNI
item_B00245G4CC	compatible_with	item_B00Q4LZUW2
item_B00X3E7I7S	compatible_with	item_B01HH3X0YU
item_B012H7GNWW	compatible_with	item_B01EJ0VI02
item_B001I38P4Q	compatible_with	item_B008YWF7OU
item_B004LWZR38	compatible_with	item_B0054HLZVM
item_B006UCX3MO	compatible_with	item_B00ARH8C9M
item_B00QGJOW6M	compatible_with	item_B00VZ2J0B2
item_B0001YRWRY	compatible_with	item_B0009UL0RI
item_B00DHHCC7M	compatible_with	item_B018QC4HHU
item_B00T6H8UY6	compatible_with	item_B013X04PDG
item_B017OEW7DC	compatible_with	item_B01A7EA210
item_B001C5N5AE	compatible_with	item_B00TXN22DI
item_B005BIQPAK	compatible_with	item_B01H3EALMM
item_B00IT3CO86	compatible_with	item_B011K36PTA
item_B00B1MA3Q2	compatible_with	item_B00QNAIJ4A
item_B00HHZLD0C	compatible_with	item_B00QVCSFC6
item_B00F3SJQ72	compatible_with	item_B00RGLZKIS
item_B00DVFWFKE	compatible_with	item_B00KTAKMK4
item_B0009UL0RI	compatible_with	item_B004SW9NC2
item_B0159K6T00	compatible_with	item_B01AA4A1YA
item_B002G9UGT8	compatible_with	item_B01BW676D4
item_B00JWURVRY	compatible_with	item_B00TH92ECM
item_B00COB27ZE	compatible_with	item_B00SZ0A4H6
item_B01860O66E	compatible_with	item_B01B3HP24W
item_B01ELHYORC	compatible_with	item_B01FUMB2U4
item_B0007TQPGW	compatible_with	item_B00FXPRJWO
item_B019752N26	compatible_with	item_B01GQ7FS34
item_B00F3SJQ72	compatible_with	item_B01FYBB026
item_B00CBE1S6I	compatible_with	item_B00JRBZF7G
item_B00BG34FKG	compatible_with	item_B00CAY1TV8
item_B00GC547RY	compatible_with	item_B00Q4LZUW2
item_B017ULEI9U	compatible_with	item_B01D8X5IW0
item_B00WR1245O	compatible_with	item_B01H30LCP6
item_B00KZT5X26	compatible_with	item_B018JJKXXM
item_B00XH7J194	compatible_with	item_B00XKXI2D6
item_B00D2L2H14	compatible_with	item_B01GSNXNKQ
item_B00XHR9NOW	compatible_with	item_B0119DKQJG
item_B00XH98VC0	compatible_with	item_B00XKXI3WG
item_B00WHF3E6S	compatible_with	item_B016QOS6NG
item_B00MX2DVSG	compatible_with	item_B00S8Q00BM
item_B01132N5QY	compatible_with	item_B01ALCQC8A
item_B00COQBOVM	compatible_with	item_B00XXPMJKI
item_B0001YSBOC	compatible_with	item_B0085TF7DS
item_B00295MQLU	compatible_with	item_B0109W7KQK
item_B0078WUQHA	compatible_with	item_B017WSG1QY
item_B00B6E8X9E	compatible_with	item_B00XKXI3WG
item_B0000E014L	compatible_with	item_B019X2NGF6
item_B00MNKTAAQ	compatible_with	item_B01DFQVL4E
item_B000ZHBHKK	compatible_with	item_B0156GCLD6
item_B013OVICL0	compatible_with	item_B01H678M72
item_B00A9ZBGKO	compatible_with	item_B00XKXIAAG
item_B004BRN7XA	compatible_with	item_B00XKSI06U
item_B013E0HGEA	compatible_with	item_B0182GKIOQ
item_B006SRSZR4	compatible_with	item_B00FXPRJWO
item_B001RUVS4Y	compatible_with	item_B00V84SHIE
item_B017LQGXVA	compatible_with	item_B01B3HP24W
item_B000HOSFDI	compatible_with	item_B00XLV4LKA
item_B00NE4YJVK	compatible_with	item_B01EHLC4OC
item_B002HJ2T9W	compatible_with	item_B00Z5OMBTO
item_B00PV35L3M	compatible_with	item_B013SEP6FS
item_B006ONDA18	compatible_with	item_B01GJ313B6
item_B00L9ZA5UA	compatible_with	item_B00LE1C2V4
item_B00FASLXHG	compatible_with	item_B01DUQKRPI
item_B0151XDYE4	compatible_with	item_B0153AR7DE
item_B00WH30N2I	compatible_with	item_B016RPHBB2
item_B01A16XYT6	compatible_with	item_B01BZ7KTE8
item_B00AJHRQSI	compatible_with	item_B00CXMYAYU
item_B013E0HGEA	compatible_with	item_B01G8AU6JK
item_B00M7VGHGG	compatible_with	item_B00YGB914K
item_B00OHCMVW2	compatible_with	item_B01D410A2O
item_B00PSHH9N6	compatible_with	item_B013X04PDG
item_B001S3TXFQ	compatible_with	item_B00Q4LZUW2
item_B016MFG38Y	compatible_with	item_B01EJID0FU
item_B0038MML0Y	compatible_with	item_B00B58FQ5K
item_B016MFG38Y	compatible_with	item_B017LRFCN4
item_B0010W49K4	compatible_with	item_B00NVOCBT0
item_B0012ISQP0	compatible_with	item_B01DDDAAJ6
item_B00HN2OZ7M	compatible_with	item_B00NJ873Q4
item_B00MR44E2C	compatible_with	item_B00XODXFBG
item_B000P8HJWO	compatible_with	item_B00DMW4T8C
item_B005DTTIRY	compatible_with	item_B00NHECBBW
item_B00IHUXWW8	compatible_with	item_B01ET9QYXO
item_B003NX8CPQ	compatible_with	item_B019752N26
item_B000G0P4ZK	compatible_with	item_B014V7MHMG
item_B0183SZ1S6	compatible_with	item_B01FU7PEVC
item_B00VLIW7SS	compatible_with	item_B00Z55L1IA
item_B00EV0W8A0	compatible_with	item_B00QGSJVZU
item_B00JO7ZUSW	compatible_with	item_B00PUVENNO
item_B00LXLJ18W	compatible_with	item_B00XXPMJKI
item_B00V84SHIE	compatible_with	item_B014DVQA5U
item_B0085J910I	compatible_with	item_B00AHA9UOK
item_B00HXDCMYE	compatible_with	item_B00NE4YJVK
item_B00AEA0O4S	compatible_with	item_B00GBJGSF0
item_B00FLXDYU4	compatible_with	item_B014HCIG98
item_B019S3895C	compatible_with	item_B01DFOPK34
item_B00PQ81208	compatible_with	item_B00QI7CQ1K
item_B00VHQYPZW	compatible_with	item_B01DPFZRXQ
item_B00594V312	compatible_with	item_B0131JMN10
item_B006SFRKP4	compatible_with	item_B00X04LIWM
item_B00XIYVK72	compatible_with	item_B0143D7EE4
item_B002MJV72C	compatible_with	item_B01G4RTNGE
item_B00ZWKYFB8	compatible_with	item_B01BMO15OC
item_B00Q4LZUW2	compatible_with	item_B013IKGT8K
item_B01COQNB1W	compatible_with	item_B01H30LCP6
item_B000CEO88Y	compatible_with	item_B019HHGR3K
item_B00X6M0QX0	compatible_with	item_B01B3HP24W
item_B0012N84YS	compatible_with	item_B001AWXNPQ
item_B00CBLTMAA	compatible_with	item_B00XWUD32W
item_B00NJ873Q4	compatible_with	item_B01G991FMW
item_B00S4HGBZ4	compatible_with	item_B0182G7G3M
item_B00Q0BHE16	compatible_with	item_B00TIQXQU8
item_B00KTFPF7E	compatible_with	item_B018FYV9L6
item_B00H34MCUW	compatible_with	item_B00PXSBGR0
item_B0000ANHT7	compatible_with	item_B0085TF7DS
item_B0009GEFPQ	compatible_with	item_B00XKXHMD2
item_B00MXF0CBW	compatible_with	item_B01C3ND116
item_B009FV88PY	compatible_with	item_B00S0HGLXK
item_B00QGSJVZU	compatible_with	item_B01F2NYNH0
item_B017H1AKXQ	compatible_with	item_B01HH3X0YU
item_B002HIBU9S	compatible_with	item_B003C7GFWU
item_B00XZ3EF0U	compatible_with	item_B00YHOTZD8
item_B00II9DKB6	compatible_with	item_B00STUNZ2I
item_B004I7BPTG	compatible_with	item_B00917OUJK
item_B0056GOY7I	compatible_with	item_B011LTPIQO
item_B012D79GS4	compatible_with	item_B01CU3GN0A
item_B00E95996I	compatible_with	item_B00G7Y0NUA
item_B00HGIUE2S	compatible_with	item_B00XFR3TG2
item_B007WHW5GQ	compatible_with	item_B00EVLTJN8
item_B005HO2CYQ	compatible_with	item_B00BWGYGZG
item_B017OEW7DC	compatible_with	item_B017OXG018
item_B00EVLTJN8	compatible_with	item_B00XMSEYBS
item_B006BNQ2L6	compatible_with	item_B00UWTDKZQ
item_B005GR0OXA	compatible_with	item_B00JULWE54
item_B00FQ0YTB0	compatible_with	item_B00W2TFQ9W
item_B003SQJ5ZY	compatible_with	item_B00V84SHIE
item_B000VK2K9S	compatible_with	item_B011LTPIQO
item_B00QEUL81K	compatible_with	item_B01CU3GN0A
item_B002G9UGT8	compatible_with	item_B00CBE1KDO
item_B00NO4WIK4	compatible_with	item_B012V8CPJC
item_B00FN1J5PW	compatible_with	item_B0198IUMZM
item_B004I764VA	compatible_with	item_B01B51QMXQ
item_B00S5MWBTS	compatible_with	item_B00XZATUN0
item_B00KZT5X26	compatible_with	item_B018JJJ9XC
item_B00AERIZ56	compatible_with	item_B01A16XYT6
item_B009F8R6QO	compatible_with	item_B00APXN95U
item_B0192BK6I8	compatible_with	item_B01FVYOD34
item_B008QZ1DNO	compatible_with	item_B00IMIAICM
item_B00OBPHX0U	compatible_with	item_B019X2NGF6
item_B00VC1Z3RG	compatible_with	item_B013X04PDG
item_B005GV4PQS	compatible_with	item_B01A7VLY60
item_B00KYJ9J1I	compatible_with	item_B00LAP7AMU
item_B00N4N2IGO	compatible_with	item_B01FVYOD34
item_B00NASDG7I	compatible_with	item_B01EMLQB3M
item_B005GV47YS	compatible_with	item_B012P2FLA4
item_B009E7ZTJ2	compatible_with	item_B00FFKL0LS
item_B006WHHR7O	compatible_with	item_B00XKXHMD2
item_B0042AA5XQ	compatible_with	item_B00Q4LZUW2
item_B01BWMC64C	compatible_with	item_B01EHU2SLC
item_B00L9Q5DBA	compatible_with	item_B01B8ZSVA6
item_B000RZ1R9Q	compatible_with	item_B00XKXHMD2
item_B000GGO5OU	compatible_with	item_B01GRKW36A
item_B000WLPWAK	compatible_with	item_B0081KTPZC
item_B017ULEI9U	compatible_with	item_B01DW1ZX3C
item_B01DDE1F08	compatible_with	item_B01DY0XWFW
item_B00WHF3E6S	compatible_with	item_B01G7TXFU4
item_B002CYYO0E	compatible_with	item_B00Q4LZUW2
item_B0085TF7DS	compatible_with	item_B00AERIZ56
item_B00ZUJ9Q8I	compatible_with	item_B012VOXY2I
item_B017V19S94	compatible_with	item_B019S3895C
item_B002F1SVQW	compatible_with	item_B00FXPRJWO
item_B01171R4HM	compatible_with	item_B017WWTSO2
item_B011LTPIQO	compatible_with	item_B01CCL2RNM
item_B00V5RGH4U	compatible_with	item_B00Y9MH16G
item_B01CS68XVQ	compatible_with	item_B01E10XIWG
item_B00VTV9Y9C	compatible_with	item_B00XXPMJKI
item_B013IXB626	compatible_with	item_B017MRJRVQ
item_B00NW62PCA	compatible_with	item_B01D0TBR04
item_B004I766BS	compatible_with	item_B005GV9I7Y
item_B00F3SJQ72	compatible_with	item_B00S6J5CZ0
item_B00XNRBH7W	compatible_with	item_B01CFBSG7K
item_B000NPL7TU	compatible_with	item_B003OCPHA4
item_B00JJB7YZA	compatible_with	item_B00K730Z00
item_B003M54R86	compatible_with	item_B00CIYB75S
item_B012V8CPJC	compatible_with	item_B019G11HAU
item_B00JU7BMVK	compatible_with	item_B00XZ3EF0U
item_B000783PIE	compatible_with	item_B00XKXHMD2
item_B00N71VEQI	compatible_with	item_B00UWK1J4E
item_B00K035Y08	compatible_with	item_B00LCJP40E
item_B00BBB16C8	compatible_with	item_B00DVFWFKE
item_B00F3SJQ72	compatible_with	item_B00TZPQY3S
item_B001B0Z8M8	compatible_with	item_B006SFRKP4
item_B00KFTKELQ	compatible_with	item_B00OIWIEDG
item_B005GV45A4	compatible_with	item_B016LJ4GBM
item_B00CK0GNWM	compatible_with	item_B01CDMIXHO
item_B00VYULLSA	compatible_with	item_B0183SZ1S6
item_B00R635FUO	compatible_with	item_B010TM33C0
item_B00MJU0E6E	compatible_with	item_B0129S227E
item_B00LCJP40E	compatible_with	item_B01DAG6EB4
item_B001D6O52E	compatible_with	item_B00XKXI2D6
item_B00130XK76	compatible_with	item_B00XWUD32W
item_B003B2SVHS	compatible_with	item_B00GBVNW3O
item_B001B0X82K	compatible_with	item_B001B0X848
item_B00IS9TRKO	compatible_with	item_B017ULEI9U
item_B00JBRB2IC	compatible_with	item_B00K00UN66
item_B00OISDOIK	compatible_with	item_B01CGXMPAQ
item_B006SFRJ7S	compatible_with	item_B00SPPBG46
item_B002RWJ7A8	compatible_with	item_B00B58FQ5K
item_B00HI22GR8	compatible_with	item_B00Q2P3IHY
item_B00LE1C2V4	compatible_with	item_B01C5105WY
item_B008NN4XJA	compatible_with	item_B00Q4LZUW2
item_B00IHUXWW8	compatible_with	item_B01GGR0ICU
item_B015ZP3CYK	compatible_with	item_B01EAH8U5K
item_B00JC2YXFK	compatible_with	item_B00JWV3XX4
item_B00VTTOGHE	compatible_with	item_B00YZJZTYO
item_B00WROY4J0	compatible_with	item_B01H7OW33I
item_B007WPNNCS	compatible_with	item_B00PCQPK7U
item_B00RE6ISW0	compatible_with	item_B011LTPIQO
item_B00WQ7HY2M	compatible_with	item_B0186HXCSU
item_B00SMJHB9Y	compatible_with	item_B018AB2O2C
item_B00TF6B216	compatible_with	item_B019S3895C
item_B00AKCCAYM	compatible_with	item_B01DDDAAJ6
item_B00ZUJ9Q8I	compatible_with	item_B00ZUKZ3CA
item_B0043EVYAO	compatible_with	item_B00KR9SEO8
item_B01FP2SXHE	compatible_with	item_B01FQS7RSS
item_B008X25S6S	compatible_with	item_B01010X80W
item_B00GYVYAHI	compatible_with	item_B00QGSJVZU
item_B017JHA2GS	compatible_with	item_B01CH3OH9W
item_B00BJUMIL4	compatible_with	item_B00OABTQBY
item_B00UIXQO9U	compatible_with	item_B00YV599MK
item_B00HWF7JZ0	compatible_with	item_B0198YXSUW
item_B010TWSGK4	compatible_with	item_B01CRJ372O
item_B00HLW1A2W	compatible_with	item_B01E2DKX66
item_B00JY7JC72	compatible_with	item_B00QVCSFC6
item_B015MH8UHA	compatible_with	item_B01DBGJDYI
item_B00GBVNW9I	compatible_with	item_B00U0ZNVRO
item_B00V84SHIE	compatible_with	item_B0192RDK7G
item_B00KFMAEXQ	compatible_with	item_B01CTVQ5NI
item_B001CVRNTM	compatible_with	item_B00NASDGCI
item_B008VJDUEA	compatible_with	item_B00VJL4Y1A
item_B00CAXQV3K	compatible_with	item_B00CEIU7JU
item_B000UJW58Q	compatible_with	item_B00IL3NRRG
item_B011JDBQOA	compatible_with	item_B01BY7JU76
item_B00XKXHMD2	compatible_with	item_B00ZDH6ZOU
item_B00NQJ5LAQ	compatible_with	item_B00YQDH0K0
item_B00F926E9K	compatible_with	item_B011LTPIQO
item_B00Q33H3ZI	compatible_with	item_B017QBXLQU
item_B008IXGA0A	compatible_with	item_B00F3SJQ72
item_B00XWUD32W	compatible_with	item_B00Y9MARDA
item_B000B8NKR6	compatible_with	item_B00CBE1S6I
item_B00FE5H2Z2	compatible_with	item_B019IBMJKU
item_B00AARHABA	compatible_with	item_B00Q4LZUW2
item_B0092OQQJO	compatible_with	item_B015RJWTNY
item_B00V84SHIE	compatible_with	item_B01GEGLEIK
item_B001HZ79WY	compatible_with	item_B00XWUD32W
item_B013E0HGEA	compatible_with	item_B018JJKXXM
item_B00XKXHMD2	compatible_with	item_B01BHDEELY
item_B00HIILFPG	compatible_with	item_B01010X80W
item_B012XOO8UI	compatible_with	item_B0132K8X08
item_B00NVPCLJE	compatible_with	item_B00SMJHB6C
item_B009OKQ0E2	compatible_with	item_B01H3EALEA
item_B003VRK2FW	compatible_with	item_B0044UOBUW
item_B00DXD8PO4	compatible_with	item_B0156GCLD6
item_B00FXPS5TU	compatible_with	item_B01A16XYT6
item_B00XBBDER6	compatible_with	item_B00XXPNFME
item_B00SMJHB9Y	compatible_with	item_B01ES3VFLM
item_B00X7HZFE4	compatible_with	item_B01G2OOI2I
item_B00I04GJO4	compatible_with	item_B01ECFPL0M
item_B019S38C2C	compatible_with	item_B019S39QJ0
item_B001ANSTL8	compatible_with	item_B0085TF7DS
item_B00INBW5L0	compatible_with	item_B01E61CD1C
item_B017MM13SQ	compatible_with	item_B01FUMB2U4
item_B00C81BU58	compatible_with	item_B01DDDAAJ6
item_B00383573Q	compatible_with	item_B00QGSJVZU
item_B00XKXHMD2	compatible_with	item_B010W3HCJG
item_B0094UEGU2	compatible_with	item_B00Y5S5GO8
item_B00CN7PKVM	compatible_with	item_B01DUQKRPI
item_B0009YL20E	compatible_with	item_B001PR5KXY
item_B0091XSG7G	compatible_with	item_B00KXU16SW
item_B00HRNU3B4	compatible_with	item_B0183IV2V6
item_B0151866TE	compatible_with	item_B01GME2VHM
item_B002AHU4KC	compatible_with	item_B00Q4LZUW2
item_B005BNJ66A	compatible_with	item_B00SMJHB6C
item_B004I764VA	compatible_with	item_B005GV8O9M
item_B00BJH0P4O	compatible_with	item_B00U6413M4
item_B01810JDN0	compatible_with	item_B01890QD8K
item_B00VTV7E5S	compatible_with	item_B01H7EMBXK
item_B0064YY0D4	compatible_with	item_B00GSO1CGI
item_B01EJLV6QW	compatible_with	item_B01GO0VDQO
item_B0147RFVRS	compatible_with	item_B019IBMJKU
item_B00NHECBBW	compatible_with	item_B01DBHYUDG
item_B00INYPIT8	compatible_with	item_B0152R74K4
item_B00Z9YMM5S	compatible_with	item_B01FX3ZSWI
item_B00O1SE2T2	compatible_with	item_B00Q0BHE16
item_B00VUE6IP6	compatible_with	item_B01711AFIM
item_B00XKXHMD2	compatible_with	item_B013Q0JE98
item_B00XZ3EF0U	compatible_with	item_B01GZJYJHO
item_B006SU4EGW	compatible_with	item_B00QI7CQ1K
item_B00J3KNS70	compatible_with	item_B0170MI3TU
item_B012P2FLA4	compatible_with	item_B013157FYY
item_B0012FPFMA	compatible_with	item_B015SSQCO6
item_B00FLXEP8O	compatible_with	item_B00V84SHIE
item_B00MC1Q25C	compatible_with	item_B016OT9B8C
item_B013W7M3XE	compatible_with	item_B016JVXWPI
item_B00HS5131K	compatible_with	item_B013E0HGEA
item_B00OBE0QRI	compatible_with	item_B01GPM4ZH0
item_B00O70UZ3Q	compatible_with	item_B00RFM27FC
item_B00XJS5XFM	compatible_with	item_B014SU3LLW
item_B00QV4RVQA	compatible_with	item_B0161YEXGU
item_B00OZ2W90S	compatible_with	item_B019IBMJKU
item_B004ILKMDM	compatible_with	item_B00Q4LZUW2
item_B0152R74K4	compatible_with	item_B016DAXJ30
item_B013SEP6FS	compatible_with	item_B01DBGJDB6
item_B003WLFFAO	compatible_with	item_B006SRSZR4
item_B00W8IHAVY	compatible_with	item_B01C3ND116
item_B00N0SNERK	compatible_with	item_B01GW7E0W8
item_B005H3BCBQ	compatible_with	item_B00IMB1DAA
item_B0009PS57G	compatible_with	item_B00K6006ZI
item_B00QVAMERU	compatible_with	item_B00RM4UWM8
item_B000FXSU5Y	compatible_with	item_B00CBE1S6I
item_B004QRKMNS	compatible_with	item_B01GGNW2WI
item_B019IBMJKU	compatible_with	item_B01AVMMRPM
item_B000UZ7TH2	compatible_with	item_B00XKXI2D6
item_B00QV4RVQA	compatible_with	item_B016E4E8Y4
item_B000GGO5OU	compatible_with	item_B007MFEKYS
item_B0072J71L8	compatible_with	item_B00EV5D8ZO
item_B00JZYJBMU	compatible_with	item_B00WHF3E6S
item_B00QVCSFC6	compatible_with	item_B0186MZ7AQ
item_B00LE1C2V4	compatible_with	item_B00NPKU05W
item_B003A8M5Q6	compatible_with	item_B00Q4LZUW2
item_B003TETTK6	compatible_with	item_B00IT3CO86
item_B00B58FQ5K	compatible_with	item_B00PK0HFTY
item_B005L9ZN2U	compatible_with	item_B0153AR7DE
item_B00AMEZI1U	compatible_with	item_B00BG34F0G
item_B00G9QR1II	compatible_with	item_B00TF67E5E
item_B0012OBVIS	compatible_with	item_B00QNAIJ4A
item_B0012OFU2Q	compatible_with	item_B00DLW8CRC
item_B01DDG7GT0	compatible_with	item_B01FQS7RSS
item_B006SFRKP4	compatible_with	item_B00NNLP48Q
item_B007IJ79KA	compatible_with	item_B018X7QW30
item_B003IRFOU8	compatible_with	item_B00KJTYKVC
item_B003S29RY2	compatible_with	item_B00BSOU1L0
item_B0057X87HI	compatible_with	item_B00XKXHMD2
item_B001NK1ZBY	compatible_with	item_B0195MYU7W
item_B00CD4W892	compatible_with	item_B01762MD0E
item_B000TJGD44	compatible_with	item_B00XKXHMD2
item_B001618J50	compatible_with	item_B00V84SHIE
item_B008KIX63W	compatible_with	item_B012Y8063G
item_B0009GCRQ0	compatible_with	item_B00ACIFHBM
item_B003DTMPIA	compatible_with	item_B00NJ873Q4
item_B0029IQIRU	compatible_with	item_B00A2WL15Y
item_B00NJ873Q4	compatible_with	item_B00NOAIM26
item_B00NQJ5LAQ	compatible_with	item_B01ECAM8EY
item_B000PHYRN4	compatible_with	item_B016LJ4J7S
item_B005GV8J7O	compatible_with	item_B01FUMB2U4
item_B00NVGSZ6Q	compatible_with	item_B01BBKY75Q
item_B00B1P3U9G	compatible_with	item_B00B58FQ5K
item_B018ICXEWW	compatible_with	item_B01H6DY7BQ
item_B00UCO3WB8	compatible_with	item_B0156GCLD6
item_B00NTBC25S	compatible_with	item_B01BGG4LRY
item_B00W8LO9RY	compatible_with	item_B00XZ3EF0U
item_B00F4GY3PI	compatible_with	item_B00UNJPE36
item_B00UV8CPMM	compatible_with	item_B00XZ3EF0U
item_B01C3CV1P0	compatible_with	item_B01CX5EBRW
item_B006SFRKP4	compatible_with	item_B006SFRMRU
item_B013W7M3XE	compatible_with	item_B0182G3RB2
item_B00WISC9RE	compatible_with	item_B016YKHXL8
item_B010NE4YSG	compatible_with	item_B01C2IPCQ4
item_B008PR653Q	compatible_with	item_B00P3ATW5G
item_B00NJ873Q4	compatible_with	item_B013E0HGEA
item_B0088DK7SG	compatible_with	item_B00XKXHMD2
item_B00ZR3GGHQ	compatible_with	item_B01G2OOI2I
item_B0171DAASA	compatible_with	item_B01FQS7RSS
item_B00KBZO8WA	compatible_with	item_B01HINJMW8
item_B0012JRLWS	compatible_with	item_B00E0G6IIS
item_B017V1A0L4	compatible_with	item_B019S3895C
item_B00VMT2JUM	compatible_with	item_B00YVQUSW4
item_B0083QNPTG	compatible_with	item_B01GGR0ICU
item_B00131KKHS	compatible_with	item_B001MBD93Q
item_B00L4I4DF0	compatible_with	item_B01BGWYFE2
item_B00HESUA24	compatible_with	item_B017GD0S6O
item_B00K00U4IS	compatible_with	item_B00Y3I641E
item_B00XWUD32W	compatible_with	item_B01ET9F80Y
item_B00KZT5X26	compatible_with	item_B00UEQ8QCE
item_B00UD8DHTU	compatible_with	item_B00XKXI2D6
item_B000FPV7TI	compatible_with	item_B00644Q21M
item_B00MBI7NNG	compatible_with	item_B00PXZ59GC
item_B0115HTFC0	compatible_with	item_B014EJSOZK
item_B004XDR1HU	compatible_with	item_B007VT34KQ
item_B006SFRKP4	compatible_with	item_B00ADCB7C0
item_B00JC2YXFK	compatible_with	item_B00WMA5RMW
item_B00MZ84PEW	compatible_with	item_B00NJ873Q4
item_B0155WQ56K	compatible_with	item_B019752N26
item_B00G00MOM6	compatible_with	item_B00JWURVRY
item_B008FB9XOA	compatible_with	item_B00LPQXVFE
item_B009NB70MI	compatible_with	item_B01A9RP7WY
item_B008X25S9U	compatible_with	item_B00AJD4GYO
item_B005GQ0WCY	compatible_with	item_B00XXPNFME
item_B000WLPWAK	compatible_with	item_B008LWT6RW
item_B00VFR20KU	compatible_with	item_B015SSQCO6
item_B0053H5IKM	compatible_with	item_B008574I26
item_B00RYYHWTC	compatible_with	item_B00XHR9NOW
item_B006BNQ2L6	compatible_with	item_B00W9E8FOI
item_B00VE3F5FC	compatible_with	item_B012XOO8UI
item_B0077SKLPW	compatible_with	item_B00XWUD32W
item_B000XEEQAI	compatible_with	item_B0018OOF6M
item_B00YV69J92	compatible_with	item_B01HH3X0YU
item_B00F3SJQ72	compatible_with	item_B0154G0ZCC
item_B012P2FLA4	compatible_with	item_B0132K8X08
item_B000JGE1EQ	compatible_with	item_B011DAS4BW
item_B005GV9AEU	compatible_with	item_B016LJ4J7S
item_B0115HTFC0	compatible_with	item_B01A9I7X8Y
item_B005OB1M16	compatible_with	item_B01DUQKRPI
item_B00CMDWUIS	compatible_with	item_B01FLQ5JSU
item_B00YQLH502	compatible_with	item_B01A16XYT6
item_B00NT0Z7HO	compatible_with	item_B0154OOZ98
item_B00HIILFPG	compatible_with	item_B00VWO4KRC
item_B004YE1VSI	compatible_with	item_B008C7BVBA
item_B00FZRYS4W	compatible_with	item_B00KBZO8WA
item_B00HCCVZIK	compatible_with	item_B01EQRAAU2
item_B006SRSZOW	compatible_with	item_B00V5DNVJS
item_B00LZRGRA4	compatible_with	item_B01BH9AYJY
item_B00O72IPCC	compatible_with	item_B00QGBFODK
item_B0009YL20E	compatible_with	item_B004AZVXES
item_B015IO2VYK	compatible_with	item_B01COUN3RK
item_B00R07ZJ6Q	compatible_with	item_B013X04PDG
item_B00NASDGCI	compatible_with	item_B01DDMR7QG
item_B008H81AFQ	compatible_with	item_B00N2DQKDI
item_B0029IQIRU	compatible_with	item_B00NI693ME
item_B012XOO8UI	compatible_with	item_B012YYGEWM
item_B0012K73KW	compatible_with	item_B00JULWE54
item_B00COJWE3Q	compatible_with	item_B018YIF56S
item_B004I764VA	compatible_with	item_B00A4CXBAU
item_B00F3SJQ72	compatible_with	item_B014PTLTG0
item_B0009YL20E	compatible_with	item_B00NL99IIC
item_B00G9QQDVO	compatible_with	item_B019S38C2C
item_B00Q5HG12S	compatible_with	item_B00Z9T6XL2
item_B01D22Q10A	compatible_with	item_B01GF3B6T4
item_B00XWUD32W	compatible_with	item_B013IOF4JG
item_B00LE1C2V4	compatible_with	item_B01CQO8RXY
item_B01FUMB2U4	compatible_with	item_B01GGPPIL8
item_B00AVF83HQ	compatible_with	item_B013HBETB4
item_B016MFG38Y	compatible_with	item_B017LTNTQO
item_B00N1U5876	compatible_with	item_B01G2OOI2I
item_B00L1XM5SU	compatible_with	item_B01HH3X0YU
item_B013RMMWMG	compatible_with	item_B013RMO2U6
item_B007BL1KF0	compatible_with	item_B01H3YIL2E
item_B00YWEHJPY	compatible_with	item_B016YRTP0S
item_B00XKJ6ZUM	compatible_with	item_B011UC2C20
item_B00OHZEL5O	compatible_with	item_B0115HTFC0
item_B00GX8AZ58	compatible_with	item_B017JHA2GS
item_B00O5I1W3M	compatible_with	item_B015P0X9HU
item_B00X6OALDI	compatible_with	item_B01DBGJDYI
item_B01EW50FW6	compatible_with	item_B01GCH9PF0
item_B015LWOWLE	compatible_with	item_B017KUE24C
item_B0091CC1OG	compatible_with	item_B00O0TVAHY
item_B016OT9B8C	compatible_with	item_B01EVQB3YK
item_B00P99FPL6	compatible_with	item_B01A5E9F4M
item_B006IJVUYW	compatible_with	item_B01EH14W24
item_B000VBRT3O	compatible_with	item_B01F4BCFPW
item_B0091CC1OG	compatible_with	item_B00CBAOC4W
item_B00ZR3GH52	compatible_with	item_B01E2DKX66
item_B00WW6YJG6	compatible_with	item_B0161018Z8
item_B000V9ME6S	compatible_with	item_B00XKXI3WG
item_B00ZYSWTYS	compatible_with	item_B01EKZS3K4
item_B00XBBWVGQ	compatible_with	item_B00XXPMJKI
item_B0097D0UM4	compatible_with	item_B00W6DHF48
item_B002UP39VA	compatible_with	item_B01FU3KRYU
item_B0055WQM50	compatible_with	item_B01DDDAAJ6
item_B00STUNZ2I	compatible_with	item_B00ZZDCBEA
item_B000CEM6FG	compatible_with	item_B00KBZO8WK
item_B00EJTFRME	compatible_with	item_B00WW6YJG6
item_B0166BU7T0	compatible_with	item_B01FRLDESQ
item_B01BNSL1NW	compatible_with	item_B01F324FMI
item_B019XJVGCY	compatible_with	item_B01BMO15OC
item_B00EB3YMD8	compatible_with	item_B011U7BX5W
item_B00Z5OMBTO	compatible_with	item_B019HHGR3K
item_B00FY422FI	compatible_with	item_B01CU3GN0A
item_B00HPBYA5I	compatible_with	item_B00XKXHMD2
item_B002G9UD1E	compatible_with	item_B002VWJYDY
item_B002TSBGE0	compatible_with	item_B016LJ4J7S
item_B00AQD9XLI	compatible_with	item_B00XXPNFME
item_B019OC41RC	compatible_with	item_B01DDDAAJ6
item_B018IAKRJC	compatible_with	item_B01EN4KVOI
item_B00JBXOVZW	compatible_with	item_B00QNAIJ4A
item_B00Q4LZUW2	compatible_with	item_B01ES46P9S
item_B0006LNU82	compatible_with	item_B01HF4A6DY
item_B00V2DMXR2	compatible_with	item_B00XZ3EF0U
item_B00Z0KX3WW	compatible_with	item_B01H6DY7BQ
item_B00QGSJVZU	compatible_with	item_B00XPF7T4M
item_B00VTTOGHE	compatible_with	item_B01FNLWFGM
item_B00KRYL792	compatible_with	item_B01E5J9VAG
item_B00URQY9VS	compatible_with	item_B01GGR0ICU
item_B00XZATUN0	compatible_with	item_B01A6LDOZU
item_B0085TF7DS	compatible_with	item_B0085TFIC8
item_B018FULP6O	compatible_with	item_B019IBMJKU
item_B00OD9DZT2	compatible_with	item_B00XKXHMD2
item_B003A8W4GC	compatible_with	item_B00Q4LZUW2
item_B014R6K7PU	compatible_with	item_B019BFMS0O
item_B008H81AFQ	compatible_with	item_B01DUQUIG6
item_B013SEP6FS	compatible_with	item_B01ESQPHWW
item_B00WH30N2I	compatible_with	item_B00XNJISGS
item_B00MJU0E6E	compatible_with	item_B01DVK47MW
item_B00Y4HQ9IM	compatible_with	item_B015H4F5HQ
item_B00NTQK606	compatible_with	item_B0183SZ1S6
item_B005CSNWCI	compatible_with	item_B01H5M6SO2
item_B00QXV788M	compatible_with	item_B014DSN308
item_B00Z9T6XL2	compatible_with	item_B016MZPXNU
item_B0009G3QH4	compatible_with	item_B00ZUJ9Q8I
item_B000JLD1RY	compatible_with	item_B002SDE0PS
item_B00DMW4T8C	compatible_with	item_B012BLC1DO
item_B00K5ZIH6Y	compatible_with	item_B01C3ND116
item_B00JULWE54	compatible_with	item_B00NMOE84A
item_B00FYEVPH4	compatible_with	item_B00Q4LZUW2
item_B00F3SJQ72	compatible_with	item_B00PFXJ076
item_B01DV8J67U	compatible_with	item_B01H6YB182
item_B00G5N5VNW	compatible_with	item_B00PXSBBJI
item_B00H34M6IU	compatible_with	item_B00PXSBC1U
item_B00K7HC6MG	compatible_with	item_B01C3CV1P0
item_B00KCXQ3N8	compatible_with	item_B01DWRO0VM
item_B012ZG0P1U	compatible_with	item_B01FUMB2U4
item_B00QGSJVZU	compatible_with	item_B00YXTMUL6
item_B002VWJYDY	compatible_with	item_B00CBEYYGY
item_B00ZUJ9Q8I	compatible_with	item_B01GH4Y4KE
item_B00GE9KE1Q	compatible_with	item_B00PXSBGOI
item_B017NKVZ12	compatible_with	item_B01H6DY7BQ
item_B00939TYAG	compatible_with	item_B00GAIU3A8
item_B00J9Y7IAI	compatible_with	item_B01A9RP7WY
item_B00135VST8	compatible_with	item_B01CHQKYPK
item_B00C6K7SM0	compatible_with	item_B00FLXDYU4
item_B00JBXO0EO	compatible_with	item_B01H43GCA2
item_B00MQ9TBWG	compatible_with	item_B00WY4QXT2
item_B00F3SJQ72	compatible_with	item_B01DZPMA5E
item_B0013JOBFC	compatible_with	item_B00XKXHMD2
item_B00B6EDFSS	compatible_with	item_B00BRDBCMO
item_B008N12QVE	compatible_with	item_B016YKHX86
item_B00NAS03PQ	compatible_with	item_B00SMJHB9Y
item_B0038OLV9E	compatible_with	item_B019HHGR3K
item_B00FEC2K34	compatible_with	item_B00HHKSVB6
item_B00KGLDBX6	compatible_with	item_B00Q4LZUW2
item_B004NANOQK	compatible_with	item_B00KOJYK44
item_B003YJBYIQ	compatible_with	item_B00XWUD32W
item_B016YKHX1S	compatible_with	item_B01B3FWJXG
item_B00E8GR53M	compatible_with	item_B015JDQKQ0
item_B003SG5J68	compatible_with	item_B00FNR2FOY
item_B00FXPRJWO	compatible_with	item_B00IUM83XQ
item_B009ESZFFO	compatible_with	item_B00SMJHB9Y
item_B01FHDSL4Q	compatible_with	item_B01H6YB182
item_B00CWU9HF0	compatible_with	item_B00KKV2MW8
item_B00DH9OSRM	compatible_with	item_B00J66KKUO
item_B00B58FQ5K	compatible_with	item_B01F324FP0
item_B00JA7418Q	compatible_with	item_B017SKYB72
item_B00WHF3E6S	compatible_with	item_B013L4XTWW
item_B008H81AFQ	compatible_with	item_B00WKKSI7U
item_B0018OOF6M	compatible_with	item_B00IVJ0VYC
item_B00CHFBTVU	compatible_with	item_B01DB4M7MA
item_B00LEUC15C	compatible_with	item_B00UXYGMLO
item_B019PWQO4E	compatible_with	item_B01DPFZRXQ
item_B00BRDBCMO	compatible_with	item_B00XKXHMD2
item_B000C6DBFS	compatible_with	item_B00V84SHIE
item_B011NNG3TY	compatible_with	item_B01A9RP7WY
item_B0147MPRFY	compatible_with	item_B018I887MS
item_B0014CAF9E	compatible_with	item_B015WKM9WE
item_B00UDF528C	compatible_with	item_B010EAL7M0
item_B00APXN95U	compatible_with	item_B01FYETPDE
item_B00KG40OBK	compatible_with	item_B01AOGZ0OK
item_B00AYCZCTI	compatible_with	item_B00NLMO9D8
item_B005DMY83A	compatible_with	item_B007D4L1JA
item_B000E1VGAI	compatible_with	item_B00VY2HMKE
item_B014IH2XN2	compatible_with	item_B01F8VL0UE
item_B001ACKYZI	compatible_with	item_B00IL3NRRG
item_B00ARH8C9M	compatible_with	item_B00FXPRNVG
item_B004I79ZC0	compatible_with	item_B01BLONELU
item_B010BTFTPU	compatible_with	item_B01DTY57Q0
item_B004IZVEOE	compatible_with	item_B01H7EMBXK
item_B00TF681AQ	compatible_with	item_B019S38JJI
item_B00MGNIP0G	compatible_with	item_B019DFQ83A
item_B008BNKLO8	compatible_with	item_B014Y8R8UI
item_B00GYG6A2G	compatible_with	item_B00LAHNUXQ
item_B008SW4IRS	compatible_with	item_B01EYBK0SC
item_B0001YS6F6	compatible_with	item_B00ARH8C9M
item_B00FW2D724	compatible_with	item_B00KYYNLM6
item_B019G0KG3K	compatible_with	item_B01H143S5G
item_B0196ETM7M	compatible_with	item_B01GO0VDQO
item_B00AYCZCTI	compatible_with	item_B01EGX73BU
item_B00Q4LZUW2	compatible_with	item_B01AAUV2VU
item_B001MBD93Q	compatible_with	item_B00CXZSFCK
item_B00EK93YXM	compatible_with	item_B00GLQ5TV2
item_B008B81LP6	compatible_with	item_B01EH14W24
item_B00D56BI7U	compatible_with	item_B01CRRWCEU
item_B006SFRKP4	compatible_with	item_B006SRTE2Y
item_B00FZEE2GO	compatible_with	item_B00JKIT6IU
item_B004I76686	compatible_with	item_B005GV8RZ8
item_B004I764VA	compatible_with	item_B005GV9PZO
item_B005SN5J2I	compatible_with	item_B00XKXHMD2
item_B00KRYL7CE	compatible_with	item_B0170ADE7I
item_B00UZ9503S	compatible_with	item_B01A1QHKUK
item_B0028HJ7PM	compatible_with	item_B00XXPMJKI
item_B00GBVO1ZC	compatible_with	item_B00WW6YJG6
item_B00D09GP2A	compatible_with	item_B01762MD0E
item_B008PR653Q	compatible_with	item_B01GMTSYEG
item_B00O70UZ3Q	compatible_with	item_B01EFGF7KM
item_B00U8DAHRA	compatible_with	item_B01C4185AE
item_B0014H5HTW	compatible_with	item_B00JULWE54
item_B00TATIHW0	compatible_with	item_B01G75L8IY
item_B00X3RZIK4	compatible_with	item_B01CO81XYC
item_B00BPFN682	compatible_with	item_B0156GCLD6
item_B0129S227E	compatible_with	item_B016AO8NHG
item_B005GVIOWO	compatible_with	item_B01E2DKX66
item_B00FBD2G1W	compatible_with	item_B00KBZOB40
item_B00O72IPCC	compatible_with	item_B01DKTW0S2
item_B01AMXWP9I	compatible_with	item_B01H7EMBXK
item_B002ZLOH60	compatible_with	item_B01F324FMI
item_B000JQOOG6	compatible_with	item_B00CHNMU1U
item_B01FCYA2TW	compatible_with	item_B01GDQ2LE2
item_B00X9HIFIA	compatible_with	item_B01FR3P9NM
item_B003BYNTSW	compatible_with	item_B005FO0YA2
item_B01B3ISSBK	compatible_with	item_B01G8ZHTRC
item_B0074R7Y60	compatible_with	item_B00KYYNLM6
item_B00WJ2GTNE	compatible_with	item_B00XXPMJKI
item_B00LPABGEI	compatible_with	item_B00N4N2IGO
item_B01C982B16	compatible_with	item_B01CTGJ238
item_B0001YR52Q	compatible_with	item_B00XKXHMD2
item_B010PX63GQ	compatible_with	item_B01DDE1F08
item_B00XXPNFME	compatible_with	item_B01C2ZYFQU
item_B00KGI2N88	compatible_with	item_B01A9RP7WY
item_B0062OP1VG	compatible_with	item_B00HTAT6Y0
item_B017V194DO	compatible_with	item_B019S3EOMY
item_B01CHB9NSY	compatible_with	item_B01EUUT9Q6
item_B00ZR1HETM	compatible_with	item_B01EWX95QA
item_B00XZ3EF0U	compatible_with	item_B017D1ML78
item_B008HNLV78	compatible_with	item_B00H9BEN6A
item_B00W4IYXKO	compatible_with	item_B01B3HP24W
item_B00MY8WSCO	compatible_with	item_B00XKSIP60
item_B00C9WDZIG	compatible_with	item_B00C9WETJU
item_B00O70UZ3Q	compatible_with	item_B013QTGDYI
item_B00VTV4I9I	compatible_with	item_B011LTPIQO
item_B00IRW86BS	compatible_with	item_B00TXN22DI
item_B00C9V8PXW	compatible_with	item_B01CDY8EKI
item_B014TAZVLE	compatible_with	item_B015H4F5HQ
item_B001GMUCTU	compatible_with	item_B00MGLMHHK
item_B00NB3ZXR8	compatible_with	item_B01ERASAHS
item_B00NE4YJVK	compatible_with	item_B01D0AYSL8
item_B016YRTP0S	compatible_with	item_B01GGUDIIS
item_B016PWILXY	compatible_with	item_B01CJN6XN8
item_B00PNUJO5E	compatible_with	item_B01F8VL0UE
item_B00KBZO8WA	compatible_with	item_B00S4THPIO
item_B00R0QAOWQ	compatible_with	item_B00RCKUFF6
item_B000WLPWAK	compatible_with	item_B00JXE2L6U
item_B0115KIWSA	compatible_with	item_B011WES5D6
item_B0078J8A0I	compatible_with	item_B00IS99A8I
item_B000TM967C	compatible_with	item_B00JULWJLI
item_B00BQLB0S8	compatible_with	item_B0118XFD4A
item_B001AWUX0Y	compatible_with	item_B00V84SHIE
item_B000OWBG0C	compatible_with	item_B00NKWUHA8
item_B00KKV2MW8	compatible_with	item_B01CF6HR6G
item_B0009GEFPQ	compatible_with	item_B00HIZKH7G
item_B009RA6LKC	compatible_with	item_B015RJWTNY
item_B00HEP3W0O	compatible_with	item_B0198YXSUW
item_B000OEZPI4	compatible_with	item_B0127XUXLS
item_B00IFQV7XK	compatible_with	item_B00NJ873Q4
item_B00G5R82HK	compatible_with	item_B01H52FZ1Y
item_B00V4DG42K	compatible_with	item_B01ALBTUI0
item_B00B6EB5P8	compatible_with	item_B00XKXI3WG
item_B00ACIFH8U	compatible_with	item_B00G5NDPOE
item_B000P22SS0	compatible_with	item_B00X9HIFIA
item_B00LE1C2V4	compatible_with	item_B015N7VUKI
item_B00FC1W5IC	compatible_with	item_B019752N26
item_B002DMYQZ8	compatible_with	item_B00HYIAN3U
item_B00WFIHK4E	compatible_with	item_B01B3ISSBK
item_B00GSIRHWC	compatible_with	item_B01GGR0ICU
item_B0060WCYME	compatible_with	item_B006FYC6CA
item_B000A8QMC2	compatible_with	item_B00QNAIJ4A
item_B00DVFWFKE	compatible_with	item_B00HYERMHO
item_B00MBIBZ12	compatible_with	item_B00Q4LZUW2
item_B017XXZJY8	compatible_with	item_B01FUMB2U4
item_B00KBZOB40	compatible_with	item_B012Y8063G
item_B00WAI2NP0	compatible_with	item_B01FQWN080
item_B0115KIWSA	compatible_with	item_B014HW2RPC
item_B00SUMGC5M	compatible_with	item_B01F3TSCTS
item_B00JC2YXFK	compatible_with	item_B0116CCM7E
item_B0014F3N2C	compatible_with	item_B00DVFWFKE
item_B0065ECGKM	compatible_with	item_B00JHA2DS6
item_B0030VMVXK	compatible_with	item_B00XKXHMD2
item_B00NG4HPT6	compatible_with	item_B0146DCCIO
item_B00ME9BGWQ	compatible_with	item_B01BV5FRAU
item_B00FVXDFBW	compatible_with	item_B00MN7REHA
item_B000A2KCAQ	compatible_with	item_B00FXPRJWO
item_B00BU9MIUK	compatible_with	item_B00MGLMHHK
item_B00XWUD32W	compatible_with	item_B017VPNMJW
item_B00NJ873Q4	compatible_with	item_B019HMHAW2
item_B00M4LY5UO	compatible_with	item_B01519NUTM
item_B0115KHC8Q	compatible_with	item_B011WESPD6
item_B00B58FQ5K	compatible_with	item_B018RRH8GG
item_B00OXGMUXC	compatible_with	item_B01DDDAAJ6
item_B00R2K44XA	compatible_with	item_B00Z9T6XL2
item_B000UOFEPM	compatible_with	item_B000WLPWAK
item_B00YX032HQ	compatible_with	item_B019DFQ83A
item_B00BCG2HIE	compatible_with	item_B00SMJHB9Y
item_B00KSR45ZQ	compatible_with	item_B00KYX5MMO
item_B005U1SG3W	compatible_with	item_B00XKXHMD2
item_B004I99GYA	compatible_with	item_B00B58FQ5K
item_B00V3SDLBS	compatible_with	item_B01B3ISSBK
item_B01GDY9Z0M	compatible_with	item_B01GYJZF1E
item_B0007WZZYC	compatible_with	item_B00FXPRL5O
item_B00QVCSFC6	compatible_with	item_B00QVCVXTS
item_B00JG3EMLK	compatible_with	item_B00JWURVRY
item_B00IHUXWW8	compatible_with	item_B01H7OW33I
item_B00SKHTJY8	compatible_with	item_B01DBGJDYI
item_B00O9YLZK2	compatible_with	item_B00XKXHMD2
item_B0018P51RI	compatible_with	item_B00V84SHIE
item_B00LE1C2V4	compatible_with	item_B01C2REXGK
item_B013IXB626	compatible_with	item_B0193F8TPK
item_B00UGSP8VC	compatible_with	item_B01H7EMBXK
item_B00ZUJ9Q8I	compatible_with	item_B00ZUK0E2O
item_B006SFRJ7S	compatible_with	item_B00S8Q5TQS
item_B0002MM4JG	compatible_with	item_B00XKXHMD2
item_B000A2KAOO	compatible_with	item_B00O72IPCC
item_B009IMBAKK	compatible_with	item_B00QNAIJ4A
item_B0118XFD4A	compatible_with	item_B01478Q4VE
item_B014MCFM4K	compatible_with	item_B018FB2UJE
item_B003S2H96A	compatible_with	item_B0156GCLD6
item_B007PSE8JE	compatible_with	item_B01F2NYNFC
item_B005GVM5AQ	compatible_with	item_B016LJ4J7S
item_B00XXUNKH4	compatible_with	item_B01FX3ZSWI
item_B00S568L9S	compatible_with	item_B01ESQPHWW
item_B007P4EVZY	compatible_with	item_B01E61CD1C
item_B00B58FQ5K	compatible_with	item_B00SMJHB9Y
item_B0009YL20E	compatible_with	item_B00186R60C
item_B001LNN49O	compatible_with	item_B01DDDAAJ6
item_B001BZ2H04	compatible_with	item_B00XBBAV2C
item_B000WWTSCW	compatible_with	item_B018YIF56S
item_B007G9ABI4	compatible_with	item_B01CU3GN0A
item_B0050GDL8M	compatible_with	item_B01EK8YLKC
item_B013W7M3XE	compatible_with	item_B01866LF9E
item_B00F6E9AO2	compatible_with	item_B017JTNSWG
item_B00LCJP40E	compatible_with	item_B01F6ALHQE
item_B000WLPWAK	compatible_with	item_B003A260UE
item_B00V84SHIE	compatible_with	item_B01DZYPTYY
item_B00I14WP78	compatible_with	item_B013G90YAM
item_B000AL9CUI	compatible_with	item_B0019MM2JK
item_B00I13KPXU	compatible_with	item_B00LZRGRA4
item_B00GSO1CGI	compatible_with	item_B00V84SHIE
item_B013X04PDG	compatible_with	item_B014OW3MRW
item_B015XFJ854	compatible_with	item_B01FUMB2U4
item_B004XG215Y	compatible_with	item_B00XKXHMD2
item_B00EOK39UK	compatible_with	item_B00OM12272
item_B013SEP6FS	compatible_with	item_B0158XS67C
item_B013E0HGEA	compatible_with	item_B01B5DLG7G
item_B00OW1WNIU	compatible_with	item_B012P2FLA4
item_B005GW6ALK	compatible_with	item_B01FUMB2U4
item_B001B9XI3A	compatible_with	item_B00V5YPUMS
item_B016ZTNCA4	compatible_with	item_B01FX3ZSWI
item_B01C6CXAJC	compatible_with	item_B01D9NOQ6S
item_B00RQB1O42	compatible_with	item_B012BOQ632
item_B000TGSNCW	compatible_with	item_B00QDB9MJ0
item_B000XVYQAG	compatible_with	item_B00JULWE54
item_B005BNGDRA	compatible_with	item_B0070Y6G4I
item_B00WXLZO9Q	compatible_with	item_B01DAG6BJE
item_B002GYVFSY	compatible_with	item_B00E3QRTYC
item_B017JHA2GS	compatible_with	item_B01GKB91A2
item_B00I7IR6KE	compatible_with	item_B01F8VL0UE
item_B00UYXDWTE	compatible_with	item_B00X5K8DMO
item_B00L3KM73Y	compatible_with	item_B019IZ43PK
item_B00CD4W892	compatible_with	item_B015MDQFP8
item_B0050GDL8M	compatible_with	item_B00L3CX1VO
item_B00JWURVRY	compatible_with	item_B00JWURWXC
item_B000BWLW68	compatible_with	item_B00AHCKQ28
item_B0023B2FUW	compatible_with	item_B01DDDAAJ6
item_B00842PFGA	compatible_with	item_B00UAD50NE
item_B00QGSJVZU	compatible_with	item_B019NXZ040
item_B0061JNKM4	compatible_with	item_B017V194DO
item_B004MPR7CS	compatible_with	item_B00V84SHIE
item_B00N4027LI	compatible_with	item_B019752N26
item_B001HOCCKE	compatible_with	item_B00GI153TS
item_B00EB10YI2	compatible_with	item_B018I887MS
item_B00RE5QNAK	compatible_with	item_B01BMO15OC
item_B0019KDQRE	compatible_with	item_B01H143S5G
item_B0002V9KCQ	compatible_with	item_B00HVZNXX8
item_B005ZOJ60Q	compatible_with	item_B00N4N2IGO
item_B00N4N2IGO	compatible_with	item_B01AYM3ZWS
item_B006HT38YI	compatible_with	item_B00XKXHMD2
item_B004OWKUIM	compatible_with	item_B00IT3CO86
item_B00KIDBKXA	compatible_with	item_B00VLK6KCK
item_B00VLIW7SS	compatible_with	item_B015FVCKII
item_B00OYITPVE	compatible_with	item_B00U1SB898
item_B00LPQXVFE	compatible_with	item_B00NK2119O
item_B00742LUKQ	compatible_with	item_B014Y8R8UI
item_B00JB8PSMW	compatible_with	item_B01H439EC0
item_B005GYGFHM	compatible_with	item_B00MFK9PSQ
item_B00CA80QK4	compatible_with	item_B01GU62EJM
item_B001MBD93Q	compatible_with	item_B01E1BRWR2
item_B0177JRI9M	compatible_with	item_B01CU3GN0A
item_B000EXPSZK	compatible_with	item_B00B58FQ5K
item_B00O70UZ3Q	compatible_with	item_B00S9VVUAQ
item_B008QZ1DNO	compatible_with	item_B01AT2IQYK
item_B00AA9Z8RG	compatible_with	item_B00V2Z992W
item_B005LMUXEU	compatible_with	item_B00W3HY108
item_B0002NYPC4	compatible_with	item_B00O12LOLC
item_B0116CCG8O	compatible_with	item_B01FQS7RSS
item_B0009UL0RI	compatible_with	item_B000DIMQ9M
item_B00YAI9GWG	compatible_with	item_B01GO0VDQO
item_B0029ZC7AA	compatible_with	item_B00CBE1S6I
item_B00NJ873Q4	compatible_with	item_B017GZOBP6
item_B00IOMTJJ4	compatible_with	item_B00IOMTOLW
item_B00MK81OQO	compatible_with	item_B00QVCSFC6
item_B00295MQLU	compatible_with	item_B01FRG9750
item_B00CU6S662	compatible_with	item_B00JHDGRRG
item_B0077CLNZU	compatible_with	item_B00B7E1RWI
item_B00EA6FISE	compatible_with	item_B01C3ND116
item_B00APGAJG4	compatible_with	item_B00XKXHMD2
item_B00KU1P38S	compatible_with	item_B00L5E0QTU
item_B016OT9B8C	compatible_with	item_B01E13YLO2
item_B005GPHWA0	compatible_with	item_B00D2L2H14
item_B007JCOUYY	compatible_with	item_B01708CTGM
item_B0009G4D1W	compatible_with	item_B00139IETG
item_B003F1X9KO	compatible_with	item_B00IT3CO86
item_B00O70UZ3Q	compatible_with	item_B00P19QE7S
item_B00EIMB2X0	compatible_with	item_B00KZT5X26
item_B00AWBA034	compatible_with	item_B016LJ4GBM
item_B016Q6NXDM	compatible_with	item_B017D0803I
item_B00K00U4IS	compatible_with	item_B01ETALLUY
item_B00PA14KNM	compatible_with	item_B0146DCCIO
item_B0064YY0D4	compatible_with	item_B01FBWXAA8
item_B004I7BKZ0	compatible_with	item_B005GVM5AQ
item_B00UZJFN3A	compatible_with	item_B00UZJHNPG
item_B004I79ZC0	compatible_with	item_B00E1ZPCX0
item_B00B58FQ5K	compatible_with	item_B01FYFOTWK
item_B00BQMI256	compatible_with	item_B00ZE87NFS
item_B013E0HGEA	compatible_with	item_B01B5DLI88
item_B0001YR5FI	compatible_with	item_B0009UL0RI
item_B00X92M01I	compatible_with	item_B013SEP6FS
item_B0161LIL34	compatible_with	item_B018QC4HHU
item_B00SC70IYQ	compatible_with	item_B015J252Y2
item_B00HS5131K	compatible_with	item_B0118XFD4A
item_B00APXN95U	compatible_with	item_B00HLSRNGS
item_B00VTVMJGW	compatible_with	item_B013H93H3C
item_B01F50BJMC	compatible_with	item_B01H6DY7BQ
item_B001MBD93Q	compatible_with	item_B00QNAIJ4A
item_B002GHC2MO	compatible_with	item_B00FXPRL5O
item_B016Q6NXDM	compatible_with	item_B019X2NGF6
item_B006JMK4MW	compatible_with	item_B00DMW4T8C
item_B0183SZ1S6	compatible_with	item_B01DSPBID6
item_B0002TOS8Y	compatible_with	item_B00XWUD32W
item_B00XWUD32W	compatible_with	item_B01CXAOGIQ
item_B007HSCKOW	compatible_with	item_B00HS3ALNS
item_B0069KHRJW	compatible_with	item_B00V84SHIE
item_B00N4NTHPE	compatible_with	item_B00NW62PCA
item_B00IBJP5FC	compatible_with	item_B0111RF5JG
item_B0015S8EAO	compatible_with	item_B00NE4YJVK
item_B00JRS14MY	compatible_with	item_B00WW6YJG6
item_B001AQ4AFY	compatible_with	item_B001DCEKXM
item_B000SMB1NK	compatible_with	item_B00CAA275O
item_B0002ZZ87I	compatible_with	item_B018MRRKR8
item_B005LC6DY4	compatible_with	item_B017V194DO
item_B016UDK0KU	compatible_with	item_B01CU3GN0A
item_B00MPXF6K4	compatible_with	item_B01C904T50
item_B008TUUOSG	compatible_with	item_B011S36MI6
item_B00GHGTUT8	compatible_with	item_B00P3ATUKS
item_B00UUGABEE	compatible_with	item_B018YIF56S
item_B000K0T1RI	compatible_with	item_B0018OOF6M
item_B000WLPWAK	compatible_with	item_B01B3LNWIQ
item_B0090NYPT0	compatible_with	item_B00BSOU1L0
item_B0150W0O5S	compatible_with	item_B016Y7GSHQ
item_B00V3IJCWA	compatible_with	item_B01DZKLOAQ
item_B002SDDXM4	compatible_with	item_B00BMDAG1C
item_B00HZ0ON42	compatible_with	item_B00NJ873Q4
item_B00LNY5XA4	compatible_with	item_B01H6DY7BQ
item_B002G9U57Q	compatible_with	item_B01H6YB182
item_B00CAXQV3K	compatible_with	item_B00CAXS4PI
item_B00YJIHLDS	compatible_with	item_B01BU5U3K0
item_B00CAA1RG4	compatible_with	item_B00DVFWFKE
item_B00K00U4IS	compatible_with	item_B01CRF86R4
item_B001QUTS2Y	compatible_with	item_B00XKXHMD2
item_B000783UHU	compatible_with	item_B00PXSBGOI
item_B00XLV4AQU	compatible_with	item_B017C0BYKK
item_B001FOR1T8	compatible_with	item_B00QNAIJ4A
item_B00DGEJVSE	compatible_with	item_B00K69XELC
item_B00WY4QXT2	compatible_with	item_B015GDFVOA
item_B001DNFAOO	compatible_with	item_B00H7HD0N8
item_B00MK81OQO	compatible_with	item_B00X9HIFIA
item_B001GSFKBO	compatible_with	item_B00FXPRJWO
item_B00028AZ6E	compatible_with	item_B00KYM1DBE
item_B00WVXUY4Q	compatible_with	item_B019752N26
item_B000VG3CEE	compatible_with	item_B017KXTWSA
item_B00VTTOGHE	compatible_with	item_B013W93UUM
item_B003R1DF8I	compatible_with	item_B00MY8WSCO
item_B008YWF7OU	compatible_with	item_B010276WDO
item_B00DH9OSRM	compatible_with	item_B00PAUL4OG
item_B0195I8EGO	compatible_with	item_B01H6DY7BQ
item_B00YV50ORO	compatible_with	item_B00YXLULVU
item_B00CQ8JIKW	compatible_with	item_B00O2UCPBQ
item_B00ZUIB9A2	compatible_with	item_B01GDY9Z0M
item_B00UYBS3HC	compatible_with	item_B0197DN0DY
item_B00NQJ5LAQ	compatible_with	item_B01D8X4Q7S
item_B00H3829TM	compatible_with	item_B019752N26
item_B00BDJRVOA	compatible_with	item_B019752N26
item_B003EEMI7M	compatible_with	item_B019SJGX9U
item_B007J0L0FI	compatible_with	item_B01EHYZ9LY
item_B00QXV788M	compatible_with	item_B013HF456E
item_B00B1T7J2Q	compatible_with	item_B00MY8WSCO
item_B00D076MXE	compatible_with	item_B00F0TKXSU
item_B00CEH08H2	compatible_with	item_B00XWUD32W
item_B006SRSZOW	compatible_with	item_B00IPO8HGC
item_B005GQBHD2	compatible_with	item_B00PXSBBJI
item_B00DC7AV34	compatible_with	item_B00O5I1W3M
item_B00PL2NLNK	compatible_with	item_B012XOO8UI
item_B013IXCREW	compatible_with	item_B017NT2314
item_B0118XFD4A	compatible_with	item_B01ALG1TE8
item_B011I11TVS	compatible_with	item_B017L09YUS
item_B01DBGJDB6	compatible_with	item_B01DBGJDYI
item_B00JB8OW42	compatible_with	item_B00V0G8XRU
item_B005DTC8FS	compatible_with	item_B01DDDAAJ6
item_B00T0VSOUS	compatible_with	item_B013I0WF9W
item_B00GTQVRB0	compatible_with	item_B00VIVZ5FA
item_B000WLPWAK	compatible_with	item_B008X25QJM
item_B01EWRXVOS	compatible_with	item_B01FCYA2TW
item_B000P4GDX4	compatible_with	item_B0131JMSCE
item_B00CPGI234	compatible_with	item_B00XKXHMD2
item_B00LPCSR1Q	compatible_with	item_B01F3LYVO6
item_B002UD9C36	compatible_with	item_B0091CC1OG
item_B00B4WQJG2	compatible_with	item_B01GGR0ICU
item_B01CQJYF6M	compatible_with	item_B01EN4KVOI
item_B00KZHNJ1K	compatible_with	item_B01FZIO700
item_B001EB4YR4	compatible_with	item_B00505DPSO
item_B001SAB1KO	compatible_with	item_B00KYYNLM6
item_B001FD9Y8A	compatible_with	item_B016F2H97I
item_B00H285GDO	compatible_with	item_B013OVICL0
item_B00M0I4A1U	compatible_with	item_B01H7EMBXK
item_B00505DPQG	compatible_with	item_B0150WLXZS
item_B00PXSBC1U	compatible_with	item_B00PXSBGR0
item_B010EAL7M0	compatible_with	item_B01FED8GMG
item_B013E0HGEA	compatible_with	item_B018JJJ9XC
item_B014YT066U	compatible_with	item_B019XPUINQ
item_B006JMK4MW	compatible_with	item_B00MJU0E6E
item_B00V7MMQ48	compatible_with	item_B01H6DY7BQ
item_B019752N26	compatible_with	item_B01E9G9GDM
item_B018SRR0N6	compatible_with	item_B01BIE0DF8
item_B00X6OALDI	compatible_with	item_B01EFGF7KM
item_B00AF7CRL8	compatible_with	item_B017KUE24C
item_B010MPSMDY	compatible_with	item_B016A5VW4Q
item_B00BOMP6PC	compatible_with	item_B01DV4PCWW
item_B00W1EDJXI	compatible_with	item_B01ESQPHWW
item_B003EEMI7M	compatible_with	item_B00IWP6JF0
item_B00XBZSEZ4	compatible_with	item_B01B3ISSBK
item_B000JJIET6	compatible_with	item_B00HIZKH7G
item_B016UGH4UQ	compatible_with	item_B017I4BTFU
item_B005DMY41G	compatible_with	item_B00XXPNFME
item_B00I03HM5A	compatible_with	item_B018YIF56S
item_B001F9UG6S	compatible_with	item_B0130LQN6K
item_B00TAHQOE0	compatible_with	item_B017ULEI9U
item_B001CQ1INY	compatible_with	item_B00JULWE54
item_B016YRTP0S	compatible_with	item_B0192NZI6Q
item_B00CHSEMTI	compatible_with	item_B01C3ND116
item_B00K730Z00	compatible_with	item_B01FSCTXK2
item_B000RMSVRA	compatible_with	item_B00KRYL792
item_B00RM4UWM8	compatible_with	item_B01E0MX8FC
item_B00816PZ9Q	compatible_with	item_B01BU5AVK2
item_B00X97BT74	compatible_with	item_B017JTNSWG
item_B00IUOTWX4	compatible_with	item_B00UI6P38U
item_B006MOV6OW	compatible_with	item_B00AEA0O4S
item_B00MJHQGVO	compatible_with	item_B00S09JAL8
item_B004I764VA	compatible_with	item_B014GMU8JK
item_B002PJSPW4	compatible_with	item_B00QGSJVZU
item_B00ACIFH8U	compatible_with	item_B00H34MA8G
item_B009YRC5E4	compatible_with	item_B00Q4LZUW2
item_B00Z9T6XL2	compatible_with	item_B015NO3ID8
item_B002VWJYDY	compatible_with	item_B00CHNNXOI
item_B00OQW56V6	compatible_with	item_B016LJ4GBM
item_B000MXIN22	compatible_with	item_B01DB9WT4Q
item_B005GVBI9U	compatible_with	item_B016LJ4GBM
item_B005MYCCJ6	compatible_with	item_B00ULZAECI
item_B01B4QJULI	compatible_with	item_B01FX3ZSWI
item_B00RGWU7E4	compatible_with	item_B00S568L9S
item_B014S4481K	compatible_with	item_B01FUMB2U4
item_B00OA5SNGE	compatible_with	item_B018YIF56S
item_B00T454BY8	compatible_with	item_B017LQGXVA
item_B000HT98GQ	compatible_with	item_B00PXSBGOI
item_B009B1TRXU	compatible_with	item_B01ESQPHWW
item_B000A2K576	compatible_with	item_B00FXPRL5O
item_B009YTWR22	compatible_with	item_B00FXPRL5O
item_B0017L7ZR2	compatible_with	item_B00MTZBBTI
item_B005QT53DY	compatible_with	item_B00HRNU3B4
item_B00N2LV1PC	compatible_with	item_B01984DB6S
item_B002JM15UQ	compatible_with	item_B01HAGXX8C
item_B001F9UG6S	compatible_with	item_B00HYIAN3U
item_B01E17T472	compatible_with	item_B01H6DY7BQ
item_B006HYZP8U	compatible_with	item_B00JS8AF78
item_B014XC8VXI	compatible_with	item_B01BMUUPXI
item_B017AP8R8O	compatible_with	item_B01ESQPHWW
item_B00LKW2RNK	compatible_with	item_B00YC4IFY8
item_B003NO391W	compatible_with	item_B00FXPRJWO
item_B0072J71L8	compatible_with	item_B00V5YQ7IO
item_B00L58FK8I	compatible_with	item_B017NT2314
item_B00JUO33XS	compatible_with	item_B00X3RZIK4
item_B000IBJ3WW	compatible_with	item_B00FXPRL5O
item_B0060C8IEC	compatible_with	item_B00HTAT6Y0
item_B0070NUCN0	compatible_with	item_B00JULWE54
item_B00QE3XN06	compatible_with	item_B00VTTOGHE
item_B000JJMKYQ	compatible_with	item_B00FXPRJWO
item_B00NQJ5LAQ	compatible_with	item_B017AHDI72
item_B004LWZR38	compatible_with	item_B00M0QFV5G
item_B00BPFN682	compatible_with	item_B011LTPIQO
item_B000CSO4AC	compatible_with	item_B008MM5JW2
item_B007S9UYZW	compatible_with	item_B016LJ4GBM
item_B017XBYKDG	compatible_with	item_B01BBUIS0Q
item_B0016L8CKC	compatible_with	item_B00XZATUN0
item_B00B58FQ5K	compatible_with	item_B01BLC0R26
item_B00O70UZ3Q	compatible_with	item_B00WGR902E
item_B00C9XTPH0	compatible_with	item_B00V84SHIE
item_B002657C8K	compatible_with	item_B00XKXHMD2
item_B00CSAWPLW	compatible_with	item_B01DB9WT4Q
item_B006VGUE3A	compatible_with	item_B019MDWF76
item_B00T6DWFNW	compatible_with	item_B00VUE6IP6
item_B004I79ZC0	compatible_with	item_B01B3GHQWO
item_B013GE3J8G	compatible_with	item_B0182G3RB2
item_B00N4N2IGO	compatible_with	item_B01015Z1CK
item_B00JWURVRY	compatible_with	item_B00MUUYIRO
item_B00BR3ZF86	compatible_with	item_B012V8CPJC
item_B005W0LXP4	compatible_with	item_B016YKHX1S
item_B00XHR9NOW	compatible_with	item_B01DR117FA
item_B00B9G70ZM	compatible_with	item_B011LTPIQO
item_B00UCO5A86	compatible_with	item_B0156GCLD6
item_B00R4TJJOS	compatible_with	item_B018JABMHW
item_B005LXPSHG	compatible_with	item_B00ZQ3LAKK
item_B003FSSP24	compatible_with	item_B00FD2HSK0
item_B00ACIFL9U	compatible_with	item_B00N5PKYX0
item_B01B3HP24W	compatible_with	item_B01D9RXPRK
item_B00O1FG0P4	compatible_with	item_B010S2QXMS
item_B00YIC68OI	compatible_with	item_B01F8VL0UE
item_B0031U0PME	compatible_with	item_B019HHGR3K
item_B00VUE6IP6	compatible_with	item_B015C53ZSG
item_B005C17708	compatible_with	item_B00ABDGGRC
item_B00DSTSJWG	compatible_with	item_B00J5S7U2E
item_B002V72BM0	compatible_with	item_B0069TE7XW
item_B007N6MRRI	compatible_with	item_B016LJ4GBM
item_B00PV3BCP8	compatible_with	item_B012UOSYQK
item_B0086SZA9E	compatible_with	item_B00V84SHIE
item_B00P19QE7S	compatible_with	item_B013SEP6FS
item_B010USSWOC	compatible_with	item_B01F290W92
item_B000BWLW68	compatible_with	item_B000N3Q7B0
item_B00B58FQ5K	compatible_with	item_B00MCW8R04
item_B004WYNSRW	compatible_with	item_B01DDDAAJ6
item_B00N2LV1PC	compatible_with	item_B01CNNTDD6
item_B00B4QP0L8	compatible_with	item_B00V84SHIE
item_B00D1MRGSI	compatible_with	item_B00NQJ5LAQ
item_B00JU7BMVK	compatible_with	item_B01GO0VDQO
item_B003WOL168	compatible_with	item_B018YIF56S
item_B00VMYPADK	compatible_with	item_B01G4RTNGE
item_B00GYG6A2G	compatible_with	item_B00IJJQ4VI
item_B00FFKL0LS	compatible_with	item_B00M4MBHLS
item_B00BSOU1L0	compatible_with	item_B00PJII6AY
item_B00XBBTDC6	compatible_with	item_B00XXPNFME
item_B007O3T0N4	compatible_with	item_B008C7BVBA
item_B00M6P92XS	compatible_with	item_B016YRTP0S
item_B01A28O5RS	compatible_with	item_B01FBSGFZ4
item_B015NOSM2A	compatible_with	item_B01B3HP24W
item_B00CC3LRVE	compatible_with	item_B00CC4XRTI
item_B00KU1P38S	compatible_with	item_B01BGWYFHE
item_B00FXPRJWO	compatible_with	item_B01FUPB1GG
item_B00DVFWFKE	compatible_with	item_B014IXYPY6
item_B003B2SVHS	compatible_with	item_B00F3SJQ72
item_B00SNF90U0	compatible_with	item_B01FUMB2U4
item_B00VU1JTUK	compatible_with	item_B01C3ND116
item_B005C9GNNW	compatible_with	item_B00XWUD32W
item_B0019RS0IC	compatible_with	item_B001B0X82K
item_B00UXMPEVK	compatible_with	item_B017WWTSO2
item_B00I709J02	compatible_with	item_B00NQJ5LAQ
item_B00E95996I	compatible_with	item_B00NOOH2L4
item_B000KKI8F4	compatible_with	item_B014MCFM4K
item_B00L4QM28W	compatible_with	item_B019IBMJKU
item_B014MCFM4K	compatible_with	item_B01FS8U0G2
item_B00XKXI3WG	compatible_with	item_B01FVR4XF4
item_B00UOB0BCM	compatible_with	item_B01F8VL0UE
item_B002F7DBAM	compatible_with	item_B00FXPRJWO
item_B012V8CPJC	compatible_with	item_B015P5BYG8
item_B002QFTW88	compatible_with	item_B006UCX3PQ
item_B00V84SHIE	compatible_with	item_B013GGXB3C
item_B000M3KYL0	compatible_with	item_B01EW3CU4O
item_B0059EY0N0	compatible_with	item_B019X2NGF6
item_B011JDC8CE	compatible_with	item_B01BY7JU76
item_B00B58FQ5K	compatible_with	item_B00N8X411A
item_B01ATYRECS	compatible_with	item_B01GCTF46M
item_B00JC2YXFK	compatible_with	item_B015JTMVVW
item_B007AK1MPU	compatible_with	item_B00OOI0HV6
item_B000BTDP1Q	compatible_with	item_B00139IETG
item_B00GR3N6VO	compatible_with	item_B01BU5AVK2
item_B0045EPNB8	compatible_with	item_B008X25S9U
item_B00LOT6690	compatible_with	item_B017WSG1QY
item_B01BBUIS0Q	compatible_with	item_B01GETJEJS
item_B01B3ISSBK	compatible_with	item_B01CH3OLW0
item_B000A38E6E	compatible_with	item_B0085TF7DS
item_B00ILYPQ0G	compatible_with	item_B016YKHX1S
item_B0157GM6UI	compatible_with	item_B01B3HP24W
item_B000X2UIZM	compatible_with	item_B00BSOU1L0
item_B00RDDSQIU	compatible_with	item_B01AOAU8FW
item_B01B34TCNM	compatible_with	item_B01BNO37NS
item_B00DH9OSRM	compatible_with	item_B00KVVZKSA
item_B01GLBK35S	compatible_with	item_B01H6DY7BQ
item_B00ENRNXH8	compatible_with	item_B00WW6YJG6
item_B00VWJ1EEO	compatible_with	item_B018SRR0N6
item_B008X25S6S	compatible_with	item_B01BCPF9NE
item_B00NASDGCI	compatible_with	item_B01C93IHEG
item_B017ULEI9U	compatible_with	item_B01D8X4MB8
item_B008YWF7OU	compatible_with	item_B00KRYMUH0
item_B00BH3PZ1S	compatible_with	item_B00XKXI2D6
item_B00UF7XUTG	compatible_with	item_B01DCK4SW0
item_B00B58FQ5K	compatible_with	item_B011S6HVWY
item_B00MX2DS0W	compatible_with	item_B00NV61C48
item_B004CM87H0	compatible_with	item_B01H3EALEA
item_B0000WL0XY	compatible_with	item_B00FXPRJWO
item_B00CEH3C0C	compatible_with	item_B00XKXHMD2
item_B00ARY9BQ8	compatible_with	item_B00XXPMJKI
item_B0031U0P10	compatible_with	item_B0085TF7DS
item_B00LCJP40E	compatible_with	item_B01F6ALY7Q
item_B013IXB626	compatible_with	item_B017WBRSEU
item_B006P64D9M	compatible_with	item_B01A9RP7WY
item_B007D40I4Y	compatible_with	item_B00WHF3E6S
item_B00CFQIIVK	compatible_with	item_B00JBRB2IC
item_B0072J71LI	compatible_with	item_B00QQBA1CO
item_B00FBNOSWC	compatible_with	item_B00HN2PEYK
item_B01364NTF4	compatible_with	item_B01DP2STES
item_B000J3YLGW	compatible_with	item_B019752N26
item_B0007KPPAS	compatible_with	item_B00Q4LZUW2
item_B010R9W04C	compatible_with	item_B01HCUODWG
item_B013E0HGEA	compatible_with	item_B01879V71G
item_B00HV7FNFC	compatible_with	item_B014R5QW4G
item_B000P22SS0	compatible_with	item_B00NHECBBW
item_B00KBOCHO2	compatible_with	item_B01DCWPS68
item_B00KCVGUPG	compatible_with	item_B00THE56JA
item_B009IU3S16	compatible_with	item_B0195MYU7W
item_B00DMW4T8C	compatible_with	item_B01CINSB3E
item_B005DSMQY2	compatible_with	item_B00XXPNFME
item_B013RCONQE	compatible_with	item_B01GA82Q16
item_B017LQGXVA	compatible_with	item_B01ET645HO
item_B00CX9AKJW	compatible_with	item_B00KBZOB40
item_B00LE1C2V4	compatible_with	item_B014LBX55K
item_B00ZE87NFS	compatible_with	item_B011S36MI6
item_B0162993QY	compatible_with	item_B017H1AKXQ
item_B00J9Q5D0I	compatible_with	item_B01FUMB2U4
item_B000MURLY6	compatible_with	item_B00B58FQ5K
item_B00CSLYQP4	compatible_with	item_B017WSG1QY
item_B007VB95C0	compatible_with	item_B00XXPNFME
item_B0009YL20E	compatible_with	item_B01BO7HBNQ
item_B002HRM8AE	compatible_with	item_B00XKXHMD2
item_B000HTICY0	compatible_with	item_B00ACIFHBM
item_B01H1I050I	compatible_with	item_B01HH3X0YU
item_B00RXJVZJQ	compatible_with	item_B00XWUD32W
item_B01AYQY8RU	compatible_with	item_B01BGG4LRY
item_B00A0I8GLM	compatible_with	item_B011LTPIQO
item_B00FRKO9IW	compatible_with	item_B00TKVQM7K
item_B008LWS2TK	compatible_with	item_B01D1R3O1U
item_B0000WL1Q0	compatible_with	item_B00FXPRL5O
item_B00L9Q5DBA	compatible_with	item_B01FU3KRYU
item_B00NASDGCI	compatible_with	item_B00R3V53X8
item_B00F3SJQ72	compatible_with	item_B01BPWEUFW
item_B00UZJFN3A	compatible_with	item_B013EX6VWK
item_B019IOEH16	compatible_with	item_B01FVRIN8W
item_B00O9K01H4	compatible_with	item_B01ESQPHWW
item_B00SNCS52M	compatible_with	item_B00XKXHMD2
item_B0029IQIRU	compatible_with	item_B0142HY3PY
item_B010TQGDUU	compatible_with	item_B017ULEI9U
item_B00850K2Y6	compatible_with	item_B018MRRKR8
item_B00YVXPLUG	compatible_with	item_B018YIF56S
item_B001B0X848	compatible_with	item_B006SFRJ7S
item_B001CZP2W8	compatible_with	item_B00ZQW1PRO
item_B00FEMK2V6	compatible_with	item_B00MOK5NGA
item_B00R8O7VEE	compatible_with	item_B01FUMB2U4
item_B00IPGN5EO	compatible_with	item_B01EJ0VI02
item_B001NODU36	compatible_with	item_B00WKKSI7U
item_B000M5HOGQ	compatible_with	item_B00JULWE54
item_B00WISHHCG	compatible_with	item_B016YKHXL8
item_B000V9ME6S	compatible_with	item_B006SFRKP4
item_B00QH9R0DI	compatible_with	item_B01942W0IE
item_B00IO980K6	compatible_with	item_B01FUMB2U4
item_B00QVCSFC6	compatible_with	item_B0186MWP6A
item_B0147A8ZVO	compatible_with	item_B01FUMB2U4
item_B000QTZNM0	compatible_with	item_B00IIJ80ZW
item_B00B58FQ5K	compatible_with	item_B01B2EALM4
item_B001B0X82K	compatible_with	item_B006SFRLOE
item_B015G271TY	compatible_with	item_B01FNI4WMU
item_B009OLC98M	compatible_with	item_B00ECG6JH6
item_B00DZAXYSM	compatible_with	item_B01H3EALTK
item_B01FA0DBAA	compatible_with	item_B01FREM52E
item_B00V3IJCWA	compatible_with	item_B00Z9T6XL2
item_B00N1U5876	compatible_with	item_B01H6DY7BQ
item_B00XKXHMD2	compatible_with	item_B01ACQY5IO
item_B0169SDVPW	compatible_with	item_B017A82JKI
item_B00JC2YXFK	compatible_with	item_B00JG3LKU6
item_B01DBGJDYI	compatible_with	item_B01EMXX02U
item_B00ZE87NFS	compatible_with	item_B012Z102M2
item_B006ZOI5XY	compatible_with	item_B008TUUOSG
item_B00DVFWRR0	compatible_with	item_B00XXPMJKI
item_B001A3Y80O	compatible_with	item_B00JULWE54
item_B016YKHX1S	compatible_with	item_B01ENOZYV8
item_B0072J71HM	compatible_with	item_B0072J71LI
item_B017H1AKXQ	compatible_with	item_B01D410A2O
item_B001DD0GQ6	compatible_with	item_B014MCFM4K
item_B0029F1X0K	compatible_with	item_B00I14SDII
item_B00NASDG7I	compatible_with	item_B00R3V53X8
item_B00XKXHMD2	compatible_with	item_B0193H249A
item_B001G824X6	compatible_with	item_B018YIF56S
item_B000BD7YHS	compatible_with	item_B017WSG1QY
item_B000LNEEGM	compatible_with	item_B00644Q21M
item_B011LTPIQO	compatible_with	item_B01GFD5U5U
item_B016YRTP0S	compatible_with	item_B01G4IOQWO
item_B00CEH0PIE	compatible_with	item_B00XKXHMD2
item_B00K64PTGK	compatible_with	item_B01FZ6N9TM
item_B00I78ZHSM	compatible_with	item_B011S36MI6
item_B00JBRB2IC	compatible_with	item_B00UXZLYU2
item_B0014FBDRE	compatible_with	item_B00YVXPLUG
item_B00KRYL7CE	compatible_with	item_B016YKHX1S
item_B00EJWZLOU	compatible_with	item_B01D1A7HG0
item_B007OUFNLU	compatible_with	item_B00V84SHIE
item_B00EUA0OQQ	compatible_with	item_B00L5E0QTU
item_B00PUYE4ZI	compatible_with	item_B01DB9WT4Q
item_B00R3UR2OM	compatible_with	item_B01ESQPHWW
item_B00JDWG65E	compatible_with	item_B01H43Z5GY
item_B001DNFAOO	compatible_with	item_B00NV5SVZW
item_B003XKNC04	compatible_with	item_B003XKNC0Y
item_B00505DPSO	compatible_with	item_B008B81LP6
item_B002Y38LY8	compatible_with	item_B00NHECBBW
item_B01565PZGM	compatible_with	item_B01DKMMUY8
item_B00FLXDYU4	compatible_with	item_B00V84SHIE
item_B00HIZKH7G	compatible_with	item_B00HLSS3KI
item_B01ANJEBE8	compatible_with	item_B01B3HP24W
item_B002XE7Z68	compatible_with	item_B00OV4840E
item_B00YFO4LHU	compatible_with	item_B016LJ4GBM
item_B01F4LKU36	compatible_with	item_B01FNLWFGM
item_B015SSQCO6	compatible_with	item_B01DAREGQS
item_B005SW4YO8	compatible_with	item_B01E61CD1C
item_B00KB5QW88	compatible_with	item_B013MC5U2K
item_B00B58FQ5K	compatible_with	item_B01D91C7EI
item_B004I79ZC0	compatible_with	item_B00TIRMCDY
item_B00HRNU3B4	compatible_with	item_B0108FRBFS
item_B00HTAT6Y0	compatible_with	item_B00P1EZ1HW
item_B00OEEO0O0	compatible_with	item_B01E66WRUY
item_B00BP570Z2	compatible_with	item_B00ISL6XOK
item_B0159K6T00	compatible_with	item_B01D1536W4
item_B00Y953DZG	compatible_with	item_B01BBKY75Q
item_B0065ECGKM	compatible_with	item_B00LGSP6JK
item_B013UNGRMI	compatible_with	item_B01HH3X0YU
item_B003XN92VO	compatible_with	item_B011LTPIQO
item_B000SOPKXK	compatible_with	item_B00Q4LZUW2
item_B00M3AB85G	compatible_with	item_B00XKXHMD2
item_B00V3IJCWA	compatible_with	item_B01ESQPHWW
item_B00F3SJQ72	compatible_with	item_B00PB3SAWQ
item_B017LRFO96	compatible_with	item_B017LTNTQO
item_B00W8V755C	compatible_with	item_B01AZ39LEC
item_B0041RFC6U	compatible_with	item_B008C7BVBA
item_B000KL8646	compatible_with	item_B00N2LV1PC
item_B000YEM280	compatible_with	item_B00I3HD4LO
item_B00XTTGF80	compatible_with	item_B019407BLC
item_B0115HTFC0	compatible_with	item_B01D0O01HY
item_B011TWR7SA	compatible_with	item_B01GRQLGLW
item_B00KCY9SVQ	compatible_with	item_B01C3ND116
item_B004I764VA	compatible_with	item_B018837OPE
item_B00816PQ0O	compatible_with	item_B016LJ4GBM
item_B0093QF8ZO	compatible_with	item_B00N3Y3WNC
item_B002VWJYDY	compatible_with	item_B00CBE1N86
item_B001CQ1INY	compatible_with	item_B01H7EMBXK
item_B00ACIFZ50	compatible_with	item_B01HF4A6DY
item_B0009GC7UQ	compatible_with	item_B00XKXHMD2
item_B00XKXHMD2	compatible_with	item_B015QHZ9PW
item_B00JDTRD9U	compatible_with	item_B00K00UN66
item_B00GUBHBRS	compatible_with	item_B00L57P5XO
item_B00PXSBC1U	compatible_with	item_B010RI44AG
item_B00553XI06	compatible_with	item_B00NQJ5LAQ
item_B00XXPMJKI	compatible_with	item_B01FWPBPFQ
item_B005DTB5NY	compatible_with	item_B00XBBAV2C
item_B003EEMI7M	compatible_with	item_B00LG6BX0S
item_B003QYHZFU	compatible_with	item_B01519NUTM
item_B00UDMBR9I	compatible_with	item_B016GJSFFK
item_B00BERMN7G	compatible_with	item_B00QNAIJ4A
item_B0081KTPZC	compatible_with	item_B00V84SHIE
item_B013HBETB4	compatible_with	item_B01BYO6VPI
item_B0000WL3CW	compatible_with	item_B0085TF7DS
item_B00UB1OOBE	compatible_with	item_B011S36MI6
item_B00H1YYP2C	compatible_with	item_B00RE2W2V2
item_B00LE1C2V4	compatible_with	item_B017LTST3W
item_B00B58FQ5K	compatible_with	item_B00DZKXT7S
item_B00AYZCKN6	compatible_with	item_B00XKXHMD2
item_B000SZM78A	compatible_with	item_B00GTPW5YY
item_B00Q2M3UEI	compatible_with	item_B014CFPN8C
item_B00TF67E5E	compatible_with	item_B00TF6B216
item_B00KHWQ29O	compatible_with	item_B00STUNZ2I
item_B00DMW4T8C	compatible_with	item_B019DNSHMW
item_B00V84SHIE	compatible_with	item_B01DIUT89M
item_B00JVUF50A	compatible_with	item_B00K1BV7CI
item_B00QNAIJ4A	compatible_with	item_B01351QOHI
item_B016VR15JA	compatible_with	item_B01B3HP24W
item_B00X9HIFIA	compatible_with	item_B0195RGXC2
item_B004E08MKW	compatible_with	item_B006K5JWOE
item_B000B6A5HG	compatible_with	item_B002G9UGT8
item_B000CCOIFY	compatible_with	item_B00CHNMU1U
item_B009JB0TPM	compatible_with	item_B01H3EALMM
item_B000MXQ2CU	compatible_with	item_B01DUQUIG6
item_B01F4LKU36	compatible_with	item_B01FNFZ0DS
item_B002R0KHE0	compatible_with	item_B00JULWE54
item_B00AXV91DS	compatible_with	item_B00K730Z00
item_B00ESXF2CG	compatible_with	item_B00L3ESYXC
item_B005M9J70I	compatible_with	item_B00L3ESYXC
item_B00DYASPP0	compatible_with	item_B00FXPRJWO
item_B005A8D94G	compatible_with	item_B00NASDGCI
item_B004I766BS	compatible_with	item_B00E1ZPCX0
item_B00YIRMF18	compatible_with	item_B01C4185AE
item_B01DB4M7MA	compatible_with	item_B01DCCVIKS
item_B00PL40FXC	compatible_with	item_B00PL42S1Y
item_B00DEYLKQW	compatible_with	item_B00DEYMM1Y
item_B0065ECGKM	compatible_with	item_B017J2U03I
item_B0041P6Y2S	compatible_with	item_B0045H6WNI
item_B01DLN43B4	compatible_with	item_B01FQWN080
item_B00JC2YXFK	compatible_with	item_B00U5ZIWY6
item_B0071A17WW	compatible_with	item_B00PXSBC1U
item_B00XKXHMPU	compatible_with	item_B01AT4IS8M
item_B000JVWN7I	compatible_with	item_B00SAF9W7O
item_B00XXPNFME	compatible_with	item_B01FWPBPFQ
item_B00U3792OU	compatible_with	item_B016Q6NXDM
item_B00D076MXE	compatible_with	item_B019X2NGF6
item_B00RNV3LHI	compatible_with	item_B019752N26
item_B01E878HFU	compatible_with	item_B01F4LKU36
item_B016LJ4GBM	compatible_with	item_B016LJ4J7S
item_B006YG78LI	compatible_with	item_B01DVS5ZIY
item_B01C2CSY06	compatible_with	item_B01FZ6N9TM
item_B00XWUD32W	compatible_with	item_B01D91C7EI
item_B00F3SJQ72	compatible_with	item_B012ESTW0Y
item_B002WHY7QM	compatible_with	item_B00OBE0QRI
item_B00B9MABIO	compatible_with	item_B016MA9XMC
item_B00UV3P63C	compatible_with	item_B01GP5QZYI
item_B00PXSBBJI	compatible_with	item_B00PXSX8SA
item_B015YPC6XY	compatible_with	item_B018SRR0N6
item_B00CAXQV3K	compatible_with	item_B00GJ9XO72
item_B00OWV5TV8	compatible_with	item_B011LTPIQO
item_B00T6TVFD2	compatible_with	item_B0128IZU6K
item_B005HO2CYG	compatible_with	item_B00ARH8C9M
item_B00LE1C2V4	compatible_with	item_B01535YJ3U
item_B004LRP3IC	compatible_with	item_B00CSNXUP4
item_B000ZHFCPQ	compatible_with	item_B010DPIT86
item_B003A7TSQ2	compatible_with	item_B00X9HIFIA
item_B007N1BVKM	compatible_with	item_B00P3ATUKS
item_B00M0FA954	compatible_with	item_B00Y9MH16G
item_B00NQJ5LAQ	compatible_with	item_B01017V2AS
item_B00QGSJVZU	compatible_with	item_B00WE4GN3S
item_B00QDB9MJ0	compatible_with	item_B017KNAI2Y
item_B00PQR3LAS	compatible_with	item_B016RWXLU0
item_B00O7VACRY	compatible_with	item_B019752N26
item_B00DSTSJWG	compatible_with	item_B00NPXC12E
item_B00FODKBDO	compatible_with	item_B016Y7GSHQ
item_B00M3UMLE8	compatible_with	item_B01DUQKRPI
item_B00A9WVTJ0	compatible_with	item_B01DXPYIHO
item_B008VUJSP4	compatible_with	item_B00L5E0QTU
item_B0059865RU	compatible_with	item_B00NQJ5LAQ
item_B016NBXHK4	compatible_with	item_B01FIQMT18
item_B00UGTXGII	compatible_with	item_B01H6DY7BQ
item_B002DEVNGG	compatible_with	item_B00XKXHMD2
item_B00LTZQ1S0	compatible_with	item_B00M20E91M
item_B00Q4LZUW2	compatible_with	item_B00T7DEIDG
item_B00IR4FGDC	compatible_with	item_B00SXK077A
item_B00078ZTLU	compatible_with	item_B00QNAIJ4A
item_B0057D57NK	compatible_with	item_B019CSC60M
item_B01478Q4VE	compatible_with	item_B01890QD8K
item_B00ES6YPGW	compatible_with	item_B00XXPNFME
item_B001CCURAS	compatible_with	item_B01BGWYFE2
item_B003MH9IC4	compatible_with	item_B00MGLMHHK
item_B0154O0XBW	compatible_with	item_B01A9RP7WY
item_B00IF3O4MY	compatible_with	item_B00XZ3EF0U
item_B00GTJIHME	compatible_with	item_B00HHKSSTG
item_B01DU4ILGW	compatible_with	item_B01GO0VDQO
item_B00NH9FVLO	compatible_with	item_B0152R74K4
item_B008KWXSP4	compatible_with	item_B00N4N2IGO
item_B005DWJOGQ	compatible_with	item_B00IE8W5HG
item_B00K8OGHK0	compatible_with	item_B017JTNSWG
item_B001CCURF8	compatible_with	item_B007KF1JZS
item_B006SFRJ7S	compatible_with	item_B00S0YA5GM
item_B00N4N2IGO	compatible_with	item_B01H43C026
item_B0009GGUO0	compatible_with	item_B00ZUJ9Q8I
item_B006ISZ1C0	compatible_with	item_B00I14WP78
item_B00FBD2G1W	compatible_with	item_B00XWUD32W
item_B00B58FQ5K	compatible_with	item_B00GBVOTM2
item_B0050AFX2A	compatible_with	item_B00XWUD32W
item_B00IO9JCKI	compatible_with	item_B016APVEMQ
item_B018WUPVVC	compatible_with	item_B01CU3GN0A
item_B00MJHQGVO	compatible_with	item_B00QZ34PR0
item_B00ZUJ9Q8I	compatible_with	item_B011CIWOPC
item_B00JC2YXFK	compatible_with	item_B01D1AKABY
item_B00CE3INO6	compatible_with	item_B01HF4A6DY
item_B01BU5AVK2	compatible_with	item_B01DJAYGPW
item_B008HZD4XU	compatible_with	item_B00B9MABIO
item_B01CH1N4BG	compatible_with	item_B01F8VL0UE
item_B01B3IT1NY	compatible_with	item_B01FUMB2U4
item_B00JSAXDR0	compatible_with	item_B014MCFM4K
item_B00C13R54S	compatible_with	item_B00KRYL7CE
item_B00H9ZJOG0	compatible_with	item_B00W9P2FLQ
item_B006YG78LI	compatible_with	item_B01DEG8ENQ
item_B01CCOLXCA	compatible_with	item_B01H30LCP6
item_B00403MB5K	compatible_with	item_B00HIZKH7G
item_B00245BYEU	compatible_with	item_B00IL3NRRG
item_B00U3792OU	compatible_with	item_B01ANHD9TI
item_B00NQJ5LAQ	compatible_with	item_B01GUHMAZE
item_B00B738DY4	compatible_with	item_B01H3EALTK
item_B00V84SHIE	compatible_with	item_B01861KOCI
item_B00X92M01I	compatible_with	item_B01DBGJDYI
item_B000147652	compatible_with	item_B01DB4M7MA
item_B0034N4CA4	compatible_with	item_B00ZUJ9Q8I
item_B00X9HIFIA	compatible_with	item_B01EMLQPE2
item_B0051NGHSU	compatible_with	item_B00APXN95U
item_B00KKV2MW8	compatible_with	item_B01G8F2BG6
item_B00X6DHCZY	compatible_with	item_B014XC8VXI
item_B00S29HS9W	compatible_with	item_B00UI6P38U
item_B015U97P08	compatible_with	item_B0191DCE8C
item_B011JDC7LQ	compatible_with	item_B01BY7JU76
item_B002VWJYDY	compatible_with	item_B00DT4QOJK
item_B000Z11JDG	compatible_with	item_B00FXPRL5O
item_B008IXGA0A	compatible_with	item_B01GGR0ICU
item_B015WF59SU	compatible_with	item_B01FX3ZSWI
item_B001M0BSUS	compatible_with	item_B00505DW0A
item_B00NJ873Q4	compatible_with	item_B01CNC6FE2
item_B00B58FQ5K	compatible_with	item_B01F324FMI
item_B00DH9OSRM	compatible_with	item_B00QYB2IYK
item_B00KJ9Z4RQ	compatible_with	item_B00QNAIJ4A
item_B00XWUD32W	compatible_with	item_B011B5OXIC
item_B00192PP76	compatible_with	item_B01H7EMBXK
item_B016H3T4UU	compatible_with	item_B0192BK6I8
item_B000FXSU5Y	compatible_with	item_B01EDI9U2S
item_B00H34MCUW	compatible_with	item_B00PXSBGOI
item_B008QZ1DNO	compatible_with	item_B00BV9ASUG
item_B01FYFPH58	compatible_with	item_B01FYI4ZD0
item_B00JBRB2IC	compatible_with	item_B01GQPTL5C
item_B005JSF2DS	compatible_with	item_B01BBUIS0Q
item_B013X04PDG	compatible_with	item_B0140CB6VA
item_B001VH6IFM	compatible_with	item_B0072J796U
item_B00MNMVTMQ	compatible_with	item_B0131JMSCE
item_B00B1P3U9G	compatible_with	item_B00XKXHMD2
item_B00MIMQIJU	compatible_with	item_B01DPFZRXQ
item_B0158XS67C	compatible_with	item_B01AP40M26
item_B0002LI85G	compatible_with	item_B00FLXDYU4
item_B00NW5IIOK	compatible_with	item_B01762MD0E
item_B010EAL7M0	compatible_with	item_B0167JZD2M
item_B0073E54I4	compatible_with	item_B00IMB1DAA
item_B00LE1C2V4	compatible_with	item_B00STB9CVK
item_B00EAZA3DU	compatible_with	item_B01C3ND116
item_B00DVFWFKE	compatible_with	item_B015R4WQR8
item_B007BL1KF0	compatible_with	item_B01CH9ZQ7S
item_B0083QNRRQ	compatible_with	item_B00HFA919E
item_B007CMF99G	compatible_with	item_B017CTN32I
item_B000PHG4L2	compatible_with	item_B00XKXHMD2
item_B01CEBDS92	compatible_with	item_B01H43Z5GY
item_B0009GI0P2	compatible_with	item_B00ACIFHBM
item_B01A6LEHNI	compatible_with	item_B01FNUPOF2
item_B00CC3LRVE	compatible_with	item_B00ZBBUKFS
item_B00MW5EV38	compatible_with	item_B00O12LOLC
item_B01FE7HRSQ	compatible_with	item_B01FH9B89U
item_B00O72IPCC	compatible_with	item_B01BYTLZTK
item_B005N6YOGC	compatible_with	item_B009G9A9J8
item_B007P7B0DC	compatible_with	item_B014MCFM4K
item_B016YKHX86	compatible_with	item_B01AJM0A3A
item_B00DMW4T8C	compatible_with	item_B012ZOHVP0
item_B00R70LP8W	compatible_with	item_B01546626A
item_B00VJZGB1C	compatible_with	item_B01AXDKUPS
item_B00F6K7V5Q	compatible_with	item_B01H9J0RB6
item_B007AK1L9W	compatible_with	item_B00LI5LL7M
item_B00UNJWDA8	compatible_with	item_B011S36MI6
item_B01890QD8K	compatible_with	item_B01AP40M26
item_B00H7X3FMI	compatible_with	item_B00QXASI64
item_B00IZKU9VC	compatible_with	item_B00X9HIFIA
item_B013E0HGEA	compatible_with	item_B01CH1N4BG
item_B00MY8WSCO	compatible_with	item_B00QGSJVZU
item_B00CAXQV3K	compatible_with	item_B019OANZQM
item_B001THDBSQ	compatible_with	item_B00XWUD32W
item_B00NBWKXZ6	compatible_with	item_B01BFXNXWM
item_B00XBBIU3Y	compatible_with	item_B00XXPMJKI
item_B000WLPWAK	compatible_with	item_B00I1AERDW
item_B0072LCQ9S	compatible_with	item_B01708CTGM
item_B008YWF7OU	compatible_with	item_B00G163HVQ
item_B00R7CKSCY	compatible_with	item_B00TUQ2EHW
item_B00XKXHMD2	compatible_with	item_B0127XUXLS
item_B002HIBU9S	compatible_with	item_B018ADJQ12
item_B0077S2PEC	compatible_with	item_B014IR7WME
item_B011LTPIQO	compatible_with	item_B014K32UXW
item_B00XXPMJKI	compatible_with	item_B015QIERD6
item_B00816NYFI	compatible_with	item_B00XWUD32W
item_B002G9UGT8	compatible_with	item_B0085TF7DS
item_B01DOV7BXK	compatible_with	item_B01FX3ZSWI
item_B0025YVBMA	compatible_with	item_B00JULWJLI
item_B0072LD9QW	compatible_with	item_B00KRYL792
item_B00398L9BE	compatible_with	item_B013W7M3XE
item_B00V4DG42K	compatible_with	item_B018SRR5PE
item_B00CBE1S6I	compatible_with	item_B01DDJ7VBA
item_B00HFA919E	compatible_with	item_B00S3I9VGK
item_B00H4MYEPY	compatible_with	item_B00HFA919E
item_B00NJ873Q4	compatible_with	item_B01EFH2RL8
item_B01ASQGT6E	compatible_with	item_B01FLKKNOG
item_B00ZUZZQSQ	compatible_with	item_B0118XFD4A
item_B001AXZM1I	compatible_with	item_B00Q4LZUW2
item_B000PSZDTA	compatible_with	item_B00BRDBCMO
item_B014JMK0PO	compatible_with	item_B01890QD8K
item_B00WH30N2I	compatible_with	item_B00Y9L1LDQ
item_B007N1BVKM	compatible_with	item_B00O2KA79I
item_B004SKJQD0	compatible_with	item_B00WHF3E6S
item_B009GFLKEU	compatible_with	item_B018QC4HHU
item_B008B81LP6	compatible_with	item_B01BSEQNP2
item_B00SLDSYL0	compatible_with	item_B013X04SJ2
item_B00505DW0A	compatible_with	item_B014I4UQD4
item_B0094FKISQ	compatible_with	item_B00NGPM7F2
item_B00IUOTWX4	compatible_with	item_B01BMUUPXI
item_B017OEW7DC	compatible_with	item_B01H7RZT2C
item_B000BVK0I0	compatible_with	item_B015GAQFZ2
item_B0072J71L8	compatible_with	item_B01FN8763M
item_B016MFDPU8	compatible_with	item_B016MFG38Y
item_B00B58FQ5K	compatible_with	item_B00V4FM4KY
item_B00B58FQ5K	compatible_with	item_B00KC36C20
item_B0085TF7DS	compatible_with	item_B00BFZDUPQ
item_B007OULG02	compatible_with	item_B00V84SHIE
item_B000BTBPUE	compatible_with	item_B00QNAIJ4A
item_B019407BLC	compatible_with	item_B01CYQKNT0
item_B00QGSJVZU	compatible_with	item_B012U2WXQ4
item_B00QGSJVZU	compatible_with	item_B00YE90968
item_B00PZU582K	compatible_with	item_B00VL06XYK
item_B00MJU0E6E	compatible_with	item_B00XP7D1II
item_B00FXPRJWO	compatible_with	item_B01EM5JD74
item_B00QGSJVZU	compatible_with	item_B01AW9VCW8
item_B010EAL7M0	compatible_with	item_B01F44F2GI
item_B00A6Y1U9K	compatible_with	item_B01H3EALMM
item_B000WLPWAK	compatible_with	item_B008X25SMW
item_B00Y9MH16G	compatible_with	item_B0194IUE0E
item_B005GV47YS	compatible_with	item_B01A7VLY60
item_B000WWEWAU	compatible_with	item_B00ACIFL9U
item_B00BYQK4TQ	compatible_with	item_B00XKXHMD2
item_B007HBMP1C	compatible_with	item_B00H9ZJQOA
item_B00XAT5AW6	compatible_with	item_B00XKXHMD2
item_B00SNARGZG	compatible_with	item_B01H3EALEA
item_B00OWWMVAE	compatible_with	item_B00SMJHB6C
item_B00U7LD0EU	compatible_with	item_B00V84SHIE
item_B00XKXHMD2	compatible_with	item_B014IU9WVU
item_B00SKHTQPU	compatible_with	item_B01DBGJDYI
item_B01AMKUIJA	compatible_with	item_B01D3R778Y
item_B00QFP31QE	compatible_with	item_B01CKI7B2E
item_B00WH30N2I	compatible_with	item_B01F1ROZFC
item_B00IOLLQ0U	compatible_with	item_B00XWUD32W
item_B016YU3Q50	compatible_with	item_B019752N26
item_B00KG36W80	compatible_with	item_B00V84SHIE
item_B005OB1M16	compatible_with	item_B00KT8TK9U
item_B00M1FSHJS	compatible_with	item_B00WH30N2I
item_B00KAAQEAK	compatible_with	item_B013TV8M4W
item_B0009G6BN0	compatible_with	item_B00FEMK2V6
item_B004YDS5ZG	compatible_with	item_B00GTJIHME
item_B00FBD2G2Q	compatible_with	item_B00JULWE68
item_B00800ALN8	compatible_with	item_B00XKXHMD2
item_B00V84SHIE	compatible_with	item_B01H3EB18A
item_B00HFTA6VC	compatible_with	item_B00HJQMZOC
item_B005GPI8GC	compatible_with	item_B016LJ4GBM
item_B010RA4PQM	compatible_with	item_B01DCDORCI
item_B00IN8U0WE	compatible_with	item_B018YIF56S
item_B016YKHX1S	compatible_with	item_B019JWNM18
item_B00SMJHB9Y	compatible_with	item_B018AB2VGQ
item_B00JC2YXFK	compatible_with	item_B00UV7J2HE
item_B00162CDE2	compatible_with	item_B00KOJYK44
item_B00VC1Z3RG	compatible_with	item_B01DBGJDYI
item_B005IG2MM0	compatible_with	item_B01E7Q8AVS
item_B00LE1C2V4	compatible_with	item_B0126V4NHG
item_B00B58FQ5K	compatible_with	item_B00XNEVUY0
item_B019S38JJI	compatible_with	item_B019S39BW2
item_B00O4DWD90	compatible_with	item_B010EAL7M0
item_B00CPJ2W7S	compatible_with	item_B00WH30N2I
item_B001G83PHU	compatible_with	item_B01DB9WT4Q
item_B00SUWUPFA	compatible_with	item_B01D5QTVLO
item_B00NJ1ACQ4	compatible_with	item_B00V84SHIE
item_B00PX6DNQ4	compatible_with	item_B014MCFM4K
item_B00ATMQ26A	compatible_with	item_B00SE6Z42Q
item_B000MXLYVY	compatible_with	item_B009YRM6MK
item_B008QZ1DNO	compatible_with	item_B00KZT5X26
item_B00A7Y53WE	compatible_with	item_B00BSOU1L0
item_B019752N26	compatible_with	item_B01GKFQTLC
item_B007N1BVKM	compatible_with	item_B01DIW625S
item_B00CAD7VVQ	compatible_with	item_B00LZ0IXK8
item_B005GQ2SD0	compatible_with	item_B00XXPNFME
item_B00IU1UMCW	compatible_with	item_B016LJ4GBM
item_B00B58FQ5K	compatible_with	item_B010C7LEQE
item_B00AZ6P8BK	compatible_with	item_B00XWUD32W
item_B00NJ873Q4	compatible_with	item_B01CH4GMRG
item_B00CULZDVI	compatible_with	item_B00JC2YXFK
item_B016YKHX1S	compatible_with	item_B01FSJ7EJM
item_B018CS8UIA	compatible_with	item_B01EW50FW6
item_B00COGSKKA	compatible_with	item_B00V3ML4MW
item_B004I766BS	compatible_with	item_B005GV9AEU
item_B011LTPIQO	compatible_with	item_B01CH3OLW0
item_B00D62452S	compatible_with	item_B00LF2RYG0
item_B001JPP0GE	compatible_with	item_B0196YFE60
item_B00C7FCZTU	compatible_with	item_B00ZUJ9Q8I
item_B00G4CQH9Q	compatible_with	item_B00LEUC15C
item_B00FC0QRXC	compatible_with	item_B018I887MS
item_B00SRKELDM	compatible_with	item_B00V3IJCWA
item_B0009P3L8E	compatible_with	item_B00DMW4T8C
item_B00XS6P1QG	compatible_with	item_B01AP40M7G
item_B0009GDA6G	compatible_with	item_B00JULWJLI
item_B008X25S6S	compatible_with	item_B008X25SMW
item_B00HZ4AJ64	compatible_with	item_B017WNY1FC
item_B00T2QQLJW	compatible_with	item_B00Y0734RA
item_B00TCCTY18	compatible_with	item_B013E0HGEA
item_B00K5MHETS	compatible_with	item_B00XKXHMD2
item_B00NQJ5LAQ	compatible_with	item_B00SC70IYQ
item_B00M1DAX6U	compatible_with	item_B00PKZV2Y8
item_B0009GCTLS	compatible_with	item_B00FEMK2V6
item_B003FSSP24	compatible_with	item_B004JOMWNG
item_B00O4DOA64	compatible_with	item_B01BZ5P1ES
item_B00S8Q3EJM	compatible_with	item_B01DIZKC56
item_B018X3ELZ0	compatible_with	item_B01GO0VDQO
item_B000XVPUVK	compatible_with	item_B012P2FLA4
item_B00O5I1W3M	compatible_with	item_B015AG0WM4
item_B00PXSBBJI	compatible_with	item_B00VLK2WGI
item_B00JBRB2IC	compatible_with	item_B00W4ICNGK
item_B007S9UYZW	compatible_with	item_B01B3ISSBK
item_B004I7BKZ0	compatible_with	item_B007M087O2
item_B019IBMJKU	compatible_with	item_B019RL6JB6
item_B00DR14V9U	compatible_with	item_B017WNY1FC
item_B00HESUA24	compatible_with	item_B01FQS7RSS
item_B00NYBC4FG	compatible_with	item_B00Q4LZUW2
item_B01AXGR8D2	compatible_with	item_B01CR580CU
item_B00XC09WJK	compatible_with	item_B00XWUD32W
item_B00PXSBC1U	compatible_with	item_B00PXSBGOI
item_B00B58FQ5K	compatible_with	item_B01FJI6A56
item_B00CYBIS3O	compatible_with	item_B012XOO8UI
item_B00XZ3EF0U	compatible_with	item_B017TMBW8U
item_B00DJRNWUG	compatible_with	item_B019HHGR3K
item_B00P2CJF16	compatible_with	item_B014MCFM4K
item_B00YAIA008	compatible_with	item_B01GO0VDQO
item_B000LGGBL0	compatible_with	item_B0065ECGKM
item_B00DGBVAOK	compatible_with	item_B01CWRQQ9M
item_B00VTTOGHE	compatible_with	item_B017AP8R8O
item_B011LTPIQO	compatible_with	item_B01ASQGT6E
item_B01DFK6PJ6	compatible_with	item_B01GPI9EUM
item_B00DVFWRMA	compatible_with	item_B01DDDAAJ6
item_B016UK7Y0M	compatible_with	item_B019404ZP2
item_B01E2DKX66	compatible_with	item_B01F8SRG28
item_B00X9VLR7W	compatible_with	item_B013SMA6MS
item_B00G7PRT6U	compatible_with	item_B018X7QW30
item_B000QIO4C6	compatible_with	item_B01F324FMI
item_B00XWUD32W	compatible_with	item_B016906PKS
item_B003XJRQD4	compatible_with	item_B0044UOBUW
item_B00APH4P22	compatible_with	item_B00KSFE7JC
item_B00KHYFQ7G	compatible_with	item_B01DB4M7MA
item_B00HIILFPG	compatible_with	item_B00O2O92S6
item_B000BVK0I0	compatible_with	item_B0020MMNXS
item_B00LCJP40E	compatible_with	item_B01F7YVCI2
item_B00FZR2LXM	compatible_with	item_B00ZUJ9Q8I
item_B00ZYSVD90	compatible_with	item_B019752N26
item_B011JDC7LQ	compatible_with	item_B01H3EALMM
item_B01B3HP24W	compatible_with	item_B01F27QCLQ
item_B00LLS40N8	compatible_with	item_B01C3ND116
item_B015QFPJ9K	compatible_with	item_B01H3EALMM
item_B00XW05X20	compatible_with	item_B013GE3J8G
item_B0128IZU6K	compatible_with	item_B01H9J0RB6
item_B000FGVXLY	compatible_with	item_B00SAF9W7O
item_B000G80GTQ	compatible_with	item_B006SRSZOW
item_B00VLIW7SS	compatible_with	item_B01B3HP24W
item_B00J589AKY	compatible_with	item_B00SQORTF6
item_B003MAEV28	compatible_with	item_B00XPBAKPQ
item_B00BP5BXFK	compatible_with	item_B00K730Z00
item_B00JMQ7TF2	compatible_with	item_B00N2LV1PC
item_B00FRVL6FU	compatible_with	item_B01E2DKX66
item_B00XBBAV2C	compatible_with	item_B01DDDAAJ6
item_B00IJ9GOV8	compatible_with	item_B01DTY57Q0
item_B01E9L2NAA	compatible_with	item_B01EN4KVOI
item_B0008JF9WW	compatible_with	item_B004479AWO
item_B00139IETG	compatible_with	item_B01AY81E3E
item_B008KSSN8U	compatible_with	item_B008TUUOSG
item_B011LTPIQO	compatible_with	item_B01FDCWI4K
item_B00NQJ5LAQ	compatible_with	item_B01EA28BSQ
item_B006SFRJ7S	compatible_with	item_B00M0JMWWI
item_B00YYG2WCA	compatible_with	item_B01B3HP24W
item_B00T7BV0NE	compatible_with	item_B01ET9QYXO
item_B004DNWNF0	compatible_with	item_B0157EWUDS
item_B00LE1C2V4	compatible_with	item_B014KORLNU
item_B00V84SHIE	compatible_with	item_B0132HXX6K
item_B019752N26	compatible_with	item_B01GE2WU8C
item_B018UBDFRK	compatible_with	item_B01DUQKRPI
item_B00B57MU28	compatible_with	item_B017WWTSO2
item_B015CBQ3ZW	compatible_with	item_B018YPGJRA
item_B006N1K40Q	compatible_with	item_B00CBR21FC
item_B00WVRSRSM	compatible_with	item_B019IBMJKU
item_B004WO9P56	compatible_with	item_B01A9RP7WY
item_B000BF0L6M	compatible_with	item_B01H143S5G
item_B012DYHBZ2	compatible_with	item_B013MC5U2K
item_B01CFY7V3M	compatible_with	item_B01H6DY7BQ
item_B000P0B5U4	compatible_with	item_B00KBZO8WA
item_B00NQJ5LAQ	compatible_with	item_B00WN163HI
item_B000CD1IW4	compatible_with	item_B002G9UGT8
item_B00KXU16SW	compatible_with	item_B00ZZPR2G0
item_B006TC6DY0	compatible_with	item_B0085TF7DS
item_B00L5E0QTU	compatible_with	item_B0197U40HC
item_B00NASDGCI	compatible_with	item_B01EMMB8D4
item_B00M20E91M	compatible_with	item_B00VAYKATG
item_B00HTAT6Y0	compatible_with	item_B018JWXQAQ
item_B0149MVZ8A	compatible_with	item_B016LJ4GBM
item_B00XS6P1QG	compatible_with	item_B01DBGJDYI
item_B00XKXHMD2	compatible_with	item_B01CYVBNCQ
item_B009KYL038	compatible_with	item_B00NHECBBW
item_B001TR0UZI	compatible_with	item_B00MTZBBTI
item_B00L5IZRVS	compatible_with	item_B01GU62EJM
item_B00L5E0QTU	compatible_with	item_B0108ZXFTY
item_B00KS55JN0	compatible_with	item_B00L5775XW
item_B00E1PICG4	compatible_with	item_B01CU3GN0A
item_B0111XMES0	compatible_with	item_B01CZKPW7S
item_B0094MEHL8	compatible_with	item_B00MGLMHHK
item_B009KKV0WI	compatible_with	item_B00NHECBBW
item_B00M1FSHJS	compatible_with	item_B01H30LCP6
item_B00HRNU3B4	compatible_with	item_B00I39JPSS
item_B006Z4OQ64	compatible_with	item_B017V194DO
item_B002HJ2T9W	compatible_with	item_B00XKXHMD2
item_B004CO6PY0	compatible_with	item_B00H0P8QF4
item_B00N4N2IGO	compatible_with	item_B01FUQT9EQ
item_B004LRP3IC	compatible_with	item_B00CSNXMZW
item_B00NQJ5LAQ	compatible_with	item_B01BFTAJE6
item_B00AWJ1N96	compatible_with	item_B00ED48X3A
item_B000X2T0FQ	compatible_with	item_B00BSOU1L0
item_B004I7BKZ0	compatible_with	item_B016LJ4GBM
item_B001NK1ZBY	compatible_with	item_B001NODU36
item_B01BU5AVK2	compatible_with	item_B01CCK4YXY
item_B00JC2YXFK	compatible_with	item_B013P29YUQ
item_B003BW8AQK	compatible_with	item_B00MX2DS0W
item_B002EBF6E8	compatible_with	item_B00XXPNFME
item_B00HRNU3B4	compatible_with	item_B017N5U1WQ
item_B00LE1C2V4	compatible_with	item_B00NH9OSFO
item_B00IWLE2RG	compatible_with	item_B00NHHEZJA
item_B00GJB29U8	compatible_with	item_B01F324FMI
item_B0009UL0RI	compatible_with	item_B001RTCX1W
item_B016LJ4GBM	compatible_with	item_B01B5OGJE0
item_B00IT3CO86	compatible_with	item_B013OWFFH8
item_B00XKXHMD2	compatible_with	item_B018UYVSOO
item_B00EQ5PUCS	compatible_with	item_B01BMO15OC
item_B002DMYQZ8	compatible_with	item_B01AT0K9S8
item_B00KXU16SW	compatible_with	item_B018956U88
item_B0058T3IOS	compatible_with	item_B0127XUXLS
item_B00IB6UY56	compatible_with	item_B00JULWE54
item_B00ACIFP5U	compatible_with	item_B00B81I7HI
item_B00H4NXQZM	compatible_with	item_B01H7EMBXK
item_B016YKHX1S	compatible_with	item_B016YKJHPS
item_B01B3HP24W	compatible_with	item_B01CDDR02W
item_B00BJOHLSK	compatible_with	item_B00TKH7YD0
item_B00K00U3AC	compatible_with	item_B00K00U4IS
item_B00FEMK2V6	compatible_with	item_B016K6TBX4
item_B00MGLMHHK	compatible_with	item_B01D9M1OPA
item_B0029NYPSO	compatible_with	item_B01A16XYT6
item_B00LTKY2T0	compatible_with	item_B00NBWKXZ6
item_B016YKHX1S	compatible_with	item_B01A9EUO6Q
item_B001ACKYZI	compatible_with	item_B00Q4LZUW2
item_B00Z9T6XL2	compatible_with	item_B01DBGJDYI
item_B00NJ873Q4	compatible_with	item_B01F4FB6J4
item_B00JBRB2IC	compatible_with	item_B00XSKILZA
item_B00XKXHMD2	compatible_with	item_B010MC6D42
item_B00XWUD32W	compatible_with	item_B01GQPHI8Y
item_B00XDZ2WOQ	compatible_with	item_B01GUR0O5C
item_B002459NI4	compatible_with	item_B00Q4LZUW2
item_B00KDO2NBC	compatible_with	item_B01C3ND116
item_B002IKAZWI	compatible_with	item_B00Q4LZUW2
item_B00BP4VZ8G	compatible_with	item_B01H3EALMM
item_B019SS7LE2	compatible_with	item_B01G2OOI2I
item_B00H5FXQRC	compatible_with	item_B019752N26
item_B0115HTFC0	compatible_with	item_B01B5DLI88
item_B00GUBHBRS	compatible_with	item_B00MZFV7HI
item_B000FDSKZO	compatible_with	item_B005SFZ6SI
item_B00RDDTATO	compatible_with	item_B016LJ4GBM
item_B00FGAOGOA	compatible_with	item_B01H3EALTK
item_B00F3SJQ72	compatible_with	item_B014OVJFL0
item_B004Z20XCO	compatible_with	item_B013W7M3XE
item_B016LJ4J7S	compatible_with	item_B01AOAU8FW
item_B00J0AVLTK	compatible_with	item_B01FA0DBAA
item_B005442PF0	compatible_with	item_B00FXPRJWO
item_B00EK93YXM	compatible_with	item_B00HFTA6VC
item_B00KRCBNDE	compatible_with	item_B0127XUXLS
item_B0094UEGU2	compatible_with	item_B019X6SU26
item_B005QXF4R0	compatible_with	item_B00I0MNB2Y
item_B001L0ZL16	compatible_with	item_B0085TF7DS
item_B00OD9JH6W	compatible_with	item_B00XKXHMD2
item_B004MMT706	compatible_with	item_B012XZ5LBW
item_B009SIPDYS	compatible_with	item_B00XKJ6ZUM
item_B005A0X3WW	compatible_with	item_B017WSG1QY
item_B00VHVK4W0	compatible_with	item_B019E5ALZK
item_B000783Z7A	compatible_with	item_B00PXSBBJI
item_B00IUOTWX4	compatible_with	item_B01CWG0QWG
item_B00125O2W4	compatible_with	item_B00PXSBMG0
item_B00ME9BGWQ	compatible_with	item_B014MCFM4K
item_B007GBXZIK	compatible_with	item_B00XKXHMD2
item_B00TBT826K	compatible_with	item_B016YKHX1S
item_B0043O332G	compatible_with	item_B00V84SHIE
item_B01BTEFC2Q	compatible_with	item_B01H439QI2
item_B00DGAX87I	compatible_with	item_B01DTY57Q0
item_B009FV9KGA	compatible_with	item_B016QT1V10
item_B00ZGGZRZG	compatible_with	item_B011LTPIQO
item_B000TGPR4O	compatible_with	item_B001D3GRCI
item_B000CCOIOA	compatible_with	item_B00FXPRL5O
item_B00IT3CO86	compatible_with	item_B01A7TKQQ6
item_B016LJ4GBM	compatible_with	item_B01D1R3O1U
item_B005GPI8GC	compatible_with	item_B01A7VLY60
item_B00MJU0E6E	compatible_with	item_B01GW7E0W8
item_B002IKCZ9E	compatible_with	item_B00Q4LZUW2
item_B000WLPWAK	compatible_with	item_B001IANIDM
item_B0002TOTEM	compatible_with	item_B00XWUD32W
item_B00B58FQ5K	compatible_with	item_B0162MEQUO
item_B000YQU1X6	compatible_with	item_B01HH3X0YU
item_B00N2DQKDI	compatible_with	item_B00PMQILT4
item_B0083UX704	compatible_with	item_B00XKXHMD2
item_B002DGN0CO	compatible_with	item_B01C3ND116
item_B01CU3GN0A	compatible_with	item_B01DSMRXHY
item_B00NJ873Q4	compatible_with	item_B016OV7AT2
item_B00W9E8FOI	compatible_with	item_B01551CJZM
item_B000FGVWLK	compatible_with	item_B018MRRKR8
item_B001V7UAYC	compatible_with	item_B01D1R3O1U
item_B005DMXYYY	compatible_with	item_B00XXPMJKI
item_B000JQGCT8	compatible_with	item_B00XXPNFME
item_B00NE4YJVK	compatible_with	item_B015Z4IM5A
item_B00L57P5XO	compatible_with	item_B01F3LYVO6
item_B0009G6AX6	compatible_with	item_B0010W49K4
item_B000LUU6T4	compatible_with	item_B00177IGK6
item_B0024KN006	compatible_with	item_B00DMW4T8C
item_B00I39JPSS	compatible_with	item_B00SV7BNTG
item_B0018NEGQW	compatible_with	item_B01FA0DBAA
item_B002WC89CA	compatible_with	item_B00XKXI2D6
item_B00S9VVUAQ	compatible_with	item_B01DBGJDYI
item_B00WW0F7WW	compatible_with	item_B01C3MYJMC
item_B00BBQ66FU	compatible_with	item_B00FXLCUPO
item_B004LZ46MS	compatible_with	item_B006OVMYUI
item_B015C53ZSG	compatible_with	item_B01F8VL0UE
item_B00XKXI3J4	compatible_with	item_B01BGYIG7C
item_B00P9KG8SO	compatible_with	item_B00SZ0A4H6
item_B00APXN95U	compatible_with	item_B019YE6H0E
item_B000C4UATA	compatible_with	item_B00ACIFL9U
item_B014MCFM4K	compatible_with	item_B0181Q61I4
item_B013HUKTKU	compatible_with	item_B014CKDLK4
item_B001AEZ3QG	compatible_with	item_B00D076MXE
item_B00IM3FLUQ	compatible_with	item_B010O0XX0O
item_B00FEC2K34	compatible_with	item_B00J3XHPLM
item_B003836K28	compatible_with	item_B01ATQM6JC
item_B00WWFR7RU	compatible_with	item_B01D9422WM
item_B014W13J8C	compatible_with	item_B016ECMAG4
item_B00DGJIR5W	compatible_with	item_B00KKV2MW8
item_B006SRSZR4	compatible_with	item_B00KWKXO9C
item_B0008EO5AE	compatible_with	item_B00V84SHIE
item_B00FFKL0LS	compatible_with	item_B00XDNVNUM
item_B002AHXYDQ	compatible_with	item_B00Q4LZUW2
item_B01DL3W8NO	compatible_with	item_B01H52FZ1Y
item_B00K5BL418	compatible_with	item_B00XWUD32W
item_B00NQJ5LAQ	compatible_with	item_B01D5Z67IU
item_B00W9E8FOI	compatible_with	item_B011CYSJXM
item_B004UUED5E	compatible_with	item_B01C3O6GYO
item_B000WLPWAK	compatible_with	item_B011T1F3WS
item_B00097E7R6	compatible_with	item_B0065IL5LE
item_B00LE1C2V4	compatible_with	item_B00MB4A3EQ
item_B003VRK2FW	compatible_with	item_B006FYC6CA
item_B00505DPSO	compatible_with	item_B005X07L3Q
item_B00OEEO0O0	compatible_with	item_B016AROWE6
item_B004A753LA	compatible_with	item_B01H3EALMM
item_B00CWMB52G	compatible_with	item_B01DDDAAJ6
item_B01DAGEQSC	compatible_with	item_B01FUMB2U4
item_B00NB3ZXR8	compatible_with	item_B00R0ST9XO
item_B00F3WDU1Q	compatible_with	item_B00W9E8FOI
item_B009REO5S8	compatible_with	item_B01A9RP7WY
item_B00295MQLU	compatible_with	item_B01B63W41M
item_B00O3KYA9A	compatible_with	item_B017WSG1QY
item_B000783UXO	compatible_with	item_B00PXSBGOI
item_B00LE1C2V4	compatible_with	item_B01ANE63US
item_B00Q4LZUW2	compatible_with	item_B0163CUN96
item_B001GXNM4G	compatible_with	item_B00ARCWZZE
item_B016YRTP0S	compatible_with	item_B01BI5EFWE
item_B0092XN2MO	compatible_with	item_B00QNAIJ4A
item_B00B1WAQBE	compatible_with	item_B00XWUD32W
item_B006SFRJ7S	compatible_with	item_B00BSHLZ2G
item_B00V5OVN2O	compatible_with	item_B01DBXINBU
item_B00Y1TPNKS	compatible_with	item_B013MLTA5O
item_B01DCK4SW0	compatible_with	item_B01EM86VZI
item_B0051D8J0Y	compatible_with	item_B00V84SHIE
item_B005BNJ6R4	compatible_with	item_B00HIZKH7G
item_B014IH33P4	compatible_with	item_B01AP40M26
item_B00162CDE2	compatible_with	item_B00ACIFHBM
item_B00NTBC25S	compatible_with	item_B00WH30N2I
item_B00NTOZ4RI	compatible_with	item_B01590NY2Q
item_B00ACIFLBI	compatible_with	item_B00XWUD32W
item_B000N8Q4PY	compatible_with	item_B005HO2CYQ
item_B00E1PAQMM	compatible_with	item_B0118XFD4A
item_B00HWF7JZ0	compatible_with	item_B016YKHX1S
item_B00ACIFHBM	compatible_with	item_B00E8MBTC4
item_B00S9R0LNM	compatible_with	item_B016YRTP0S
item_B000P215Q6	compatible_with	item_B00X9HIFIA
item_B011QBOO62	compatible_with	item_B011U7BX5W
item_B00XPRMBY8	compatible_with	item_B01FQS7RSS
item_B0181SIFKO	compatible_with	item_B01GO0VDQO
item_B00K5T4TIU	compatible_with	item_B00SBST4FA
item_B00C1YQHRS	compatible_with	item_B011LTPIQO
item_B003H1A0G8	compatible_with	item_B00EVLTJN8
item_B000SOPKXK	compatible_with	item_B00IL3NRRG
item_B0049T8VBS	compatible_with	item_B00OD9ZAH2
item_B008FB9XOA	compatible_with	item_B009EVMCCA
item_B0008IW19C	compatible_with	item_B012P2FLA4
item_B0012N84YS	compatible_with	item_B00YE0OU8U
item_B00XWUD32W	compatible_with	item_B01902AQ0C
item_B001E2R2M2	compatible_with	item_B002EJ55H8
item_B00KSR45ZQ	compatible_with	item_B0170MI3TU
item_B001B9XI3A	compatible_with	item_B013KZJN86
item_B00XKXHMD2	compatible_with	item_B00Y870XFS
item_B00A6A62YW	compatible_with	item_B00KYJE9AO
item_B016Y7GSHQ	compatible_with	item_B01AA95OCE
item_B000ZAISTU	compatible_with	item_B01A16XYT6
item_B00VUE6IP6	compatible_with	item_B0148WMJ9U
item_B009FV9H86	compatible_with	item_B01DOFVECK
item_B00Z9T6XL2	compatible_with	item_B01F8VL0UE
item_B000C02J8E	compatible_with	item_B00XKXHMD2
item_B00DVFWFKE	compatible_with	item_B00SZO91U8
item_B00KXU16SW	compatible_with	item_B01DQK55QY
item_B015IMDOGG	compatible_with	item_B019IBMJKU
item_B00HSTCAXQ	compatible_with	item_B01G2OOI2I
item_B01H30LCP6	compatible_with	item_B01H3B50IK
item_B019X2NGF6	compatible_with	item_B01C2TPJA2
item_B003O86LQM	compatible_with	item_B00KO7W11K
item_B00AZWYMYS	compatible_with	item_B00QNAIJ4A
item_B008LWXC4K	compatible_with	item_B00OBE0QRI
item_B003VPT3VI	compatible_with	item_B00R2XCB1Y
item_B01CGE8L3K	compatible_with	item_B01FM5FN5Y
item_B00DMW4T8C	compatible_with	item_B01GPWF6TQ
item_B00XKXHMD2	compatible_with	item_B015J9Y1EM
item_B00ACIFHBM	compatible_with	item_B00KBZOVVI
item_B016LJ5PIU	compatible_with	item_B01B3ISSBK
item_B00X9HIFIA	compatible_with	item_B00XBBMAW6
item_B00EVLTJN8	compatible_with	item_B01AJM0A3A
item_B00VLB4G48	compatible_with	item_B0131JMSCE
item_B00LPKA7PC	compatible_with	item_B01GZHVR5I
item_B00O70UZ3Q	compatible_with	item_B01AP40M26
item_B00FN39PKK	compatible_with	item_B00ZUJ9Q8I
item_B004I764VA	compatible_with	item_B0055D57CI
item_B005FYNXBY	compatible_with	item_B00XWUD32W
item_B0036E0Y5I	compatible_with	item_B00DGCI6WS
item_B00K83TLRM	compatible_with	item_B01DLU8LAG
item_B004R8PRCM	compatible_with	item_B00XBBAV2C
item_B00HK3RQ7A	compatible_with	item_B00NJ873Q4
item_B00SMJHB6C	compatible_with	item_B018AB2VGQ
item_B00VM3DOAC	compatible_with	item_B01C3O6GYO
item_B00JC2YXFK	compatible_with	item_B01FFIQ7K8
item_B017R4GGCC	compatible_with	item_B01CU3GN0A
item_B00F9S82WQ	compatible_with	item_B00FZEE2GO
item_B01331SHAW	compatible_with	item_B019DFQ83A
item_B00CN7TXZQ	compatible_with	item_B018YIF56S
item_B00NLKE2IC	compatible_with	item_B010EAL7M0
item_B00KRC2FS6	compatible_with	item_B017D0803I
item_B00B5MHK00	compatible_with	item_B01GU62EJM
item_B004I764VA	compatible_with	item_B005GVM5AQ
item_B01BTGIVU4	compatible_with	item_B01GUEASU6
item_B00S568L9S	compatible_with	item_B01AP40M26
item_B00389VKDQ	compatible_with	item_B01BMO15OC
item_B016MZPXNU	compatible_with	item_B01F8VL0UE
item_B00I39JPTM	compatible_with	item_B00SV7BNTG
item_B00YGAISMM	compatible_with	item_B01FSUTF0W
item_B00TF67E5E	compatible_with	item_B01BHR1MQK
item_B00J55FFAQ	compatible_with	item_B0131JMSCE
item_B004I766BS	compatible_with	item_B01BLONELU
item_B00JAXL1D8	compatible_with	item_B00KRYL792
item_B00DVFWFKE	compatible_with	item_B01CTZ44AK
item_B00QVCSFC6	compatible_with	item_B015WXRT12
item_B016MZPXNU	compatible_with	item_B01ESQPHWW
item_B00OBGOIL6	compatible_with	item_B00XWUD32W
item_B00DRG3VZA	compatible_with	item_B011CYSJXM
item_B00JC2YXFK	compatible_with	item_B017LJXLTE
item_B00W8V6BWA	compatible_with	item_B01E2DKX66
item_B0006U3ES4	compatible_with	item_B01F324FMI
item_B00P0FCCOM	compatible_with	item_B019X2NGF6
item_B00B81I4IU	compatible_with	item_B01CXAOGIQ
item_B00OK3P6ES	compatible_with	item_B00ZUJ9Q8I
item_B00IANGWWO	compatible_with	item_B00VHVK4W0
item_B00IYAUY9K	compatible_with	item_B00OHZEL5O
item_B00GMJ2YFW	compatible_with	item_B012XOO8UI
item_B00E8IR36E	compatible_with	item_B00XXPNFME
item_B016LJ4GBM	compatible_with	item_B019QVC2IQ
item_B011GWNL56	compatible_with	item_B016Y7GSHQ
item_B00EOK39UK	compatible_with	item_B00Y9L1LDQ
item_B00VTTOGHE	compatible_with	item_B014K7GO7Q
item_B005C9GCYC	compatible_with	item_B00B81I7HI
item_B00GGIAFRI	compatible_with	item_B00XNS6Q6I
item_B00DGN7PLK	compatible_with	item_B00MUUYIRO
item_B001BZ2JZM	compatible_with	item_B00X9HIFIA
item_B017OEW7DC	compatible_with	item_B01A7EACMY
item_B00196SJIE	compatible_with	item_B00XBBAV2C
item_B00SMJHB9Y	compatible_with	item_B015USWNYC
item_B0009W5MZM	compatible_with	item_B018I887MS
item_B005DIF40U	compatible_with	item_B00FXSINQ2
item_B009GGVX5A	compatible_with	item_B00V84SHIE
item_B0068FWNX8	compatible_with	item_B0091CC1OG
item_B014JMK0PO	compatible_with	item_B01DBGJDYI
item_B005CW068C	compatible_with	item_B00XWUD32W
item_B00O12LOLC	compatible_with	item_B015R977JU
item_B014DSN308	compatible_with	item_B018AEAS18
item_B001EB4YR4	compatible_with	item_B00SUMGC5M
item_B00E3QLVYG	compatible_with	item_B01DUQKRPI
item_B00UI6TZ70	compatible_with	item_B017NT2314
item_B00WVS7T26	compatible_with	item_B019752N26
item_B00LCJP40E	compatible_with	item_B01GK8UPH8
item_B000A38K18	compatible_with	item_B00XKXI2D6
item_B00T62RXJE	compatible_with	item_B019752N26
item_B00VUOU3BQ	compatible_with	item_B0162993QY
item_B00387EF08	compatible_with	item_B00F3SJQ72
item_B0072J71LI	compatible_with	item_B00V5YP9JW
item_B00D076MXE	compatible_with	item_B01H3FSZD8
item_B0026JCNZ8	compatible_with	item_B006YG78LI
item_B01FQS7RSS	compatible_with	item_B01FVGNARC
item_B001AWYQM0	compatible_with	item_B00J4IKNM4
item_B00295MQLU	compatible_with	item_B003IYYEB6
item_B00YIRMF18	compatible_with	item_B013E0HGEA
item_B00OV8DW9S	compatible_with	item_B00WH30N2I
item_B00STUNZ2I	compatible_with	item_B01A6LEHNI
item_B00MGLMHHK	compatible_with	item_B018JWXQAQ
item_B01CU3GN0A	compatible_with	item_B01DZVY2EK
item_B00F3SJQ72	compatible_with	item_B01GSECNH4
item_B003XFUZG8	compatible_with	item_B017D0803I
item_B013E0HGEA	compatible_with	item_B0196S5BK0
item_B012H120M0	compatible_with	item_B01EB8Y67Y
item_B01D410A2O	compatible_with	item_B01ET0FM3Q
item_B00M20E91M	compatible_with	item_B01DOFVECK
item_B00JDTRD9U	compatible_with	item_B01ETAJDWW
item_B018C3DVMK	compatible_with	item_B01BEMGH6S
item_B002GHCI0A	compatible_with	item_B00FXPRL5O
item_B00B3Z2R4I	compatible_with	item_B00CAXQV3K
item_B00RGWU7E4	compatible_with	item_B014OW3MRW
item_B0048GZASE	compatible_with	item_B018MRRKR8
item_B013MC5U2K	compatible_with	item_B01H5XT2T4
item_B00O5I1W3M	compatible_with	item_B01FX785RY
item_B00F3IDC68	compatible_with	item_B019752N26
item_B003LO1WUE	compatible_with	item_B00FXPRJWO
item_B00DH9OSRM	compatible_with	item_B00YE7R2V0
item_B00BU7ZD9K	compatible_with	item_B01FUMB2U4
item_B003D2Z80E	compatible_with	item_B013OWFFH8
item_B00O70UZ3Q	compatible_with	item_B00SAFDL4O
item_B00IWN6CAE	compatible_with	item_B017DI5F4M
item_B00EV0W8A0	compatible_with	item_B00XKSI06U
item_B008HTQ01Y	compatible_with	item_B00QGSJVZU
item_B00MBI7NNG	compatible_with	item_B01HG0U1RS
item_B002P2NJHC	compatible_with	item_B00IL3NRRG
item_B00JULWE54	compatible_with	item_B01ERLBMBI
item_B00N4N2IGO	compatible_with	item_B00UKY2KMC
item_B002APVF4S	compatible_with	item_B01F324FMI
item_B00T3X7RL0	compatible_with	item_B00Z9T6XL2
item_B0091CC1OG	compatible_with	item_B01ELSW5VI
item_B003V3ZQZW	compatible_with	item_B01A9RP7WY
item_B00KZT5X26	compatible_with	item_B00R1HBPW2
item_B016LJ4GBM	compatible_with	item_B01CNIKR04
item_B0009YL20E	compatible_with	item_B00A0HYZ54
item_B00K00U4IS	compatible_with	item_B01DWRO0VM
item_B0043O6G1Q	compatible_with	item_B009YPX112
item_B00NQJ5LAQ	compatible_with	item_B01CNLFXRS
item_B00MJU0E6E	compatible_with	item_B011U7BX5W
item_B00VHVK4W0	compatible_with	item_B019BS1Q1S
item_B00SWVKS1K	compatible_with	item_B00WV1V7RG
item_B00B58FQ5K	compatible_with	item_B01FYE0HF4
item_B00XWUD32W	compatible_with	item_B01GETO222
item_B013SEP6FS	compatible_with	item_B01CTNFTVA
item_B00F0T5M72	compatible_with	item_B013RMMWMG
item_B0182G3RB2	compatible_with	item_B0182GKIOQ
item_B004LWZR38	compatible_with	item_B006OVMYUI
item_B008H81AFQ	compatible_with	item_B00OIWIEDG
item_B004MMT706	compatible_with	item_B00Q6BSE9G
item_B00WH30N2I	compatible_with	item_B01CHBEF96
item_B013H93H3C	compatible_with	item_B016HE3RUM
item_B01C2OA18C	compatible_with	item_B01FVZH0EM
item_B00BY4FT16	compatible_with	item_B00U24DCDG
item_B00JC10A1M	compatible_with	item_B01CXPBSGE
item_B00IWN6CAE	compatible_with	item_B00V29PYFE
item_B00LA8GCF8	compatible_with	item_B01FA0DBAA
item_B00CBLTGB0	compatible_with	item_B00XWUD32W
item_B008TUUOSG	compatible_with	item_B00D2IHKVO
item_B00FXLCUPO	compatible_with	item_B00PBIM2QG
item_B00PFWR3UI	compatible_with	item_B00TZGR3DW
item_B00NAWV0OA	compatible_with	item_B00XXPNFME
item_B006WCLP18	compatible_with	item_B00ZUJ9Q8I
item_B0009MM34U	compatible_with	item_B00139IETG
item_B000VKVDZU	compatible_with	item_B00FEMK2V6
item_B0058YTPO0	compatible_with	item_B00APXN95U
item_B00ACIGWI4	compatible_with	item_B00XWUD32W
item_B0009JQ99I	compatible_with	item_B00O12LOLC
item_B00NQJ5LAQ	compatible_with	item_B0170U508E
item_B00Z9T6XL2	compatible_with	item_B01GHRWFN4
item_B015QIERD6	compatible_with	item_B01DDDAAJ6
item_B00KQ2R3NE	compatible_with	item_B00XBBAV2C
item_B002Y5JAZU	compatible_with	item_B00STUNZ2I
item_B00JC2YXFK	compatible_with	item_B00OIMYYKI
item_B01AP40M26	compatible_with	item_B01FDMLXC8
item_B00AERJVB8	compatible_with	item_B00FR9LTPY
item_B0009X47N4	compatible_with	item_B00SAF9W7O
item_B00TKXMCEK	compatible_with	item_B00XWUD32W
item_B005GV4JJQ	compatible_with	item_B016LJ4GBM
item_B00EYPWYM4	compatible_with	item_B01GJ1Q368
item_B00XZ3EF0U	compatible_with	item_B01GGOC4A2
item_B002G9UGT8	compatible_with	item_B003LO1WUE
item_B0025YVBMA	compatible_with	item_B00KBZOB40
item_B00NJ873Q4	compatible_with	item_B00Y1TPNKS
item_B004CO51QI	compatible_with	item_B00ACIFI70
item_B00YHY0492	compatible_with	item_B01325Q0VC
item_B0182G7G3M	compatible_with	item_B01H3CSYOQ
item_B00AAQ3ZTW	compatible_with	item_B011LTPIQO
item_B004W5TQA4	compatible_with	item_B00KIDBKXA
item_B00G5N5VNW	compatible_with	item_B00XKXHMD2
item_B00193CZO6	compatible_with	item_B01DUQUIG6
item_B018Q45OI4	compatible_with	item_B01CSEYHUO
item_B0012G6KX2	compatible_with	item_B01793ZOXI
item_B00589DHLC	compatible_with	item_B007AK1MPU
item_B00FLXDYU4	compatible_with	item_B013DK5ECC
item_B004I764VA	compatible_with	item_B00ET1V69A
item_B00QNAIJ4A	compatible_with	item_B0193H249A
item_B00ADCB7C0	compatible_with	item_B00HRNU3B4
item_B00NZ3G8SW	compatible_with	item_B00R4TJJOS
item_B00NVPCLJE	compatible_with	item_B00SMJHB9Y
item_B00KIH3UW0	compatible_with	item_B00QI7CQ1K
item_B002HIBU9S	compatible_with	item_B003BS2WKO
item_B00MJU0E6E	compatible_with	item_B00NNMFE76
item_B00IUOTWX4	compatible_with	item_B00M8B3IFI
item_B00LA8GCF8	compatible_with	item_B00OO27QWK
item_B00P6VAWAQ	compatible_with	item_B00XKXI3WG
item_B00D95J1H6	compatible_with	item_B01FUMB2U4
item_B00LKW2RQC	compatible_with	item_B015IWATUA
item_B000VVY6JO	compatible_with	item_B012P2FLA4
item_B000PHG4WQ	compatible_with	item_B00QNAIJ4A
item_B009FRJO60	compatible_with	item_B00N2DQKDI
item_B016OT9B8C	compatible_with	item_B01E13XYVS
item_B00MBIBZ12	compatible_with	item_B00O4DWD90
item_B00P53L9OI	compatible_with	item_B016PY2RP0
item_B00ARH8C9M	compatible_with	item_B00DVDYCNO
item_B00AHXIC96	compatible_with	item_B00C45ZIWE
item_B006MGE3SQ	compatible_with	item_B00FXPRL5O
item_B000CSO4AC	compatible_with	item_B005IG2MM0
item_B014MCFM4K	compatible_with	item_B01G2WSBNC
item_B000TGPR4O	compatible_with	item_B00274HYC4
item_B00QGSJVZU	compatible_with	item_B00VWV5XQC
item_B0018OOF6M	compatible_with	item_B015SR0UEA
item_B00CMYYALM	compatible_with	item_B00KXU16SW
item_B0118XFD4A	compatible_with	item_B01DBGJDYI
item_B004I766BS	compatible_with	item_B005GV8O9M
item_B013JWIICW	compatible_with	item_B019S38JJI
item_B00ZQW1PRO	compatible_with	item_B017XCZX18
item_B00EK93YXM	compatible_with	item_B0118XFD4A
item_B00KBZO8WA	compatible_with	item_B00P31I3KU
item_B000J6ZYMY	compatible_with	item_B00KBZOB40
item_B00KDDUPCM	compatible_with	item_B00XKXHMD2
item_B00EINO1A0	compatible_with	item_B00XKXHMD2
item_B015KBM056	compatible_with	item_B01HH3X0YU
item_B00245YNA2	compatible_with	item_B00IL3NRRG
item_B00OXPXT4W	compatible_with	item_B019GQ5E5O
item_B015KC2IHU	compatible_with	item_B017NT2314
item_B015SSQCO6	compatible_with	item_B01BMO15OC
item_B000PHI5AA	compatible_with	item_B00B58FQ5K
item_B0156GCLD6	compatible_with	item_B016ZQA7XC
item_B0019MLZL6	compatible_with	item_B00D076MXE
item_B005GVDA00	compatible_with	item_B015G5SQ4A
item_B00OLOYY26	compatible_with	item_B00V84SHIE
item_B00914CVB2	compatible_with	item_B00XXPMJKI
item_B00I544SQU	compatible_with	item_B00WH30N2I
item_B00ARBSMR0	compatible_with	item_B00YX8PER4
item_B00VLUTR2A	compatible_with	item_B0170ACXF2
item_B01FCYA2TW	compatible_with	item_B01GE2ZGYW
item_B00004U1J2	compatible_with	item_B00CL8M6HE
item_B010NV1A9U	compatible_with	item_B01DS6GZYM
item_B0012MR6G6	compatible_with	item_B00XXPMJKI
item_B0000TW8UG	compatible_with	item_B01EDI9U2S
item_B00KC69UR6	compatible_with	item_B01E2DKX66
item_B00XH98VO8	compatible_with	item_B00XKXI3WG
item_B00543Z8KK	compatible_with	item_B00FXPRL5O
item_B00H2SPZPI	compatible_with	item_B00UAD50NE
item_B0037Z38DQ	compatible_with	item_B019752N26
item_B00W8FQYKK	compatible_with	item_B00YYONAQE
item_B00JWURVRY	compatible_with	item_B00JWV3XX4
item_B000A38JVY	compatible_with	item_B00XKXI2D6
item_B00K2IT5NI	compatible_with	item_B00M4MBHLS
item_B00YYONAQE	compatible_with	item_B010O0XX0O
item_B00NYQ048K	compatible_with	item_B00UCVW3O8
item_B006SFRJ7S	compatible_with	item_B00KX859CI
item_B0007WZZYC	compatible_with	item_B01A16XYT6
item_B001D1H6UW	compatible_with	item_B00N2LV1PC
item_B007BLNGRK	compatible_with	item_B00NHECBBW
item_B01D8N1L94	compatible_with	item_B01H3EALMM
item_B00E4XQ72Y	compatible_with	item_B00JULWJLI
item_B00SAFDL4O	compatible_with	item_B013X04PDG
item_B0009YL20E	compatible_with	item_B005XEIWX0
item_B00H38FG4C	compatible_with	item_B00XLV4AUQ
item_B00075ZYTK	compatible_with	item_B00KOJYK44
item_B001AQHNGC	compatible_with	item_B00FXPRJWO
item_B007EFM16K	compatible_with	item_B00CIYB75S
item_B00LURFGH4	compatible_with	item_B01FQS7RSS
item_B00UW7EWRS	compatible_with	item_B00V84SHIE
item_B001K2MY42	compatible_with	item_B01AK98V6A
item_B00KWF8YHE	compatible_with	item_B011LTPIQO
item_B01G3BE8SO	compatible_with	item_B01GDQHFAC
item_B00NVE5S4U	compatible_with	item_B00QEZ05ZU
item_B007D4L1JA	compatible_with	item_B00RDFLUQI
item_B014CWWJ28	compatible_with	item_B01C3CV1P0
item_B010RIZFFY	compatible_with	item_B01E69PJFG
item_B00180R7RA	compatible_with	item_B00KIZF1VU
item_B000IO7XN0	compatible_with	item_B0153AR7DE
item_B00VJL4Y1A	compatible_with	item_B01AB25C4K
item_B00HU1XVHQ	compatible_with	item_B00MBI7NNG
item_B0001YS6F6	compatible_with	item_B00FXPRJWO
item_B00K83TN7U	compatible_with	item_B01E99KV0Q
item_B00V84SHIE	compatible_with	item_B012OUSEHE
item_B00IPKMQ72	compatible_with	item_B00XKXHMD2
item_B015H4F5HQ	compatible_with	item_B01FVTFIFG
item_B014PCQLXS	compatible_with	item_B01H6DY7BQ
item_B007PEOVWW	compatible_with	item_B00XXPNFME
item_B00ICSY9AY	compatible_with	item_B00NIMYVJ8
item_B0007KPPAS	compatible_with	item_B00IL3NRRG
item_B009LINGLC	compatible_with	item_B00SMJHB6C
item_B015H4F5HQ	compatible_with	item_B01FZ6NJEW
item_B0127XUXLS	compatible_with	item_B01GGWRQCK
item_B001TR0UZI	compatible_with	item_B005V0WA4I
item_B00NBWKXZ6	compatible_with	item_B00PZU582K
item_B00NG2KAZO	compatible_with	item_B019IBMJKU
item_B00E9TLO8A	compatible_with	item_B00VUJTQCI
item_B001BZ2K2Y	compatible_with	item_B00NHECBBW
item_B006SRT0V4	compatible_with	item_B00FXPRJWO
item_B00PC5SEYM	compatible_with	item_B0156GCLD6
item_B004K3ZFJ4	compatible_with	item_B00DVFWFKE
item_B003YHQQOA	compatible_with	item_B0050SPCMI
item_B00KBZOB40	compatible_with	item_B00ZIYFGRK
item_B00YHSYJT4	compatible_with	item_B01D410A2O
item_B000OWBG0C	compatible_with	item_B00W6EW2KE
item_B00O4DVFP8	compatible_with	item_B01BZ5V4K8
item_B00I1SVMAK	compatible_with	item_B01762MD0E
item_B004I79ZC0	compatible_with	item_B00K16T37Y
item_B00KDEQY62	compatible_with	item_B011LTPIQO
item_B00246B11A	compatible_with	item_B01H7EMBXK
item_B01713DX0C	compatible_with	item_B01HH3X0YU
item_B013HDY47Q	compatible_with	item_B01AQO0JMI
item_B000U858UO	compatible_with	item_B00PXSBGR0
item_B000F43IL4	compatible_with	item_B001I15G4K
item_B002QB0UTW	compatible_with	item_B00APXN95U
item_B00COEGSCE	compatible_with	item_B01DL3W8NO
item_B005GQAFEY	compatible_with	item_B00XKXHMD2
item_B00914CVB2	compatible_with	item_B00NASDGCI
item_B010USSWOC	compatible_with	item_B01H4VF8EA
item_B005C9G6R0	compatible_with	item_B00KBZO8WA
item_B00K034PL2	compatible_with	item_B00WQ7HY2M
item_B00Q4LZUW2	compatible_with	item_B01BZ5P1ES
item_B00603WQ9O	compatible_with	item_B00F4N0QR0
item_B00FYEVN3A	compatible_with	item_B00O4DOA64
item_B004URL602	compatible_with	item_B0195TS968
item_B017ULEI9U	compatible_with	item_B01AFNDPBW
item_B00KRYL7CE	compatible_with	item_B00SF969I0
item_B000WLPWAK	compatible_with	item_B003DZ0BMG
item_B00IT2LUNW	compatible_with	item_B01E61CD1C
item_B00ZBBUKFS	compatible_with	item_B01C3ND116
item_B00CP4VATE	compatible_with	item_B00L5E0NQG
item_B00KJ9Z4RQ	compatible_with	item_B00Z5OMBTO
item_B00IUOTWX4	compatible_with	item_B018826L9U
item_B0064Y4JLM	compatible_with	item_B01DTY57Q0
item_B00F9CR2N2	compatible_with	item_B01610O85K
item_B00QVCSFC6	compatible_with	item_B01GP0Y18A
item_B00F3SJQ72	compatible_with	item_B00HG7HM8I
item_B0075ILFIQ	compatible_with	item_B00KR9SEO8
item_B001K2Q6WI	compatible_with	item_B00XKXI2D6
item_B006SFRMRU	compatible_with	item_B00N2YDJFO
item_B013JF7MCQ	compatible_with	item_B01AP40M7G
item_B002458BUK	compatible_with	item_B00Q4LZUW2
item_B006SRT1WC	compatible_with	item_B00FXPRL5O
item_B00CBE1KDO	compatible_with	item_B00CHNMU1U
item_B005FQI6X2	compatible_with	item_B00XKXHMD2
item_B00SQORTF6	compatible_with	item_B01H72PUZS
item_B00XKJ6ZUM	compatible_with	item_B01CNNTDD6
item_B00JBHLGYM	compatible_with	item_B01BGLVIGQ
item_B0072JAMS2	compatible_with	item_B00B58FQ5K
item_B00NGPM7F2	compatible_with	item_B016BA97CY
item_B01D1WN8PM	compatible_with	item_B01H3EALEA
item_B00B58FQ5K	compatible_with	item_B00N1L2XT6
item_B00L84O9N6	compatible_with	item_B017V194DO
item_B000CBUIYK	compatible_with	item_B00XWUD32W
item_B00TRCIDM4	compatible_with	item_B01B3HP24W
item_B004S8EGPU	compatible_with	item_B012XZ5LBW
item_B00DMW4T8C	compatible_with	item_B0175EJ6US
item_B000OVHWEW	compatible_with	item_B000RB2H3K
item_B000BWLW68	compatible_with	item_B001PUHOAI
item_B000K7EOC8	compatible_with	item_B014MCFM4K
item_B00JULWE68	compatible_with	item_B00XKXHMD2
item_B00CM8X9F6	compatible_with	item_B00I14WP78
item_B00805IQO4	compatible_with	item_B00X9HIFIA
item_B00NJ873Q4	compatible_with	item_B018K4EFMG
item_B005I4NL54	compatible_with	item_B00V3ML56W
item_B00V84SHIE	compatible_with	item_B0132HUZVG
item_B00EDRZC18	compatible_with	item_B00Q4LZUW2
item_B00MJU0E6E	compatible_with	item_B012BLC1DO
item_B00YT5YUJY	compatible_with	item_B01FUMB2U4
item_B0043029D4	compatible_with	item_B00W8C66JW
item_B004SW9MW8	compatible_with	item_B00XKXHMD2
item_B011LTPIQO	compatible_with	item_B01CTGJ238
item_B011L5J53K	compatible_with	item_B01GME2VHM
item_B00ZUJ9Q8I	compatible_with	item_B01F324FMI
item_B0026NEAAK	compatible_with	item_B00Q4LZUW2
item_B005BNJ55M	compatible_with	item_B00SMJHB6C
item_B00U6DXQSY	compatible_with	item_B01B6G8BKC
item_B00MPXF6K4	compatible_with	item_B00QHMU6UE
item_B005GVQ0D4	compatible_with	item_B00M20E91M
item_B019CI3P16	compatible_with	item_B01FNUPOF2
item_B01AUJGLLW	compatible_with	item_B01H468ZCW
item_B00IM3FLUQ	compatible_with	item_B00MM77QEM
item_B00Y0K22Z2	compatible_with	item_B011LTPIQO
item_B00E9T93XS	compatible_with	item_B0156GCLD6
item_B001GUN1PY	compatible_with	item_B00FXPRL5O
item_B00NAFDLI0	compatible_with	item_B00NUF98XM
item_B00XHR9NOW	compatible_with	item_B01FFB6Q10
item_B00L5FY6HC	compatible_with	item_B018TJB8P4
item_B00QXV788M	compatible_with	item_B013PX67JG
item_B010USSWOC	compatible_with	item_B01CM9T16U
item_B0001YRYIG	compatible_with	item_B00XKXI3J4
item_B00V5Y5V8G	compatible_with	item_B01B5OGJE0
item_B00DGAX87I	compatible_with	item_B00WH30N2I
item_B00S0HGLXK	compatible_with	item_B00Z57P92C
item_B0065ECGKM	compatible_with	item_B00U2DIVPG
item_B00VGU8S6Q	compatible_with	item_B019752N26
item_B00XKXYLYK	compatible_with	item_B01F324FMI
item_B014MCFM4K	compatible_with	item_B01DDP5IH8
item_B019752N26	compatible_with	item_B01EU8X086
item_B00X6OALDI	compatible_with	item_B00Z9T6XL2
item_B00KBZOB40	compatible_with	item_B014VXCOSM
item_B00JPQ5WZ8	compatible_with	item_B016YRTP0S
item_B00PXYBBB0	compatible_with	item_B0118XFD4A
item_B0092TB8HY	compatible_with	item_B00ZGGZRZG
item_B00ZUJ9Q8I	compatible_with	item_B01F0B9IVK
item_B005GV96BC	compatible_with	item_B01FUMB2U4
item_B015PZ7NH2	compatible_with	item_B01GO0VDQO
item_B018LLBO9A	compatible_with	item_B019IBMJKU
item_B00LCJP40E	compatible_with	item_B01EYLJCR2
item_B0018OOF6M	compatible_with	item_B009XB608I
item_B001CCURAS	compatible_with	item_B00XLV4AUQ
item_B004WY8PMU	compatible_with	item_B005HO2CYG
item_B00LE1C2V4	compatible_with	item_B00VUOU3BQ
item_B017V194DO	compatible_with	item_B01CT9E52S
item_B0019KDQRE	compatible_with	item_B018I887MS
item_B011LTPIQO	compatible_with	item_B016BUC5KA
item_B00GUBHBRS	compatible_with	item_B01G4OIVPG
item_B00403MB5K	compatible_with	item_B008YWF7OU
item_B00F3SJQ72	compatible_with	item_B00FA1MMW8
item_B001LNR1WU	compatible_with	item_B016YKHX1S
item_B00N4N2IGO	compatible_with	item_B00ZX86EA4
item_B00JB8OYYU	compatible_with	item_B00V0G9220
item_B007JA9KL4	compatible_with	item_B01CCP1JU0
item_B00VC1Z3RG	compatible_with	item_B013SEP6FS
item_B0152R74K4	compatible_with	item_B01ANHD3GW
item_B00PF6YKSW	compatible_with	item_B0156GCLD6
item_B008X25S9U	compatible_with	item_B00EV5D8ZO
item_B004I45MF2	compatible_with	item_B00JV2A332
item_B00HM1098S	compatible_with	item_B011WRP8KG
item_B003A260UE	compatible_with	item_B008X25S9U
item_B0097M8WKW	compatible_with	item_B00XWUD32W
item_B0105SJXA4	compatible_with	item_B01AYQY8RU
item_B011LTPIQO	compatible_with	item_B01ENQ2RR0
item_B00CNI0L10	compatible_with	item_B00XKXHMD2
item_B00RGWU7E4	compatible_with	item_B01ESQPHWW
item_B000LO73PA	compatible_with	item_B016YKHX86
item_B005PHBV74	compatible_with	item_B00FIK4UBC
item_B00C57A5XI	compatible_with	item_B00KBZO8WK
item_B017MHDG1S	compatible_with	item_B01CIX3FL2
item_B01FYFPH58	compatible_with	item_B01FYI4WC4
item_B002G9UEG8	compatible_with	item_B00FXPRL5O
item_B00CAA1VNS	compatible_with	item_B00KQF4W3A
item_B00F3SJQ72	compatible_with	item_B00GW7X5NO
item_B00N4N2IGO	compatible_with	item_B01EXD5CLQ
item_B000OWBG0C	compatible_with	item_B00I77CRAO
item_B005GQAHJ2	compatible_with	item_B00PXSBGOI
item_B00LE1C2V4	compatible_with	item_B01CNE7XWI
item_B016YKHX86	compatible_with	item_B0170ADE7I
item_B00LZET7UY	compatible_with	item_B00MJU0E6E
item_B001GBLMIG	compatible_with	item_B00T6HSKUK
item_B001T9O47G	compatible_with	item_B004479AWO
item_B000WH1XTS	compatible_with	item_B00XXPNFME
item_B004LA871O	compatible_with	item_B01HAGXX8C
item_B010E1TOI8	compatible_with	item_B01DX7KSZ8
item_B001JMAJR2	compatible_with	item_B00PXSBGOI
item_B00BBQ66FU	compatible_with	item_B01DUQKRPI
item_B000O7ITWU	compatible_with	item_B00WW6YJG6
item_B004NN9QBY	compatible_with	item_B00XKXI3J4
item_B00KBZOB40	compatible_with	item_B01H0YZAQM
item_B002WHY7QM	compatible_with	item_B019407BLC
item_B00JULWE54	compatible_with	item_B01G5P01RA
item_B00XZ3EF0U	compatible_with	item_B01E6POSZM
item_B00HRNU3B4	compatible_with	item_B00KJJNY0A
item_B00U5LAC84	compatible_with	item_B00Z9T6XL2
item_B005GCBEZC	compatible_with	item_B00LG6DAFO
item_B00S8G3ANM	compatible_with	item_B015YLIU10
item_B000GTPVI6	compatible_with	item_B00XYTJ7SA
item_B018Y7PMKS	compatible_with	item_B01DONFQ4Y
item_B00UPG1A3A	compatible_with	item_B019IBMJKU
item_B00NQJ5LAQ	compatible_with	item_B01BBXL5RG
item_B00GTJIHME	compatible_with	item_B015VZ3ZVO
item_B00K0WMCPO	compatible_with	item_B00LPQXVFE
item_B00LE1C2V4	compatible_with	item_B010P4LAZY
item_B005M9JALO	compatible_with	item_B00K6006ZI
item_B012XOO8UI	compatible_with	item_B0131JN0YE
item_B014Y8R8UI	compatible_with	item_B01ALNY3O4
item_B01CH4GMRG	compatible_with	item_B01DMY9P1A
item_B01AP40M26	compatible_with	item_B01AP40M7G
item_B00VRQYEI0	compatible_with	item_B0195BRO9E
item_B00CU6S662	compatible_with	item_B00CU6S680
item_B000GYL464	compatible_with	item_B00IUOTWX4
item_B00080QZCY	compatible_with	item_B00FEMK2V6
item_B00NQJ5LAQ	compatible_with	item_B01CZ2KY7Y
item_B00WEAE41K	compatible_with	item_B01ESQPHWW
item_B0009UL0RI	compatible_with	item_B00M2G12RK
item_B00BBT9K0U	compatible_with	item_B00V84SHIE
item_B00E1ZPAG4	compatible_with	item_B014MCYPRU
item_B00004U1J2	compatible_with	item_B000VKVDZU
item_B00FZEE2GO	compatible_with	item_B0116JXRU8
item_B00JULWE54	compatible_with	item_B00LGRXS8W
item_B0078ZPPZ0	compatible_with	item_B00XKSI06U
item_B000AI2JVK	compatible_with	item_B00TKVQM7K
item_B00QLCUTGG	compatible_with	item_B015RJWTNY
item_B000G5TGCC	compatible_with	item_B00D076MXE
item_B012S6RS76	compatible_with	item_B01H6YB182
item_B00LKW2S3E	compatible_with	item_B00UYJPR82
item_B001LPHL9G	compatible_with	item_B00IW3MEL0
item_B001B11ETS	compatible_with	item_B00JULWJLI
item_B00FLXDYU4	compatible_with	item_B00LAU1AVM
item_B01AFUXXA8	compatible_with	item_B01E7Q8AVS
item_B00B58FQ5K	compatible_with	item_B00TM0SX08
item_B00G364OXE	compatible_with	item_B00N4N2IGO
item_B00180R7RA	compatible_with	item_B013PUQOBK
item_B0059WCB2Y	compatible_with	item_B00IY8MNSW
item_B00FSWJESO	compatible_with	item_B00KRYL7CE
item_B000IBH874	compatible_with	item_B00FXPRL5O
item_B00PHA552G	compatible_with	item_B00PJII6AY
item_B00O72IPCC	compatible_with	item_B00WF2MFU4
item_B016O5XTV6	compatible_with	item_B019IBMJKU
item_B00ACIFL9U	compatible_with	item_B00XWUD32W
item_B00K2XIQHO	compatible_with	item_B00XXPNFME
item_B008J0BM1E	compatible_with	item_B01FHDSL4Q
item_B00CW9HABE	compatible_with	item_B01E0SUB10
item_B00Q4LZUW2	compatible_with	item_B012O4BD6O
item_B00QGSJVZU	compatible_with	item_B00XPFFY1C
item_B001D09RXM	compatible_with	item_B00N4N2IGO
item_B01FQS7RSS	compatible_with	item_B01GE8ZQZA
item_B002I51ILA	compatible_with	item_B00WG2YPHY
item_B00STUNZ2I	compatible_with	item_B017P2Y7CM
item_B00CLJGLRO	compatible_with	item_B0156GCLD6
item_B00E58WOZW	compatible_with	item_B019X2NGF6
item_B00O2UCPBQ	compatible_with	item_B00P3ASWQQ
item_B000GGO5OU	compatible_with	item_B002GE5SK0
item_B01A9RP7WY	compatible_with	item_B01FSUTF0W
item_B00FT72MG4	compatible_with	item_B010EAL7M0
item_B0001YR52Q	compatible_with	item_B0009UL0RI
item_B011I11TVS	compatible_with	item_B018RD5V6Y
item_B00APXN95U	compatible_with	item_B014128YZU
item_B0012M0A5U	compatible_with	item_B00XKXHMD2
item_B00GYZYHPO	compatible_with	item_B017D0803I
item_B00IU1UMCW	compatible_with	item_B016YKHXL8
item_B00KV85V9Q	compatible_with	item_B015N5TK2K
item_B00LIRZYJQ	compatible_with	item_B01H7EMBXK
item_B00MBI7NNG	compatible_with	item_B01CLEXH0W
item_B0001YRYOK	compatible_with	item_B00XKXHMD2
item_B00G7N0TLE	compatible_with	item_B01942W59S
item_B00CFU72ZO	compatible_with	item_B01C3ND116
item_B003S0IOTI	compatible_with	item_B008YWF7OU
item_B008WOMB6W	compatible_with	item_B00FXLCUPO
item_B01CPUSOSC	compatible_with	item_B01FUMB2U4
item_B000HOSFDI	compatible_with	item_B019407BLC
item_B0000DCS5T	compatible_with	item_B00FXPRJWO
item_B003LVYEOI	compatible_with	item_B00XKSI06U
item_B00SQB0GYK	compatible_with	item_B00SZNUD8S
item_B01B3ISSBK	compatible_with	item_B01DOHFXH0
item_B01CHBEF96	compatible_with	item_B01EQRAAU2
item_B00GTJIHME	compatible_with	item_B00ZJW09BO
item_B00LE1C2V4	compatible_with	item_B015DKSR5Q
item_B017SMX3P6	compatible_with	item_B0185GOM2M
item_B000G0P4ZK	compatible_with	item_B00V84SHIE
item_B00ZUJ9Q8I	compatible_with	item_B0185NFGXE
item_B000JVMG4I	compatible_with	item_B008C7BVBA
item_B00J3TGW6A	compatible_with	item_B013E0HGEA
item_B001T8MAK0	compatible_with	item_B01FUMB2U4
item_B01AD2O6V8	compatible_with	item_B01AP40M7G
item_B00IKMOBOG	compatible_with	item_B00Q4LZUW2
item_B00O12LOLC	compatible_with	item_B00OE9W6V4
item_B003CBMXJ0	compatible_with	item_B01EH14W24
item_B0183SZ1S6	compatible_with	item_B01FCYMHLS
item_B015C53ZSG	compatible_with	item_B01890QD8K
item_B0009YL20E	compatible_with	item_B004VHEP6I
item_B009XB608I	compatible_with	item_B00GAPACC0
item_B0050SPCMI	compatible_with	item_B015GCNOUE
item_B01711AFIM	compatible_with	item_B01F8VL0UE
item_B0012FNQIK	compatible_with	item_B00BRDBCMO
item_B00XWUD32W	compatible_with	item_B01D1QG6G6
item_B004UOO6I4	compatible_with	item_B00KBZO8WK
item_B01BYJI42G	compatible_with	item_B01GA82Q16
item_B008B81LP6	compatible_with	item_B013H93H3C
item_B00B58FQ5K	compatible_with	item_B00U7Y19MC
item_B00CKGBAQU	compatible_with	item_B013W7M3XE
item_B016YKHX86	compatible_with	item_B01ARZDWDY
item_B00S0HGLXK	compatible_with	item_B012N5BYZY
item_B00RKZI6BI	compatible_with	item_B013E0HGEA
item_B008YWF7OU	compatible_with	item_B016OT9B8C
item_B0013KGG9K	compatible_with	item_B017XCZX18
item_B00YEDR4LM	compatible_with	item_B01C2K54LA
item_B0195I8EGO	compatible_with	item_B01H30LCP6
item_B011AHYTWG	compatible_with	item_B01DAHZ8PQ
item_B00I8JEVO6	compatible_with	item_B00KRYL792
item_B009E3254I	compatible_with	item_B00UAD50NE
item_B00XJS5XFM	compatible_with	item_B018QC4HHU
item_B0014H2650	compatible_with	item_B00JULWE54
item_B00KFTKELQ	compatible_with	item_B00WKKSI7U
item_B00AKYPE20	compatible_with	item_B00D3F78KY
item_B00B58FQ5K	compatible_with	item_B00VKNZS5S
item_B000LMRFX2	compatible_with	item_B00526UXMC
item_B00V84SHIE	compatible_with	item_B01CSDQNB6
item_B00Q0BHE16	compatible_with	item_B01AKXCLGC
item_B00Q4N3KOK	compatible_with	item_B018770HXW
item_B00F9S819U	compatible_with	item_B00F9S84AQ
item_B002VLZH5E	compatible_with	item_B00KOJYK44
item_B00JWURVRY	compatible_with	item_B015H05976
item_B01ABRA6HI	compatible_with	item_B01DPFZRXQ
item_B002HEX1KS	compatible_with	item_B00XKXHMD2
item_B00JHDGRRG	compatible_with	item_B01GDZKXZM
item_B000RE4RB2	compatible_with	item_B00XNS6Q6I
item_B00YZJZTYO	compatible_with	item_B01F8VL0UE
item_B000A2K55I	compatible_with	item_B01CX5G7M4
item_B000FXSUPE	compatible_with	item_B00FXPRJWO
item_B005BCM348	compatible_with	item_B00XKXHMD2
item_B00V84SHIE	compatible_with	item_B01AG9HYRG
item_B00S8G387A	compatible_with	item_B015YLIU10
item_B00XKXHMSM	compatible_with	item_B0174V9JVI
item_B00Q4LZUW2	compatible_with	item_B01D24ALBI
item_B00I87JJ9K	compatible_with	item_B00JD0WMM2
item_B012PQEWFK	compatible_with	item_B012UOSYQK
item_B00TF6B7XY	compatible_with	item_B019S38JJI
item_B00APXN95U	compatible_with	item_B016C5EMEQ
item_B00TPZ83S2	compatible_with	item_B016LJ4GBM
item_B01520UMFA	compatible_with	item_B019407BLC
item_B00APXN95U	compatible_with	item_B0192BK6I8
item_B00V84SHIE	compatible_with	item_B0131JN0YE
item_B00XXPNFME	compatible_with	item_B01DDDAAJ6
item_B00QI7CQ1K	compatible_with	item_B01A9OL2HQ
item_B00BMK8M9I	compatible_with	item_B00FXLCUPO
item_B00SQ92M0I	compatible_with	item_B00XKXI3WG
item_B008C7BVBA	compatible_with	item_B00CRHG6SE
item_B00LJ2FGPC	compatible_with	item_B00NB2N4W0
item_B005CSNWCI	compatible_with	item_B00AHRDLAW
item_B007GBWF2C	compatible_with	item_B00XKXHMD2
item_B00D076MXE	compatible_with	item_B01FSITIW4
item_B017LRFCN4	compatible_with	item_B017LTPFYS
item_B017LQGXVA	compatible_with	item_B01EZN27X0
item_B001KFWKXO	compatible_with	item_B00HIZKH7G
item_B008X25S6S	compatible_with	item_B008X27GYU
item_B0091CMZWE	compatible_with	item_B00W9E8FOI
item_B015DET3PK	compatible_with	item_B019752N26
item_B003021ZSQ	compatible_with	item_B00941HG6M
item_B00B58FQ5K	compatible_with	item_B00IM57INM
item_B00Z9T6XL2	compatible_with	item_B01GAC67JE
item_B00RO1WQ6O	compatible_with	item_B00V84SHIE
item_B001JMAJR2	compatible_with	item_B00PXSBGR0
item_B00MN7REHA	compatible_with	item_B01E5EX2NS
item_B00NUICQAG	compatible_with	item_B01G2OOI2I
item_B00WE4FZ1O	compatible_with	item_B00X3RZIK4
item_B00FNR2FOY	compatible_with	item_B018MRRKR8
item_B00ZAL4W5S	compatible_with	item_B011THUJL2
item_B00V84SHIE	compatible_with	item_B01FYR2QKU
item_B018Y4KYW2	compatible_with	item_B01HCUODWG
item_B00RNE1PPA	compatible_with	item_B019IBMJKU
item_B00LKW2ROO	compatible_with	item_B01GOJFLW2
item_B00TRLRGB4	compatible_with	item_B01BBUIS0Q
item_B008LWXC4K	compatible_with	item_B00B456004
item_B0132K6ADA	compatible_with	item_B015G5SQ4A
item_B00G2KE4MW	compatible_with	item_B00UVOKN6G
item_B019MDWF76	compatible_with	item_B01GRO5UDO
item_B006ZOI5XY	compatible_with	item_B00O70UZ3Q
item_B00NXEF3AM	compatible_with	item_B00XWUD32W
item_B015U1MC3G	compatible_with	item_B01CTVQ5NI
item_B00XPBB8YI	compatible_with	item_B015AXGNSY
item_B00VUE6IP6	compatible_with	item_B01EFGF7KM
item_B00GOUEA3I	compatible_with	item_B00QVCSFC6
item_B00KBZOB40	compatible_with	item_B00ZUJ9Q8I
item_B00F3SJQ72	compatible_with	item_B00W8F8B7O
item_B00OU0SIPA	compatible_with	item_B01AUFDXMG
item_B011THUJL2	compatible_with	item_B01EV3E2LO
item_B00K17LRYA	compatible_with	item_B00XU6PFBK
item_B000PGM7M8	compatible_with	item_B01H7EMBXK
item_B00A7L8ZKE	compatible_with	item_B017LXZNZU
item_B005L8YUOS	compatible_with	item_B01B3ISSBK
item_B013MC5U2K	compatible_with	item_B0170MHXVE
item_B00J1Z2SSM	compatible_with	item_B01H7EMBXK
item_B013E0HGEA	compatible_with	item_B01EGM9IB4
item_B00ARH8CPG	compatible_with	item_B00FRFA2NS
item_B00VTVEVKE	compatible_with	item_B00XWUD32W
item_B00KZT5X26	compatible_with	item_B00LY8HM6M
item_B0072J71LI	compatible_with	item_B00V5YO0MO
item_B003EDHEU4	compatible_with	item_B00DVFWFKE
item_B001B0X82K	compatible_with	item_B006SFRKP4
item_B00ZXHLWWA	compatible_with	item_B012XZ5LBW
item_B000FH2JT8	compatible_with	item_B00FR9LTPY
item_B00NOMUWP4	compatible_with	item_B01BMO15OC
item_B01EYGAJ6K	compatible_with	item_B01FCYA2TW
item_B00L81TDE4	compatible_with	item_B019752N26
item_B00RVX4EG0	compatible_with	item_B00VTTOGHE
item_B008KAU9YE	compatible_with	item_B00HGIUE2S
item_B00139IETG	compatible_with	item_B004RKW52A
item_B003O86LQM	compatible_with	item_B00EV5D8ZO
item_B01DCK4SW0	compatible_with	item_B01F7YVCI2
item_B013SEP6FS	compatible_with	item_B01AP40M7G
item_B003G53VSO	compatible_with	item_B004R6W0HE
item_B0024A98XO	compatible_with	item_B00IL3NRRG
item_B000798IGC	compatible_with	item_B00SAF9W7O
item_B0088X2GBC	compatible_with	item_B01B3ISSBK
item_B009B1TRXU	compatible_with	item_B00GTJIHME
item_B006SFRKP4	compatible_with	item_B009QPSYZS
item_B001MBD93Q	compatible_with	item_B010WPRITS
item_B00816PQ0O	compatible_with	item_B0131JMN10
item_B009GGVTHC	compatible_with	item_B00V84SHIE
item_B017LQGXVA	compatible_with	item_B01CDDS1AM
item_B00XKXHMD2	compatible_with	item_B010MC69MS
item_B002PK8RJ4	compatible_with	item_B00NHECBBW
item_B001AE6FI6	compatible_with	item_B01DUQUIG6
item_B00FEMK2V6	compatible_with	item_B00L6SKCOY
item_B006FYC6CA	compatible_with	item_B00A6R8IVA
item_B000BRFH1E	compatible_with	item_B00ZUJ9Q8I
item_B00ACIFHBM	compatible_with	item_B00XKXHMD2
item_B000OQQ4ZU	compatible_with	item_B00XXPNFME
item_B00L3ESYXC	compatible_with	item_B014FQF7FM
item_B004IZVEOE	compatible_with	item_B00ZUJ9Q8I
item_B00DMW4T8C	compatible_with	item_B00W3H9NJW
item_B000V5CX6I	compatible_with	item_B00KRYL7CE
item_B008HTUCBS	compatible_with	item_B00JULWJLI
item_B00NQJ5LAQ	compatible_with	item_B00PYHGXEQ
item_B007R8T4M8	compatible_with	item_B00B6E96I6
item_B0012G6KX2	compatible_with	item_B012P2G9I2
item_B004HC3MVQ	compatible_with	item_B00E1ZPAG4
item_B00ABKAOTQ	compatible_with	item_B00CAXQV3K
item_B00AKYPE20	compatible_with	item_B01A16XYT6
item_B00DVFWRR0	compatible_with	item_B01DDDAAJ6
item_B00V84SHIE	compatible_with	item_B01EFJ0X3U
item_B00SMJHB9Y	compatible_with	item_B013H4XAO8
item_B00STUNZ2I	compatible_with	item_B01CDDSCJM
item_B00VSBMLPM	compatible_with	item_B00VVIOTG6
item_B00U8DAHRA	compatible_with	item_B01BUNCWH4
item_B00JVEQF46	compatible_with	item_B00KU1NLGO
item_B00HTAT6Y0	compatible_with	item_B00KH36RFM
item_B0002ZROS4	compatible_with	item_B00XKXI3J4
item_B00I0MNB2Y	compatible_with	item_B00O1Y3U44
item_B00D3YQGGC	compatible_with	item_B00TKVQM7K
item_B000OWCS6I	compatible_with	item_B00OQDBUQA
item_B00NT0Z7HO	compatible_with	item_B019YNGX7C
item_B00OB8VXNK	compatible_with	item_B01H6YB182
item_B019S38JJI	compatible_with	item_B01AA71CQ8
item_B018YIF56S	compatible_with	item_B01CUJ0ZYE
item_B007NY0OF2	compatible_with	item_B01H52FZ1Y
item_B001C4W27M	compatible_with	item_B01DCWPS68
item_B004XDR1HU	compatible_with	item_B00VVW9GDI
item_B00187HHPA	compatible_with	item_B01CU3GN0A
item_B00LPQXVFE	compatible_with	item_B00N5LNYAE
item_B00JULWE54	compatible_with	item_B01F9B2570
item_B009NB70MI	compatible_with	item_B00N2LV1PC
item_B00XZ3EF0U	compatible_with	item_B01D9QYF7A
item_B003AYOM8Y	compatible_with	item_B00ARH8CPG
item_B00LCJP40E	compatible_with	item_B00W4ICNGK
item_B00YRRJ5X0	compatible_with	item_B01FX3ZSWI
item_B00HTAT6Y0	compatible_with	item_B01B2GK5XW
item_B00SUSTDHU	compatible_with	item_B019X2NGF6
item_B00L4KVVNK	compatible_with	item_B019752N26
item_B00QDB9MJ0	compatible_with	item_B015YLIU10
item_B00V84SHIE	compatible_with	item_B00YRKSFS8
item_B000FVWKX4	compatible_with	item_B00B58FQ5K
item_B01CCWYB7G	compatible_with	item_B01EJIRYFM
item_B00GTJIHME	compatible_with	item_B00R2K44XA
item_B00OZKEKAM	compatible_with	item_B01H3EALMM
item_B00ACIFL9U	compatible_with	item_B01D3VCC4E
item_B008Z6ISQO	compatible_with	item_B00PWJ8G3M
item_B00M8Y992G	compatible_with	item_B00VLIW7SS
item_B011LTPIQO	compatible_with	item_B01C56BF5U
item_B00M0QFV5G	compatible_with	item_B00PXSBBJI
item_B0012G6KX2	compatible_with	item_B00RNT8SUA
item_B0002DG892	compatible_with	item_B0057D57NK
item_B00I39JPSS	compatible_with	item_B00KRYL792
item_B004I79ZC0	compatible_with	item_B0055D57CI
item_B001MBD93Q	compatible_with	item_B006NT7HKI
item_B00DZPAIDQ	compatible_with	item_B01B3ISSBK
item_B00FTG9UBK	compatible_with	item_B00OBE0QRI
item_B00WKKSI7U	compatible_with	item_B011Q84WZS
item_B013JF7MCQ	compatible_with	item_B01DBGJDYI
item_B005F28MV2	compatible_with	item_B019X11CWG
item_B00VNVQ75M	compatible_with	item_B01GDKZWZ8
item_B016LJ4GBM	compatible_with	item_B01AOAU8FW
item_B00TB64BW2	compatible_with	item_B01B3HP24W
item_B00I4L4850	compatible_with	item_B00XKXI3WG
item_B00HIZKH7G	compatible_with	item_B01GINYEKE
item_B01AEUQZJK	compatible_with	item_B01FU3KRYU
item_B0142A7FZG	compatible_with	item_B017LQGXVA
item_B00GUBHBRS	compatible_with	item_B0184CNM7S
item_B00SKO8W7G	compatible_with	item_B00WHF3E6S
item_B014Q9QPG8	compatible_with	item_B01DLQ7ET4
item_B00LAVOLG2	compatible_with	item_B019IBMJKU
item_B003CMYTAA	compatible_with	item_B00FXPRJWO
item_B00SMJHB6C	compatible_with	item_B018YIF56S
item_B0012S5Y00	compatible_with	item_B019X2NGF6
item_B00STUNZ2I	compatible_with	item_B010MPXDZ6
item_B00WH30N2I	compatible_with	item_B00Y4C5GS6
item_B002MJV72C	compatible_with	item_B01FQJ32QS
item_B00AARHA6A	compatible_with	item_B00IL3NRRG
item_B016Y7GSHQ	compatible_with	item_B01879P3TS
item_B00HSX8ON2	compatible_with	item_B00Q4LZUW2
item_B00139IETG	compatible_with	item_B00E7NZNDU
item_B00FTEW6HM	compatible_with	item_B00NJ873Q4
item_B00HHKSSTG	compatible_with	item_B00PL42S1Y
item_B0057Y5DXI	compatible_with	item_B00PXSBGOI
item_B003836K28	compatible_with	item_B00ACIFLBI
item_B007KF1JZS	compatible_with	item_B00YXTMS90
item_B004OWPIQG	compatible_with	item_B00CBE1S6I
item_B00B58FQ5K	compatible_with	item_B011SFUACS
item_B00OWWMVAE	compatible_with	item_B00SMJHB9Y
item_B01FA0DBAA	compatible_with	item_B01FZ2G48O
item_B00O70UZ3Q	compatible_with	item_B00UNJWDA8
item_B01E2DKX66	compatible_with	item_B01FVRIN8W
item_B00FR9LTPY	compatible_with	item_B01A16XYT6
item_B00BXLXFQQ	compatible_with	item_B00XZ3EF0U
item_B00GEYZK3S	compatible_with	item_B00XKXHMD2
item_B00IM52774	compatible_with	item_B018I887MS
item_B0072JAMS2	compatible_with	item_B00QNAIJ4A
item_B0018OOF6M	compatible_with	item_B019YJWZQO
item_B006VVTRNI	compatible_with	item_B009SRQ80M
item_B0021F6KBK	compatible_with	item_B008P94GI0
item_B011T5KU72	compatible_with	item_B018LLBO9A
item_B00KBZO8WK	compatible_with	item_B00PUYQ4BA
item_B01E2DKX66	compatible_with	item_B01G9LSXIY
item_B000P215RA	compatible_with	item_B00X9HIFIA
item_B00NHECBBW	compatible_with	item_B00YBQVU9Y
item_B00EUHXP0Q	compatible_with	item_B017WNY1FC
item_B000VC3O5U	compatible_with	item_B00842PFGA
item_B01GUEASU6	compatible_with	item_B01H74DCR4
item_B002QEFQK2	compatible_with	item_B00FXPRJWO
item_B00FXLCUPO	compatible_with	item_B00GZKIY8E
item_B00XY98YXY	compatible_with	item_B016Y7GSHQ
item_B00XWUD32W	compatible_with	item_B01H7EOG10
item_B019IBMJKU	compatible_with	item_B01DAW2638
item_B012BOQ632	compatible_with	item_B013ETVS2M
item_B00DMW4T8C	compatible_with	item_B01CJNVR0W
item_B006SFRKP4	compatible_with	item_B00IPO8T5G
item_B0106XEJQG	compatible_with	item_B017ACMZ5I
item_B01B3HP24W	compatible_with	item_B01DKMNFCO
item_B00AZBQ1PM	compatible_with	item_B00KRYL792
item_B009OJFK94	compatible_with	item_B00BTOR4D2
item_B005GV596S	compatible_with	item_B017JHA2GS
item_B005DIFIVU	compatible_with	item_B00WSCCILC
item_B002GYVFSY	compatible_with	item_B00JG15KNG
item_B016JVXWPI	compatible_with	item_B019X2NGF6
item_B00G1OYUZK	compatible_with	item_B0152R74K4
item_B017VEF12Y	compatible_with	item_B01COUN3RK
item_B00NJ873Q4	compatible_with	item_B01FLFZJMM
item_B00ACIFHBM	compatible_with	item_B00JUM08LK
item_B00JBRB2IC	compatible_with	item_B01DWRO0VM
item_B003D8BGLI	compatible_with	item_B003ICDG80
item_B00JWURVRY	compatible_with	item_B00UVQ7UP6
item_B00JBRB2IC	compatible_with	item_B01DAG6BJE
item_B00W3HY108	compatible_with	item_B00XNJISGS
item_B00139IETG	compatible_with	item_B005WUP918
item_B00XXVCR5O	compatible_with	item_B015CBQ3ZW
item_B000V6VPWU	compatible_with	item_B00139IETG
item_B00LTZQ1S0	compatible_with	item_B012P2FLA4
item_B01BN4F3OO	compatible_with	item_B01DR117FA
item_B00NE4YJVK	compatible_with	item_B00SU99IQU
item_B001VNBAYA	compatible_with	item_B00XKXHMD2
item_B00OIWIEDG	compatible_with	item_B01DWOR1JI
item_B00H341YJW	compatible_with	item_B01F4BCFPW
item_B00BBW7V3A	compatible_with	item_B016YKHX1S
item_B004SW9LE2	compatible_with	item_B0065ECGKM
item_B00JBXO0EO	compatible_with	item_B00N4N2IGO
item_B006YG78LI	compatible_with	item_B012JEIM4A
item_B01GF5SNTI	compatible_with	item_B01GYJZF1E
item_B00CBAOC4W	compatible_with	item_B01A16XYT6
item_B00FR9LTPY	compatible_with	item_B00KB05LEO
item_B01GRJ0BP6	compatible_with	item_B01HAH59Q0
item_B00WE4QAQ8	compatible_with	item_B01H6DY7BQ
item_B008YWF7OU	compatible_with	item_B00QVAMERU
item_B00ACIFKH8	compatible_with	item_B0119GBRSM
item_B004OVCZA4	compatible_with	item_B00WW6YJG6
item_B014W6UGCY	compatible_with	item_B01HH3X0YU
item_B011LTPIQO	compatible_with	item_B014RWYVAG
item_B00D14FNJA	compatible_with	item_B00V84SHIE
item_B00CHNMU1U	compatible_with	item_B01CDY8EKI
item_B00IS4Q2BQ	compatible_with	item_B00KBZO8WA
item_B00IK6OBU6	compatible_with	item_B00NE4YJVK
item_B005GW6ALK	compatible_with	item_B01B3ISSBK
item_B014J3Q4SA	compatible_with	item_B01HH3X0YU
item_B000YPIEXQ	compatible_with	item_B00D076MXE
item_B00FXLCUPO	compatible_with	item_B018G6EUMI
item_B00L3XOJ28	compatible_with	item_B017LJXLTE
item_B0012N84YS	compatible_with	item_B00428EXFO
item_B00P2696SO	compatible_with	item_B013GOYODK
item_B000HOSFDI	compatible_with	item_B00XLV8GQ0
item_B00HWF7JZ0	compatible_with	item_B0176YV57O
item_B00HHKSVB6	compatible_with	item_B00N71VEQI
item_B00MJU0E6E	compatible_with	item_B01CTVMOYW
item_B00505DW0A	compatible_with	item_B0150WLXZS
item_B00NYBC4FG	compatible_with	item_B00O4DOA64
item_B016OT9B8C	compatible_with	item_B01BVTSTGK
item_B0012N84YS	compatible_with	item_B00WW6YJG6
item_B00PM36CDE	compatible_with	item_B01AP40M7G
item_B017V19S94	compatible_with	item_B019S38JJI
item_B01074L6II	compatible_with	item_B01H3EALMM
item_B00505DPE8	compatible_with	item_B00H2TDICY
item_B001OCMB0A	compatible_with	item_B00ACIFLBI
item_B00MN9ST72	compatible_with	item_B00XKJ6ZUM
item_B002QB1870	compatible_with	item_B00CBE1S6I
item_B00LGRVC4E	compatible_with	item_B00QXMQ2JW
item_B00JULWJLI	compatible_with	item_B016WRFP8Q
item_B009T3XNGM	compatible_with	item_B00VY2HMKE
item_B013SEP6FS	compatible_with	item_B013W93UUM
item_B00K5TEAIO	compatible_with	item_B00XKXHMD2
item_B0159K6T00	compatible_with	item_B01C3QD88E
item_B00DRORBMG	compatible_with	item_B018QC4HHU
item_B0026NQGNY	compatible_with	item_B00XXPMJKI
item_B00KRYMUH0	compatible_with	item_B00O72IPCC
item_B000XR4L9Q	compatible_with	item_B00D076MXE
item_B000CPHFY2	compatible_with	item_B01BBUIS0Q
item_B00HRNU3B4	compatible_with	item_B01ES46O7G
item_B00JULWE68	compatible_with	item_B00PXSBBJI
item_B00CAY6BI4	compatible_with	item_B00JULWE54
item_B00CBE1N86	compatible_with	item_B00CHNNXOI
item_B0051EDAAC	compatible_with	item_B00V84SHIE
item_B00G9QQ6IO	compatible_with	item_B019S3895C
item_B00B58FQ5K	compatible_with	item_B01FYCETB4
item_B008B80O1I	compatible_with	item_B01EH14W24
item_B003C25ZSU	compatible_with	item_B00JULWJLI
item_B0097YJDBW	compatible_with	item_B016XBFVLC
item_B00XULPYGG	compatible_with	item_B019752N26
item_B012EOFCUC	compatible_with	item_B01CU3GN0A
item_B01C4185AE	compatible_with	item_B01G8AU6JK
item_B01DB4M7MA	compatible_with	item_B01DE2TOK2
item_B00JXMRFLI	compatible_with	item_B00RE2VZHE
item_B001JMAJR2	compatible_with	item_B00PXSBBJI
item_B00KGI2N88	compatible_with	item_B00V84SHIE
item_B00Q4LZUW2	compatible_with	item_B0112T1U4C
item_B00Y1X2HQW	compatible_with	item_B01EGWSNXS
item_B01AMON6M2	compatible_with	item_B01C3ND116
item_B00KDGJVKG	compatible_with	item_B00ULZAECI
item_B0018M9X98	compatible_with	item_B00ACIFH8U
item_B00YHVSX5W	compatible_with	item_B012P2FLA4
item_B00VHVK4W0	compatible_with	item_B0151G7LMC
item_B00CJRMJTC	compatible_with	item_B00DVFWFKE
item_B017NHDRZ2	compatible_with	item_B01CSEYHUO
item_B0012WJPAG	compatible_with	item_B00E0G6IIS
item_B00B58FQ5K	compatible_with	item_B01GEYRYKE
item_B0156GCLD6	compatible_with	item_B015JTMVVW
item_B00X3RZIK4	compatible_with	item_B01DAQKHOE
item_B004I79ZC0	compatible_with	item_B00TVDJ6OS
item_B001BR9HIW	compatible_with	item_B00IL3NRRG
item_B015J9Y5E8	compatible_with	item_B01E61CD1C
item_B00DMW4T8C	compatible_with	item_B011VN1U1C
item_B006KEOPGK	compatible_with	item_B017LZINE6
item_B000OBTUZ6	compatible_with	item_B016YKHX1S
item_B00KIZF1VU	compatible_with	item_B00SQPZL2S
item_B000CBRC76	compatible_with	item_B00V84SHIE
item_B00JDTRD9U	compatible_with	item_B01FUM785C
item_B006YG78LI	compatible_with	item_B01AUJSQ92
item_B00J9KODNW	compatible_with	item_B00O4DOA64
item_B00W0TK838	compatible_with	item_B01AYQY8RU
item_B016YKHX1S	compatible_with	item_B01ES479IE
item_B00BHEFGO8	compatible_with	item_B00XWUD32W
item_B0012OEDQK	compatible_with	item_B00W9E8FOI
item_B012P2FLA4	compatible_with	item_B01H3EFGA4
item_B007NG6OV8	compatible_with	item_B01B3ISSBK
item_B00GTJIHME	compatible_with	item_B00QUNHGGC
item_B017LRFCN4	compatible_with	item_B017LRFO96
item_B003A7TSQ2	compatible_with	item_B00NASDG7I
item_B0092TB8HY	compatible_with	item_B00JLNEAMG
item_B00W902TU8	compatible_with	item_B01B9UQJYK
item_B00P3ASAGS	compatible_with	item_B00QTM7L1E
item_B00DP7PZ32	compatible_with	item_B01DUQUIG6
item_B00AHA9UOK	compatible_with	item_B00ZRV0RI2
item_B004I76686	compatible_with	item_B005GV95SG
item_B016XZM17A	compatible_with	item_B01GA82Q16
item_B00MZ84L6Y	compatible_with	item_B00V84SHIE
item_B0012N84YS	compatible_with	item_B00PUCFZG2
item_B0007RR5S6	compatible_with	item_B00V84SHIE
item_B000GYW3SC	compatible_with	item_B0028TWZDQ
item_B00974AHEY	compatible_with	item_B011LTPIQO
item_B014MCFM4K	compatible_with	item_B015EXVOFW
item_B00SJT4NH0	compatible_with	item_B01E7Q8AVS
item_B00946ZO0M	compatible_with	item_B00ACIFHBM
item_B002BX3PAQ	compatible_with	item_B00Q4LZUW2
item_B00J3B0QII	compatible_with	item_B01E2DKX66
item_B00KRYL7CE	compatible_with	item_B01ES46O7G
item_B00H7QL45A	compatible_with	item_B016QWADXY
item_B01D410A2O	compatible_with	item_B01H4M3PGC
item_B00H4O0Y9M	compatible_with	item_B01BE1LC6E
item_B00YV6785O	compatible_with	item_B019MDWF76
item_B005GPKDUQ	compatible_with	item_B016LJ4GBM
item_B013FA8M56	compatible_with	item_B017VCPEPK
item_B004I79ZC0	compatible_with	item_B01AOAU8FW
item_B000ZHFCPQ	compatible_with	item_B00BJOGRTY
item_B00R4TJJOS	compatible_with	item_B013SEP6FS
item_B0009VRPTO	compatible_with	item_B00DVFWFKE
item_B00NQJ5LAQ	compatible_with	item_B01H0LO0NO
item_B000TGPR4O	compatible_with	item_B00Z00OZL0
item_B001OMJ2WU	compatible_with	item_B01FU3KRYU
item_B000LXO78W	compatible_with	item_B00WY4QXT2
item_B00KFTKELQ	compatible_with	item_B00LULP91S
item_B00SLDSYL0	compatible_with	item_B00VUE6IP6
item_B001BZ3XOS	compatible_with	item_B00NASDG7I
item_B015LWOWLE	compatible_with	item_B01F324FMI
item_B017LQGXVA	compatible_with	item_B01AG4GB8E
item_B00APXN95U	compatible_with	item_B01H74DCR4
item_B011NNG3TY	compatible_with	item_B01H6YB182
item_B00NH5GFDG	compatible_with	item_B00NJ873Q4
item_B00FYEVOTI	compatible_with	item_B00IL3NRRG
item_B00K2XI9PI	compatible_with	item_B00XXPNFME
item_B000GE79YA	compatible_with	item_B0156GCLD6
item_B00SQORTF6	compatible_with	item_B015C9Z166
item_B016DDT4CM	compatible_with	item_B01H3EALTK
item_B00SHTWN5G	compatible_with	item_B00TEROC5E
item_B013FU829W	compatible_with	item_B013SEP6FS
item_B00B58FQ5K	compatible_with	item_B019PMVOFS
item_B00CDBUC98	compatible_with	item_B01DUQKRPI
item_B00BFSAIE4	compatible_with	item_B00O72IPCC
item_B00NIMYVZC	compatible_with	item_B0107XRQ7E
item_B00PXSBC1U	compatible_with	item_B00XV5X99A
item_B00CWAC81U	compatible_with	item_B01B3ISSBK
item_B00594TU5I	compatible_with	item_B01B3ISSBK
item_B003VQQYKU	compatible_with	item_B018YIF56S
item_B00M3EV6J0	compatible_with	item_B016LJ4GBM
item_B00L42J3KQ	compatible_with	item_B01B3HP24W
item_B00T8RN1A2	compatible_with	item_B00XKXHMD2
item_B006BJFPWM	compatible_with	item_B00MGLMHHK
item_B00J9TTE46	compatible_with	item_B016OT9B8C
item_B001EEQWZI	compatible_with	item_B00XXPNFME
item_B005GQAFEY	compatible_with	item_B00PXSBC1U
item_B00Q0BHE16	compatible_with	item_B00XLV5GVS
item_B012XD7VL2	compatible_with	item_B019HHGR3K
item_B0060C8IEC	compatible_with	item_B01AA4A1YA
item_B00BSOU1L0	compatible_with	item_B00X2C955Y
item_B00U0U5FKA	compatible_with	item_B0182G3YBK
item_B00K8OGHK0	compatible_with	item_B00NLI8L5E
item_B005V04DH0	compatible_with	item_B0092X0R40
item_B008QZ1DNO	compatible_with	item_B00B55MAZ2
item_B0156AMW7C	compatible_with	item_B01H3EALMM
item_B00F09YIRC	compatible_with	item_B00I3HD4LO
item_B00VTTOGHE	compatible_with	item_B01CTNFTVA
item_B00LZDHKUE	compatible_with	item_B017O3XP7A
item_B00BSOU1L0	compatible_with	item_B01G7ARFQI
item_B00HIILFPG	compatible_with	item_B00U3792OU
item_B0092XN2MO	compatible_with	item_B00B58FQ5K
item_B000EUD0OO	compatible_with	item_B019HHGR3K
item_B0156GCLD6	compatible_with	item_B01663X8HG
item_B00DH9OSRM	compatible_with	item_B0186MX51O
item_B002APVF4S	compatible_with	item_B00B58FQ5K
item_B00SAFDL4O	compatible_with	item_B013X04SJ2
item_B00LCJP40E	compatible_with	item_B0186HXCSU
item_B00G0KL7EM	compatible_with	item_B00WB234F8
item_B00QKEHYSG	compatible_with	item_B019752N26
item_B016RPHBB2	compatible_with	item_B01FVTFIFG
item_B00JULWJLI	compatible_with	item_B00O12LOLC
item_B00O5I1W3M	compatible_with	item_B011QBOO62
item_B00CTWATH6	compatible_with	item_B01COUN3RK
item_B00M20E91M	compatible_with	item_B01CFC2HZQ
item_B003NX87TW	compatible_with	item_B009OKQ0E2
item_B003MPAKLO	compatible_with	item_B01DUQUIG6
item_B000YQU88Y	compatible_with	item_B0156GCLD6
item_B00F3SJQ72	compatible_with	item_B01E1S94LM
item_B00V84SHIE	compatible_with	item_B00YRL9N56
item_B00ZAIILVC	compatible_with	item_B01FH9B89U
item_B004I79ZC0	compatible_with	item_B005GW6ALK
item_B00BSOU1L0	compatible_with	item_B014E69NTE
item_B00O4DWD90	compatible_with	item_B019752N26
item_B00PKZV2Y8	compatible_with	item_B00S0HGLXK
item_B0155DEBVU	compatible_with	item_B01GL96F34
item_B018RVFT54	compatible_with	item_B019IOEH16
item_B00AZ6P8BK	compatible_with	item_B01FKL94WI
item_B00V84SHIE	compatible_with	item_B017JR6ZPU
item_B000QMJD4Q	compatible_with	item_B00NHECBBW
item_B014R5QW4G	compatible_with	item_B01DZV1YZA
item_B00MBI7NNG	compatible_with	item_B01G1ZBINK
item_B00CN6OXX4	compatible_with	item_B00OIWIEDG
item_B00O79CUA8	compatible_with	item_B00WHF3E6S
item_B00JC2YXFK	compatible_with	item_B019TX9XGK
item_B00GBVNW3O	compatible_with	item_B015USX5TE
item_B00L2G2BFI	compatible_with	item_B01D3Q2D9S
item_B00341NKCM	compatible_with	item_B0085TF7DS
item_B000G3F7TK	compatible_with	item_B00ACIFH8U
item_B00KR7FU0Q	compatible_with	item_B019IBMJKU
item_B01AW46DYU	compatible_with	item_B01DBGJDYI
item_B00R8FXHP0	compatible_with	item_B0101FQJ58
item_B01E0SUB10	compatible_with	item_B01FUMB2U4
item_B00WBH922M	compatible_with	item_B01D1TZVIM
item_B0118XFD4A	compatible_with	item_B01DM1JJLY
item_B000CC9368	compatible_with	item_B00Q4LZUW2
item_B00J082PVU	compatible_with	item_B010USSWOC
item_B00GJ9L7SA	compatible_with	item_B00XKXHMD2
item_B00NJ873Q4	compatible_with	item_B01B5DLI88
item_B00CLESBEA	compatible_with	item_B00DMW4T8C
item_B007N1BVKM	compatible_with	item_B0112KPQV4
item_B00UEQ8QCE	compatible_with	item_B01DWRO0VM
item_B003MAEV28	compatible_with	item_B00CA7Y91C
item_B016YKHX1S	compatible_with	item_B01C7PPU6O
item_B00JULWE54	compatible_with	item_B00MJB94VO
item_B00FFKL0LS	compatible_with	item_B017IJN81I
item_B004XDR1HU	compatible_with	item_B00BBW4638
item_B00W2Z4RQ4	compatible_with	item_B01D46C5VS
item_B00856LGN6	compatible_with	item_B00ZE87NFS
item_B009REO5S8	compatible_with	item_B01H6YB182
item_B005GPSEKC	compatible_with	item_B01D1R3O1U
item_B00Q4LZUW2	compatible_with	item_B01FEBZMQQ
item_B005MXHQXO	compatible_with	item_B00B58FQ5K
item_B00PV35L3M	compatible_with	item_B013X04PDG
item_B00DNNQZ00	compatible_with	item_B0166BU7T0
item_B00CLXWTEO	compatible_with	item_B00NJ873Q4
item_B00XXPNFME	compatible_with	item_B00YKYE8DW
item_B00DMW4T8C	compatible_with	item_B00TPZNV1G
item_B00XN3D2S8	compatible_with	item_B01COUN3RK
item_B01AYUE7YA	compatible_with	item_B01B17Q62G
item_B002CNTSVA	compatible_with	item_B01839KEKK
item_B00K7I1DYW	compatible_with	item_B00KCXDCI2
item_B000A38DJ2	compatible_with	item_B019HHGR3K
item_B00XKXHMD2	compatible_with	item_B01AIF2162
item_B00Y953DZG	compatible_with	item_B01CRNNAL8
item_B005BK37SG	compatible_with	item_B00HGIUE2S
item_B00ACIFP5U	compatible_with	item_B00E4I4P9G
item_B00YV6785O	compatible_with	item_B00YXLULVU
item_B00WG2B522	compatible_with	item_B014SU3LLW
item_B00LOB6TP4	compatible_with	item_B016YKHX1S
item_B001QL1EZC	compatible_with	item_B011CWPYUA
item_B00NJ873Q4	compatible_with	item_B013J4P0KI
item_B0119GBRSM	compatible_with	item_B01ATQM6JC
item_B00PXSBGR0	compatible_with	item_B00PXTBKIE
item_B002UD9C36	compatible_with	item_B019X2NGF6
item_B00DXTYH7W	compatible_with	item_B00K0TI0OO
item_B00QVCSFC6	compatible_with	item_B00QYCPOEK
item_B00Z0IJWDI	compatible_with	item_B01DS6GZYM
item_B00WGUKCNW	compatible_with	item_B017LQGXVA
item_B007BL1KF0	compatible_with	item_B015ZGVOT4
item_B00I94YKL4	compatible_with	item_B012XOO8UI
item_B004XDR1HU	compatible_with	item_B00A7NJHUY
item_B00L4UNNMM	compatible_with	item_B00LPQXVFE
item_B00MR44E2C	compatible_with	item_B00SXTL6C6
item_B003O86LQM	compatible_with	item_B01GKHKBX2
item_B01DOWQUOU	compatible_with	item_B01EL9CYX6
item_B0020ML3EI	compatible_with	item_B01H3EALEA
item_B000SMB1NK	compatible_with	item_B001D21QES
item_B005HO2CYG	compatible_with	item_B00XKXI41Q
item_B016UA7O66	compatible_with	item_B01H3EALEA
item_B00NL3EC02	compatible_with	item_B01DZKLOAQ
item_B0184HYEJS	compatible_with	item_B01FUMB2U4
item_B00NOAIM26	compatible_with	item_B00NOL99GS
item_B00CEIU7JU	compatible_with	item_B00XWUD32W
item_B01C0EC3OE	compatible_with	item_B01E0FPAAK
item_B000RB1GBO	compatible_with	item_B002HIBU9S
item_B0031U0P7Y	compatible_with	item_B00FXPRJWO
item_B00WHF3E6S	compatible_with	item_B012JF0LTI
item_B0012N84YS	compatible_with	item_B00AEEFFIO
item_B01C7PPU6O	compatible_with	item_B01GU62EJM
item_B00IW66AXA	compatible_with	item_B00P53L9OI
item_B0010514PE	compatible_with	item_B00IA26WI4
item_B00JULWE54	compatible_with	item_B01CQTFNK4
item_B00FEEMZO6	compatible_with	item_B01HAGXX8C
item_B00KBZOB40	compatible_with	item_B01ES40BH0
item_B005WO818C	compatible_with	item_B016K6TBX4
item_B0118XFD4A	compatible_with	item_B018IAKRJC
item_B0156GCLD6	compatible_with	item_B01H43Z5GY
item_B00NE4YJVK	compatible_with	item_B0117ZPOQG
item_B00APXN95U	compatible_with	item_B00U5TFBTG
item_B0064YY0D4	compatible_with	item_B00R7T7ZOQ
item_B000HOSFDI	compatible_with	item_B00VTVC4US
item_B01BGG4LRY	compatible_with	item_B01F1ROZFC
item_B00WDVX7XQ	compatible_with	item_B01FUMB2U4
item_B013MLTA5O	compatible_with	item_B01HAH59Q0
item_B00SAFDL4O	compatible_with	item_B00VUE6IP6
item_B009Z1S6WY	compatible_with	item_B01C3ND116
item_B00453LR9Q	compatible_with	item_B00O7P9C8K
item_B004UULUYQ	compatible_with	item_B00DVFWFKE
item_B00HS67N86	compatible_with	item_B00XKXHMD2
item_B001XKMSCE	compatible_with	item_B00SZ0A4H6
item_B01EWRYBK6	compatible_with	item_B01G2OOI2I
item_B001BZ8DVG	compatible_with	item_B00XXPNFME
item_B00YYONAQE	compatible_with	item_B016OT9B8C
item_B003EEMI7M	compatible_with	item_B00AXU166O
item_B017LQGXVA	compatible_with	item_B01CL77XZY
item_B00IBJP5FC	compatible_with	item_B00R57E7XM
item_B000FBKYUK	compatible_with	item_B004I7BKZ0
item_B00XBBJBQY	compatible_with	item_B00XXPNFME
item_B000GEP230	compatible_with	item_B011LTPIQO
item_B00DM3YL5C	compatible_with	item_B00XWUD32W
item_B000PHQIE0	compatible_with	item_B00KBZOB40
item_B003LO20PU	compatible_with	item_B0085TF7DS
item_B0053XF860	compatible_with	item_B01H3EALMM
item_B000NDCGJM	compatible_with	item_B013IXB626
item_B0156GCLD6	compatible_with	item_B01DCCVHFE
item_B00MFK9PSQ	compatible_with	item_B00PQ81208
item_B009H1OSBK	compatible_with	item_B00APXN95U
item_B00D8ERLL6	compatible_with	item_B016K6TBX4
item_B00JC2YXFK	compatible_with	item_B01DB4AH90
item_B00UV4S9H6	compatible_with	item_B01GO0VDQO
item_B00GOMDGOA	compatible_with	item_B00SNB83TI
item_B0019RS0IC	compatible_with	item_B00SQ92M0I
item_B0018P664K	compatible_with	item_B00V84SHIE
item_B008X25S6S	compatible_with	item_B00VWK5QNI
item_B00H9RZDRM	compatible_with	item_B00XWUD32W
item_B00IT3CO86	compatible_with	item_B00JV5BXOW
item_B019752N26	compatible_with	item_B01ESF401W
item_B00AJHRQSI	compatible_with	item_B01015KI8M
item_B000BWLW68	compatible_with	item_B005VFCMFA
item_B0077HXJLG	compatible_with	item_B014Y8R8UI
item_B00LPUOOBA	compatible_with	item_B017ULEI9U
item_B0001ZO3YI	compatible_with	item_B00XKXHMD2
item_B00Y144ZP2	compatible_with	item_B011LTPIQO
item_B00M0XW472	compatible_with	item_B013RMMWMG
item_B01F0OR8JG	compatible_with	item_B01F4LKU36
item_B00K16T37Y	compatible_with	item_B01E2DKX66
item_B0000865SC	compatible_with	item_B0006UD73G
item_B0083UX704	compatible_with	item_B00Z5OMBTO
item_B0001YRE04	compatible_with	item_B00KYM1DBE
item_B00JC2YXFK	compatible_with	item_B00TH92ECM
item_B00TM0R9JO	compatible_with	item_B00XWUD32W
item_B002BWR83M	compatible_with	item_B019752N26
item_B004Z0CN60	compatible_with	item_B0072J71LI
item_B00AAXRV3G	compatible_with	item_B00CBE1S6I
item_B01CB7W0P2	compatible_with	item_B01GJ313B6
item_B00BECKV5W	compatible_with	item_B00DH9OSRM
item_B00BBW7TSM	compatible_with	item_B016YKHX1S
item_B00DSTSJWG	compatible_with	item_B013IXD552
item_B000OOSKZO	compatible_with	item_B00XXPMJKI
item_B01F0YU16I	compatible_with	item_B01F8VL0UE
item_B003D8PSCG	compatible_with	item_B00XXPNFME
item_B0047F6490	compatible_with	item_B016YKHX1S
item_B01EP4C2XY	compatible_with	item_B01FMMMJ2M
item_B014E69NTE	compatible_with	item_B017OEW7DC
item_B00CN7PKVM	compatible_with	item_B018YIF56S
item_B004LGHDW2	compatible_with	item_B0072J71L8
item_B015BKC22W	compatible_with	item_B01BGWYFHE
item_B00FL1LTVM	compatible_with	item_B00OO27QWK
item_B00B58FQ5K	compatible_with	item_B01AT4HUOK
item_B00V3IJCWA	compatible_with	item_B0148WMJ9U
item_B0043EVXVE	compatible_with	item_B00TB0BWTI
item_B0118F3KAM	compatible_with	item_B016LJ4J7S
item_B00FSJZ918	compatible_with	item_B014XC8VXI
item_B00JC2YXFK	compatible_with	item_B014CPPQXE
item_B001B9ER2Q	compatible_with	item_B00FXPRL5O
item_B00EAZA3DU	compatible_with	item_B00K00UN66
item_B00X8QNADC	compatible_with	item_B01AMKUIJA
item_B0028HJ7PM	compatible_with	item_B00XXPNFME
item_B0155BAQIE	compatible_with	item_B019407BLC
item_B011MI4KG8	compatible_with	item_B01DMY9P1A
item_B00QVCSFC6	compatible_with	item_B01GPM5GX2
item_B01DDDAAJ6	compatible_with	item_B01DNUZV4S
item_B018SRR0N6	compatible_with	item_B01ETOQRFO
item_B00VTV63PA	compatible_with	item_B01HF4A6DY
item_B014MCFM4K	compatible_with	item_B016MDIRZI
item_B00FXPRL5O	compatible_with	item_B01DDJ7VBA
item_B00B58FQ5K	compatible_with	item_B00V3ML4MW
item_B011LTPIQO	compatible_with	item_B01E8LRRUW
item_B004W6K4UE	compatible_with	item_B00QNAIJ4A
item_B000A38BNK	compatible_with	item_B00PXSBBJI
item_B008YWF7OU	compatible_with	item_B00JQRQDSQ
item_B00UWUVMX2	compatible_with	item_B00YYONAQE
item_B00YHY0492	compatible_with	item_B019OMDI3A
item_B00GBQHZIW	compatible_with	item_B019X2NGF6
item_B0032G5ATU	compatible_with	item_B00D076MXE
item_B00U9RBQTI	compatible_with	item_B00ZUJ9Q8I
item_B00RSK0M0S	compatible_with	item_B00Z5OMBTO
item_B004X0PSV4	compatible_with	item_B00XLV4AQU
item_B00XKXHMD2	compatible_with	item_B016YWNAL8
item_B01F4LKU36	compatible_with	item_B01G280KAS
item_B00JULWE54	compatible_with	item_B01EIMSOD0
item_B00JTQFKRY	compatible_with	item_B01G2OOI2I
item_B008YWF7OU	compatible_with	item_B00KBZO8WA
item_B003B187SC	compatible_with	item_B00DVFWFKE
item_B00WEAE41K	compatible_with	item_B01AP40M7G
item_B00UCIVQ26	compatible_with	item_B0118XFD4A
item_B00AKCCAYM	compatible_with	item_B00XXPMJKI
item_B00I16I0NO	compatible_with	item_B00VJL4Y1A
item_B004EWEPRO	compatible_with	item_B01H7EMBXK
item_B00K5ZII0O	compatible_with	item_B01EW3CU4O
item_B00ZQ4Y7L8	compatible_with	item_B01B3HP24W
item_B00B6EA56I	compatible_with	item_B00FXPRJWO
item_B01CCTSR2O	compatible_with	item_B01GGR0ICU
item_B00J08IE3S	compatible_with	item_B019752N26
item_B00ACIFH8U	compatible_with	item_B00ACIFXM0
item_B00NASDG7I	compatible_with	item_B00V5YP8Z2
item_B00YTXMBNI	compatible_with	item_B01E61CD1C
item_B00N4CERZ0	compatible_with	item_B013OVICL0
item_B00ZYKQGKY	compatible_with	item_B016YKHX1S
item_B00PQIBVFY	compatible_with	item_B00W3HY108
item_B000IBH874	compatible_with	item_B00FXPRJWO
item_B014IGLTX8	compatible_with	item_B014Y4M8O8
item_B00BJUMIL4	compatible_with	item_B00O91UBKA
item_B004I764VA	compatible_with	item_B01B3ITSVE
item_B007OVGEPS	compatible_with	item_B00Q4LZUW2
item_B000JM2LUG	compatible_with	item_B01HF4A6DY
item_B00JBRB2IC	compatible_with	item_B00K00U3AC
item_B00JSJ2W3C	compatible_with	item_B00XKXHMD2
item_B00B58FQ5K	compatible_with	item_B0195KR7LA
item_B0085TF7DS	compatible_with	item_B012XWTCAQ
item_B000HTICY0	compatible_with	item_B01H7EMBXK
item_B00NLK5F6A	compatible_with	item_B00Q4LZUW2
item_B00O4PK0OI	compatible_with	item_B016UGH4UQ
item_B012WBA7AM	compatible_with	item_B01FNUPOF2
item_B0183SZ1S6	compatible_with	item_B01DZWNBGY
item_B008X25S9U	compatible_with	item_B01B3LNWIQ
item_B00ARH8C9M	compatible_with	item_B00GE9KE1Q
item_B0182G7G3M	compatible_with	item_B0196N8K8A
item_B01F324FMI	compatible_with	item_B01GUJD66O
item_B00T6DWFNW	compatible_with	item_B00Z9T6XL2
item_B000JJKFVG	compatible_with	item_B00JULWJLI
item_B00B81I4IU	compatible_with	item_B00H1TKFD0
item_B00JDTRD9U	compatible_with	item_B01F7YUA8A
item_B007PSE3QM	compatible_with	item_B01F2NYNE8
item_B00XKTZ08A	compatible_with	item_B012A4PSTG
item_B00CAXS4PI	compatible_with	item_B00XWUD32W
item_B00U1IZPLA	compatible_with	item_B01DUFXGTI
item_B00IZ4FI0K	compatible_with	item_B01DDDAAJ6
item_B00408K91I	compatible_with	item_B004U43220
item_B012UOSYQK	compatible_with	item_B015TTI9V8
item_B005GV8RZ8	compatible_with	item_B016LJ4J7S
item_B005GQBJ3K	compatible_with	item_B00XKXHMD2
item_B0069J1Y2Y	compatible_with	item_B00SUMGC5M
item_B015BKCBXW	compatible_with	item_B019407BLC
item_B00917P36O	compatible_with	item_B00ULZAECI
item_B0007PRMTA	compatible_with	item_B00JULWJLI
item_B00H7X3FMI	compatible_with	item_B012UOSYQK
item_B00HIILFPG	compatible_with	item_B016X4P6QE
item_B00P05R7HY	compatible_with	item_B00X4X90ME
item_B005BHGBOG	compatible_with	item_B01H7EMBXK
item_B01ASQGT6E	compatible_with	item_B01FXIBQLK
item_B01D8TOAU0	compatible_with	item_B01H6DY7BQ
item_B00KQ2R3NE	compatible_with	item_B01DDDAAJ6
item_B01EM0ULP2	compatible_with	item_B01FQWN080
item_B014CFPN8C	compatible_with	item_B01GME2VHM
item_B00QVCSFC6	compatible_with	item_B00YD7IEDG
item_B00MO2JGX4	compatible_with	item_B01AS1JH6S
item_B00KH36RFM	compatible_with	item_B00O2UCPBQ
item_B00SXRPA2U	compatible_with	item_B00XPBB8YI
item_B00M9GJ8VK	compatible_with	item_B00XKXHMD2
item_B00WHF3E6S	compatible_with	item_B019I9KOYA
item_B00KT9T5OY	compatible_with	item_B00LZRGRA4
item_B00X9HIFIA	compatible_with	item_B01GPM5GX2
item_B00Y9MH16G	compatible_with	item_B0198IUMZM
item_B014QXRVNK	compatible_with	item_B0182G3RB2
item_B00TKPNA26	compatible_with	item_B01C3ND116
item_B00KRYL792	compatible_with	item_B01ARZDWDY
item_B00O5I1W3M	compatible_with	item_B01GLCCIVO
item_B006TD8SQ0	compatible_with	item_B00FQ0YTB0
item_B01EN4KVOI	compatible_with	item_B01FQ8IEGC
item_B001MBD93Q	compatible_with	item_B00Q9UX52K
item_B011I76VE2	compatible_with	item_B01FCYA2TW
item_B008X25SMW	compatible_with	item_B00V84SHIE
item_B011LTPIQO	compatible_with	item_B01C4TKTZ0
item_B000B76WW2	compatible_with	item_B00FNR2FOY
item_B0053HD20A	compatible_with	item_B008C7BVBA
item_B002X0A02S	compatible_with	item_B00MGLMHHK
item_B001THDBSQ	compatible_with	item_B018YIF56S
item_B00BJUMIL4	compatible_with	item_B013ET9L44
item_B003SFY44W	compatible_with	item_B00FNR2FOY
item_B0097DJJ94	compatible_with	item_B00MX2DS0W
item_B00UXD7SH2	compatible_with	item_B01H6DY7BQ
item_B00B5T2PDA	compatible_with	item_B00FVXDFBW
item_B00HC6F5GE	compatible_with	item_B00L5E0QTU
item_B013X04PDG	compatible_with	item_B0148WMJ9U
item_B00VTTOGHE	compatible_with	item_B01478Q4VE
item_B018SRR2DY	compatible_with	item_B01AABE4QE
item_B003FKI85Q	compatible_with	item_B00Z5OMBTO
item_B00BW0UKRU	compatible_with	item_B016YKHX1S
item_B005243GAK	compatible_with	item_B01F324FMI
item_B002D4BBCW	compatible_with	item_B00NHECBBW
item_B00NZJJP4U	compatible_with	item_B01EW3CU4O
item_B00JULWE54	compatible_with	item_B01ES40DAU
item_B0011UH06A	compatible_with	item_B00XKXHMD2
item_B00BVGCA1E	compatible_with	item_B00X9HIFIA
item_B01B3ISSBK	compatible_with	item_B01CH3OLWK
item_B008QZ1DNO	compatible_with	item_B00Q0YUAGE
item_B003EEMI7M	compatible_with	item_B015SSQCO6
item_B00R4TJJOS	compatible_with	item_B00UF405AG
item_B00328HRXK	compatible_with	item_B01FUMB2U4
item_B003XKNC04	compatible_with	item_B015OA5BE0
item_B00KA3TUNA	compatible_with	item_B01DWZTYWO
item_B01AXSD2IK	compatible_with	item_B01GU62EJM
item_B016HEU4E4	compatible_with	item_B018VCGEFS
item_B00OIMYYKI	compatible_with	item_B0156GCLD6
item_B00KXU16SW	compatible_with	item_B00WH5CAW2
item_B0037Z38DQ	compatible_with	item_B00Q4LZUW2
item_B0009UL0RI	compatible_with	item_B00WQIPK6S
item_B002Y2NS24	compatible_with	item_B00XKXHMD2
item_B00OIWIEDG	compatible_with	item_B00OLNBC72
item_B00V3ML4MW	compatible_with	item_B00XKXI3J4
item_B00CF74G1K	compatible_with	item_B01C3ND116
item_B00W5UX8MU	compatible_with	item_B00ZUJ9Q8I
item_B00BJOG7WG	compatible_with	item_B00TKH7YD0
item_B00I78ZHSM	compatible_with	item_B00ZE87NFS
item_B003TMWVDK	compatible_with	item_B00XKXHMD2
item_B00XWUD32W	compatible_with	item_B01AJGNPUG
item_B007CU8J7W	compatible_with	item_B007E68HGM
item_B00HSX6R72	compatible_with	item_B00JULWE54
item_B006QXUDV6	compatible_with	item_B016ZRFA5G
item_B00TF69QHS	compatible_with	item_B017V194DO
item_B00FFKL0LS	compatible_with	item_B00NC6IWPO
item_B0009YL20E	compatible_with	item_B00FPKHOCW
item_B00Z9T6XL2	compatible_with	item_B01C8PLLSO
item_B00SF71XFQ	compatible_with	item_B014UJI5EY
item_B00UJWS45M	compatible_with	item_B0195BRO9E
item_B00CYU6SQ4	compatible_with	item_B01B3HP24W
item_B003S29RY2	compatible_with	item_B017OEW7DC
item_B00DMW4T8C	compatible_with	item_B00ZC1Z6KQ
item_B009OAS5WC	compatible_with	item_B00SF71XFQ
item_B00PKOCZXQ	compatible_with	item_B013E0HGEA
item_B000CCOIFY	compatible_with	item_B00FXPRL5O
item_B000U63TPW	compatible_with	item_B00FYD7QDM
item_B00505DPE8	compatible_with	item_B008B80O1I
item_B000V9ME6S	compatible_with	item_B0091CC1OG
item_B002JIO2L4	compatible_with	item_B009B5OGAK
item_B00M82WXMG	compatible_with	item_B00OCA9J2O
item_B0073ARU5I	compatible_with	item_B00W9E8FOI
item_B00B4X30S6	compatible_with	item_B00B58FQ5K
item_B00DZQ379W	compatible_with	item_B00W3HY108
item_B00DMW4T8C	compatible_with	item_B00DTNNXXQ
item_B00DFLR4N2	compatible_with	item_B016YKHX86
item_B00U8DAHRA	compatible_with	item_B01EN4KVOI
item_B003OCPHA4	compatible_with	item_B003Z58Z0E
item_B00B58FQ5K	compatible_with	item_B00GBVNW3O
item_B00KBZOB40	compatible_with	item_B00LHI8FBA
item_B00CLQUCF4	compatible_with	item_B0156GCLD6
item_B00B6EAY1E	compatible_with	item_B00XKXHMD2
item_B00NBWKXZ6	compatible_with	item_B018XCGR76
item_B00LE1C2V4	compatible_with	item_B00W1FBHAY
item_B000IBKO02	compatible_with	item_B00FXPRL5O
item_B0009KN2KQ	compatible_with	item_B00N4N2IGO
item_B00PV35L3M	compatible_with	item_B00VUE6IP6
item_B00B58FQ5K	compatible_with	item_B00K0LTLE0
item_B00M4EDXDG	compatible_with	item_B018I887MS
item_B005FQHTWG	compatible_with	item_B018CS8UIA
item_B00M21ZA9Q	compatible_with	item_B01F8RRF8O
item_B00KRYL792	compatible_with	item_B01ES46O7G
item_B00I0H2FWG	compatible_with	item_B00NVOCBT0
item_B00FXLCUPO	compatible_with	item_B00SI2POSA
item_B014STNXWK	compatible_with	item_B016YRTP0S
item_B00BR9JU0E	compatible_with	item_B00Q4LZUW2
item_B00LE1C2V4	compatible_with	item_B01DK8QUO8
item_B019BFMS0O	compatible_with	item_B01D9IAIKQ
item_B00NQNKBY8	compatible_with	item_B01C26XARY
item_B00IL3NRRG	compatible_with	item_B0116LBASC
item_B002G9UGT8	compatible_with	item_B00FXPTQMA
item_B00AE9MKR8	compatible_with	item_B00I04GJO4
item_B0009G5V0E	compatible_with	item_B00O12LOLC
item_B001V8NUPC	compatible_with	item_B00WW6YJG6
item_B0115I5UGO	compatible_with	item_B018I887MS
item_B0092X0R40	compatible_with	item_B00HHBR008
item_B019752N26	compatible_with	item_B01CUPGRZ4
item_B000Z98D00	compatible_with	item_B00XKXHMD2
item_B00SMPMKGM	compatible_with	item_B00VVGX0RW
item_B00CIYB75S	compatible_with	item_B00KCXDCI2
item_B00XKXHMD2	compatible_with	item_B00ZPTA7CW
item_B00N4N2IGO	compatible_with	item_B01COKA01C
item_B00K00U4IS	compatible_with	item_B00TWIRMA2
item_B016OT9B8C	compatible_with	item_B01BFZ6MS2
item_B019HHGR3K	compatible_with	item_B01C28Q6Z0
item_B000UJW58Q	compatible_with	item_B00Q4LZUW2
item_B004KHSA7O	compatible_with	item_B01F324FMI
item_B0085TF7DS	compatible_with	item_B00FXPRL5O
item_B000KAWMHO	compatible_with	item_B00FLXDYU4
item_B00NNYAKMS	compatible_with	item_B01CU3GN0A
item_B00RHF0LKA	compatible_with	item_B019BFMS0O
item_B00CBYYTPK	compatible_with	item_B00FB4EK9W
item_B0009FB2WQ	compatible_with	item_B0009UL0RI
item_B003A260UE	compatible_with	item_B00MBMWJZE
item_B00IL3NRRG	compatible_with	item_B00L4KHED6
item_B00APXN95U	compatible_with	item_B01FJI6A56
item_B00YQC2M9A	compatible_with	item_B01DDDAAJ6
item_B00NHQGTGI	compatible_with	item_B01615AOI0
item_B00O4PK0OI	compatible_with	item_B00P055IP2
item_B00N4N2IGO	compatible_with	item_B01FVYL0Q2
item_B013MLTA5O	compatible_with	item_B01FNUPOF2
item_B00MBI7NNG	compatible_with	item_B00YU86SEK
item_B005HAR8K8	compatible_with	item_B00XKXHMD2
item_B00V84SHIE	compatible_with	item_B014HCIG98
item_B003EEMI7M	compatible_with	item_B019XJVGCY
item_B00KJIOMFC	compatible_with	item_B01FX3ZSWI
item_B00JMPYN66	compatible_with	item_B00SQPZL2S
item_B00B6EDFSS	compatible_with	item_B00XKXHMD2
item_B00248YF6Q	compatible_with	item_B00IL3NRRG
item_B008FB9XOA	compatible_with	item_B00D3RBCJ0
item_B015XYMT60	compatible_with	item_B01COUN3RK
item_B00A8YZQ6Q	compatible_with	item_B019IZ43PK
item_B0166BU7T0	compatible_with	item_B01DK7Z02M
item_B00R4TJJOS	compatible_with	item_B00U5LAC84
item_B00VIYLS8U	compatible_with	item_B019IBMJKU
item_B00KT12VJI	compatible_with	item_B01DPFZRXQ
item_B000WLPWAK	compatible_with	item_B0026KHRZS
item_B001BF1DU4	compatible_with	item_B009YRM6MK
item_B00CC3LRVE	compatible_with	item_B00WQ7HY2M
item_B000WLPWAK	compatible_with	item_B00F4NC9OI
item_B00WQQSH9C	compatible_with	item_B00WV1UGVO
item_B006ZOI5XY	compatible_with	item_B011S36MI6
item_B000KMK4OK	compatible_with	item_B017V194DO
item_B01EP4C2XY	compatible_with	item_B01H14P57U
item_B00HRNU3B4	compatible_with	item_B00WF2Q9YW
item_B00O2UCPBQ	compatible_with	item_B018JWXQAQ
item_B00HRNU3B4	compatible_with	item_B01DET03C8
item_B00TQBR4EE	compatible_with	item_B01BMO15OC
item_B00DNO3VDS	compatible_with	item_B016IO9NBI
item_B00ZUJ9Q8I	compatible_with	item_B0194E63NU
item_B00B6EBM06	compatible_with	item_B00KIDBKXA
item_B000A38ENM	compatible_with	item_B0127XUXLS
item_B000BWLW68	compatible_with	item_B011PHTM8C
item_B01DB4M7MA	compatible_with	item_B01FJOINQ4
item_B00NHECBBW	compatible_with	item_B00V5YQ7IO
item_B00WHF3E6S	compatible_with	item_B019H1OVKC
item_B011LTPIQO	compatible_with	item_B017JHA2GS
item_B00EHT532K	compatible_with	item_B018YIF56S
item_B0012N84YS	compatible_with	item_B00XC1GE54
item_B00HHKSVB6	compatible_with	item_B00O70UZ3Q
item_B01FQQZ1E2	compatible_with	item_B01H6YB182
item_B007BZ5CUA	compatible_with	item_B00VWK5QNI
item_B00R1NDL2I	compatible_with	item_B0198YXSUW
item_B00C9V8PXW	compatible_with	item_B00MX2DVSG
item_B00QV4RVQA	compatible_with	item_B01E6C689O
item_B008VVRQPW	compatible_with	item_B00XXPNFME
item_B0012OJR2A	compatible_with	item_B00DLW8CRC
item_B007HLCWQK	compatible_with	item_B00SMPMKGM
item_B007P5F1SE	compatible_with	item_B00NASDG7I
item_B00XWUD32W	compatible_with	item_B013C6J9VO
item_B00LE1C2V4	compatible_with	item_B00TQ3DJO6
item_B00PW00DGY	compatible_with	item_B018I887MS
item_B013X04PDG	compatible_with	item_B014IH2XN2
item_B00QLG5CXM	compatible_with	item_B00Z9T6XL2
item_B00GJ1RCZU	compatible_with	item_B017NT2314
item_B000M3BFYU	compatible_with	item_B018YIF56S
item_B000GB1R7S	compatible_with	item_B005DTVA9I
item_B01BMO15OC	compatible_with	item_B01FUJZA78
item_B00KYV02PI	compatible_with	item_B00MBI7NNG
item_B01CNIKR04	compatible_with	item_B01FUMB2U4
item_B002WG6ZXG	compatible_with	item_B00KBZOB40
item_B00XBBAV2C	compatible_with	item_B01BJEYHVI
item_B00XWUD32W	compatible_with	item_B01HF4A6DY
item_B00GOAVTGY	compatible_with	item_B016YKHX86
item_B001B4P6K8	compatible_with	item_B00KRYL7CE
item_B008LWXC4K	compatible_with	item_B00X9HIFIA
item_B00GRNJL4U	compatible_with	item_B01DUQUIG6
item_B00NOU3VZE	compatible_with	item_B0119VCWT0
item_B012XZ5LBW	compatible_with	item_B013H07O4O
item_B013W7M3XE	compatible_with	item_B01G2LYHFO
item_B00SC70IYQ	compatible_with	item_B017U0D892
item_B001AESJOE	compatible_with	item_B00ACIFLBI
item_B008Y8UYEC	compatible_with	item_B00COJWE3Q
item_B00NB3ZXR8	compatible_with	item_B016BM9Q5K
item_B003LO1ZFQ	compatible_with	item_B00XKXHMD2
item_B00GFY8MEG	compatible_with	item_B00V84SHIE
item_B00ACIFI70	compatible_with	item_B00XKXHMD2
item_B0073E4X3Q	compatible_with	item_B00IMB1DAA
item_B00WKXQAQS	compatible_with	item_B01GI5ENRG
item_B0148WMJ9U	compatible_with	item_B01890QD8K
item_B00MDKWP5S	compatible_with	item_B01HH3X0YU
item_B00F3SJQ72	compatible_with	item_B017LVEURO
item_B00SAFDL4O	compatible_with	item_B01ESQPHWW
item_B00YVMCHOU	compatible_with	item_B01DDDAAJ6
item_B000FGVXLY	compatible_with	item_B00GBJHP3O
item_B000OBTUZ6	compatible_with	item_B01H3EALEA
item_B019PWQO4E	compatible_with	item_B01AFNDPBW
item_B01GN0EGJ6	compatible_with	item_B01H30LCP6
item_B00NQJ5LAQ	compatible_with	item_B014RPOJGE
item_B00F3SJQ72	compatible_with	item_B01H6XOAEU
item_B013X04SJ2	compatible_with	item_B01AP40M7G
item_B00N4N2IGO	compatible_with	item_B00Q2GQPK0
item_B00OC35GS2	compatible_with	item_B01AYQY8RU
item_B00NQJ5LAQ	compatible_with	item_B01G7TXXBU
item_B008QYIKQ8	compatible_with	item_B01BYU5UQI
item_B00WHF3E6S	compatible_with	item_B01GONCEFA
item_B011LTPIQO	compatible_with	item_B01FX762GA
item_B000PCXDNE	compatible_with	item_B016LJ4J7S
item_B014SWBP7W	compatible_with	item_B0154ZUVHC
item_B00QV4RVQA	compatible_with	item_B01AJ5Q1KS
item_B00SRKELDM	compatible_with	item_B00VTTOGHE
item_B000TGPR4O	compatible_with	item_B006OVMYUI
item_B002G9UGT8	compatible_with	item_B00FXPRJWO
item_B019IGFQTG	compatible_with	item_B01DUQKRPI
item_B00IPKMQ72	compatible_with	item_B00XWUD32W
item_B00IY8MNSW	compatible_with	item_B01F6MBSF2
item_B00CMAGMB2	compatible_with	item_B00I14WP78
item_B01711AFIM	compatible_with	item_B01DBGJDYI
item_B00FNR2FOY	compatible_with	item_B01EZ6TREO
item_B00VQM12YY	compatible_with	item_B01CRVHEDK
item_B007WPNNCS	compatible_with	item_B0126IMURO
item_B00MBI7NNG	compatible_with	item_B017CNH6I6
item_B00B1AB1L0	compatible_with	item_B00CHNMU1U
item_B00SAFDL4O	compatible_with	item_B013SEP6FS
item_B00KXU16SW	compatible_with	item_B018JWUBOK
item_B01DTY57Q0	compatible_with	item_B01FM2STAS
item_B00LF0YN9S	compatible_with	item_B00WHF3E6S
item_B0156GCLD6	compatible_with	item_B01713G2Q4
item_B00L40DYKI	compatible_with	item_B00VB496Z4
item_B00XQC19X6	compatible_with	item_B01E2DKX66
item_B01D8PHBVY	compatible_with	item_B01DDDAAJ6
item_B005W79C6O	compatible_with	item_B00FIK4UBC
item_B00QFW4W8S	compatible_with	item_B01942W0IE
item_B00GSO1CGI	compatible_with	item_B00W3HY108
item_B00QI6GAS6	compatible_with	item_B017NT2314
item_B001DXQ0PM	compatible_with	item_B00KYM1DBE
item_B01CS6ORH0	compatible_with	item_B01GDY9Z0M
item_B0086OZ6A6	compatible_with	item_B01FQJ32QS
item_B0150YIVVK	compatible_with	item_B015E02MZG
item_B01CXPBSGE	compatible_with	item_B01EJPCZ5E
item_B00RFM27FC	compatible_with	item_B013SEP6FS
item_B00QGSJVZU	compatible_with	item_B00V6CQ57S
item_B00V84SHIE	compatible_with	item_B01A032YXC
item_B0114KZ62Q	compatible_with	item_B01FNUPOF2
item_B003XJAXFC	compatible_with	item_B0044UOBUW
item_B00E0GRM2Y	compatible_with	item_B01B3HP24W
item_B0009YL20E	compatible_with	item_B00K4VUL4A
item_B00X9HIFIA	compatible_with	item_B00XXPMJKI
item_B001FXZU92	compatible_with	item_B00XKXI2D6
item_B003W3QSTE	compatible_with	item_B015P0X9HU
item_B00ISJF3CA	compatible_with	item_B00W6YEITM
item_B00ZR2GA4G	compatible_with	item_B01F2R2D28
item_B0166BU7T0	compatible_with	item_B01FH9WUPQ
item_B00MTFXF60	compatible_with	item_B01FUMB2U4
item_B00PFO8E7C	compatible_with	item_B00Y9MH16G
item_B01AA2LPD8	compatible_with	item_B01HF19LY2
item_B0009MH2Q4	compatible_with	item_B00139IETG
item_B00BQKO2KM	compatible_with	item_B00NE4YJVK
item_B017R8FR6Y	compatible_with	item_B01FX3ZSWI
item_B0067WPBT0	compatible_with	item_B019HHGR3K
item_B0031U0QBE	compatible_with	item_B00B1AB1L0
item_B00026395U	compatible_with	item_B00XKXHMD2
item_B01CU3GN0A	compatible_with	item_B01GZT51RG
item_B00NBSPHHY	compatible_with	item_B00VZA5TSC
item_B00F3SJQ72	compatible_with	item_B00N83BDK2
item_B00080QZCY	compatible_with	item_B011WRP8KG
item_B00CBE1S6I	compatible_with	item_B00SC1ABYO
item_B00FXPRJWO	compatible_with	item_B01FLG74HE
item_B00A9ZBGKO	compatible_with	item_B01611AXW6
item_5120053351	compatible_with	item_B0170MI3TU
item_B012UOSYQK	compatible_with	item_B017MHDG1S
item_B00JC2YXFK	compatible_with	item_B00JG3M6OA
item_B00HRNU3B4	compatible_with	item_B017J2U03I
item_B00E6U8ZJ8	compatible_with	item_B01BGWYFE2
item_B00847JCJQ	compatible_with	item_B01FNUPOF2
item_B00P3ND0I8	compatible_with	item_B00V4DG42K
item_B00F8R6MY8	compatible_with	item_B01FUMB2U4
item_B005QT55QO	compatible_with	item_B00FIK4UBC
item_B00VHVK4W0	compatible_with	item_B017U30NBU
item_B0065ECGKM	compatible_with	item_B00WXQHXTU
item_B019S38JJI	compatible_with	item_B019S3FJ78
item_B00RGWU7E4	compatible_with	item_B00T6H8UY6
item_B00C9VA2PG	compatible_with	item_B00CBE1S6I
item_B00S0HGLXK	compatible_with	item_B018V8UAM0
item_B00LE1C2V4	compatible_with	item_B01D3R778Y
item_B00ZUJ9Q8I	compatible_with	item_B014I0EMJM
item_B00F09YIRC	compatible_with	item_B00QVFHTIE
item_B00CAXRE6I	compatible_with	item_B00KBZO8WK
item_B017TYWCWI	compatible_with	item_B019IBMJKU
item_B00BQM755E	compatible_with	item_B00XZ3EF0U
item_B0183SZ1S6	compatible_with	item_B01CNYSM3W
item_B00J7CD8HE	compatible_with	item_B016PWILXY
item_B00L5E0QTU	compatible_with	item_B010CD603U
item_B00ZQ98AC0	compatible_with	item_B010RA4PQM
item_B0040RWJ4O	compatible_with	item_B00F9IGIKO
item_B00CRHG6SE	compatible_with	item_B00DVFWFKE
item_B00MD9O28C	compatible_with	item_B018I887MS
item_B00GV2LHVM	compatible_with	item_B00L5E0NQG
item_B00P3ATW5G	compatible_with	item_B016YKHXL8
item_B00T0VSOUS	compatible_with	item_B01E0FPAAK
item_B00V4DG42K	compatible_with	item_B01ALHH036
item_B015H4JZX6	compatible_with	item_B0185GOM2M
item_B0009UL0RI	compatible_with	item_B00I97VMYE
item_B00K16TNMO	compatible_with	item_B01GO0VDQO
item_B00Q0BHE16	compatible_with	item_B011AR77O8
item_B00R39IU7G	compatible_with	item_B01A9RP7WY
item_B001SAB1QI	compatible_with	item_B00Q4LZUW2
item_B00HMHKPNQ	compatible_with	item_B00PXSBBJI
item_B00PQSWORS	compatible_with	item_B00VUE6IP6
item_B00PRD0VN6	compatible_with	item_B015KBM056
item_B004WKCMP0	compatible_with	item_B00KRYL792
item_B00N4N2IGO	compatible_with	item_B01FUQQMA0
item_B00QHMU6UE	compatible_with	item_B00T0VSOUS
item_B015TTI9V8	compatible_with	item_B018I887MS
item_B00NN6VISG	compatible_with	item_B00YGAISMM
item_B00XXPMJKI	compatible_with	item_B01AMF7MA8
item_B0009UL0RI	compatible_with	item_B0058Z1QPU
item_B00FX7CHEW	compatible_with	item_B00HIILFPG
item_B00F8FEI7S	compatible_with	item_B00NVOCBT0
item_B006TD8SQ0	compatible_with	item_B0094KDJ0A
item_B001N4OCII	compatible_with	item_B00OIWIEDG
item_B00X9HIFIA	compatible_with	item_B01ETOQRFO
item_B00NAWKASM	compatible_with	item_B01FUMB2U4
item_B005UZE8P8	compatible_with	item_B008X25SMW
item_B00O72IPCC	compatible_with	item_B015IXY3K6
item_B00JC2YXFK	compatible_with	item_B01BGKA8XG
item_B0012M83AE	compatible_with	item_B01H3EALTK
item_B0009YL20E	compatible_with	item_B000J498PA
item_B01A9RP7WY	compatible_with	item_B01HC535O8
item_B008VEI680	compatible_with	item_B00HFA919E
item_B00YCP29IU	compatible_with	item_B01B3HP24W
item_B000SMB1NK	compatible_with	item_B01708CTGM
item_B016MFDPU8	compatible_with	item_B017LRFO96
item_B00YZJZTYO	compatible_with	item_B01AP40M7G
item_B00FQ0YTB0	compatible_with	item_B017LZINE6
item_B00E8ITUTM	compatible_with	item_B00X9HIFIA
item_B000UVO9YW	compatible_with	item_B01DUQKRPI
item_B010PX63GQ	compatible_with	item_B01ANF3DM8
item_B0018SX49W	compatible_with	item_B00THY52N0
item_B00LLS40N8	compatible_with	item_B01DCK4SW0
item_B005GYSJT4	compatible_with	item_B00HIILFPG
item_B000783UXO	compatible_with	item_B00PXSBBJI
item_B0012N84YS	compatible_with	item_B00B58FQ5K
item_B00NJ873Q4	compatible_with	item_B00T0VSOUS
item_B0064Y430O	compatible_with	item_B0065ECGKM
item_B00EK93ZVS	compatible_with	item_B00HFTA6VC
item_B000NKYQMA	compatible_with	item_B00XKXHMD2
item_B015CBQ3ZW	compatible_with	item_B01CU2CY9U
item_B00JULWJLI	compatible_with	item_B00S4THPIO
item_B00O18AXLI	compatible_with	item_B00UCM6B4A
item_B00NMLT2C6	compatible_with	item_B016YKHX1S
item_B004I79ZC0	compatible_with	item_B00LHARHBM
item_B00FZEE2GO	compatible_with	item_B00KKXCJQU
item_B00QKHYAUI	compatible_with	item_B013IXB626
item_B000EXT676	compatible_with	item_B005P1JMGC
item_B001L0ZL16	compatible_with	item_B00ZUJ9Q8I
item_B005A8D94G	compatible_with	item_B00NHECBBW
item_B00L89UHR8	compatible_with	item_B00V84SHIE
item_B00HWF7I2Y	compatible_with	item_B018UHAFD6
item_B01AW46DYU	compatible_with	item_B01ESQPHWW
item_B000E99ZXK	compatible_with	item_B0065ECGKM
item_B004VJR0FE	compatible_with	item_B01BU5AVK2
item_B01D410A2O	compatible_with	item_B01HBXYO4G
item_B00SQORTF6	compatible_with	item_B01CN3WM8E
item_B000ZAISTU	compatible_with	item_B00FXPRJWO
item_B00GUBHBRS	compatible_with	item_B00NHQGTGI
item_B00FLXDYU4	compatible_with	item_B00WB260I6
item_B0118XFD4A	compatible_with	item_B01CC9LSMU
item_B00C6U0KZ2	compatible_with	item_B00C6U13XA
item_B00H9B9CMK	compatible_with	item_B01BSEQNP2
item_B00V84SHIE	compatible_with	item_B00Z5SM9RE
item_B009WQJV1M	compatible_with	item_B00D3F78KY
item_B00F8FEI7S	compatible_with	item_B01DAREGQS
item_B017OXG018	compatible_with	item_B01D1ZDKXO
item_B00B58FQ5K	compatible_with	item_B00P8E7PVK
item_B0115HTFC0	compatible_with	item_B01CIGI03M
item_B01A9RP7WY	compatible_with	item_B01DBZJ6Y6
item_B00QGSJVZU	compatible_with	item_B01FH8AL62
item_B00FYEW0FA	compatible_with	item_B00Q4LZUW2
item_B0012N84YS	compatible_with	item_B00OAYBNKS
item_B00DMW4T8C	compatible_with	item_B011U7BX5W
item_B00AHXIC96	compatible_with	item_B00C45ZGOE
item_B007A3MO1S	compatible_with	item_B01F324FMI
item_B016PWILXY	compatible_with	item_B01HI6FYU4
item_B00EDPBCXC	compatible_with	item_B018I887MS
item_B00Z8A3TPK	compatible_with	item_B01B57Z010
item_B0009G6BN0	compatible_with	item_B00DLW8CRC
item_B00F3SJQ72	compatible_with	item_B01HD4Z44W
item_B00FEMK2V6	compatible_with	item_B00MY8WSCO
item_B002BM5ZS2	compatible_with	item_B00MGLMHHK
item_B00QNAIJ4A	compatible_with	item_B00V4FM4KY
item_B01FYFPH58	compatible_with	item_B01FYFPL5O
item_B00JVGJ01Y	compatible_with	item_B01FA0DBAA
item_B0072J71L8	compatible_with	item_B00ENRNXH8
item_B00OJP29CY	compatible_with	item_B014MCFM4K
item_B0012QM6GW	compatible_with	item_B00WU33Z2K
item_B00APOA78Q	compatible_with	item_B00XWUD32W
item_B00MVR6888	compatible_with	item_B01F8PJXFY
item_B010LFAM0Q	compatible_with	item_B015H4F5HQ
item_B01F1XA5R8	compatible_with	item_B01FVZH0EM
item_B0012BXDP0	compatible_with	item_B00BRDBCMO
item_B00XZ3EF0U	compatible_with	item_B011AK3O92
item_B00WSKQG1M	compatible_with	item_B01AXW2H5U
item_B00SKHTQPU	compatible_with	item_B01AP40M7G
item_B009B1TRXU	compatible_with	item_B00FEC2K34
item_B00KGLDBX6	compatible_with	item_B00O4DOA64
item_B00C9WDY3W	compatible_with	item_B00C9WESYG
item_B00DG7AZSG	compatible_with	item_B0198YXSUW
item_B00OQJF1WS	compatible_with	item_B013X04PDG
item_B00569QD7Y	compatible_with	item_B00ACIFLBI
item_B018H1OFZE	compatible_with	item_B01FX3ZSWI
item_B00ZUJ9Q8I	compatible_with	item_B01ELFB7J2
item_B00LHMN61K	compatible_with	item_B00XWUD32W
item_B00OMDKIZI	compatible_with	item_B0118XFD4A
item_B00F3SJQ72	compatible_with	item_B01G7W84FW
item_B012IDA2QS	compatible_with	item_B019IOEH16
item_B00IV4BRGS	compatible_with	item_B00O4DOA64
item_B004XDR1HU	compatible_with	item_B017XIFGOQ
item_B0115KI032	compatible_with	item_B0115KIWSA
item_B00KBZO8WA	compatible_with	item_B00YB6GHSI
item_B00XLV5GVS	compatible_with	item_B01BU5AVK2
item_B00E4VHGG2	compatible_with	item_B00XWUD32W
item_B00FC1RTVA	compatible_with	item_B016LJ4GBM
item_B013E0HGEA	compatible_with	item_B01EKLYZOQ
item_B000BWLW68	compatible_with	item_B005B3R1S0
item_B004I764VA	compatible_with	item_B00IXP3EWU
item_B00DFQYEBW	compatible_with	item_B00TKVQM7K
item_B00PRD0VN6	compatible_with	item_B015RJWTNY
item_B00XKXHMD2	compatible_with	item_B01F9LMAAW
item_B004LK9GZ0	compatible_with	item_B006WU297O
item_B00LE6LYH2	compatible_with	item_B00NHECBBW
item_B002N3O5BW	compatible_with	item_B0064YY0D4
item_B001UPXLA0	compatible_with	item_B00XZATUN0
item_B00O5I1W3M	compatible_with	item_B00RCKUFF6
item_B003VN0LFC	compatible_with	item_B00ACIFHBM
item_B00E0G6IIS	compatible_with	item_B00HG8287W
item_B000U87BKO	compatible_with	item_B004XVJLTS
item_B00WB23U5M	compatible_with	item_B01DWY6IBA
item_B00UEQRKNK	compatible_with	item_B015CBQ3ZW
item_B00XBBTDC6	compatible_with	item_B01DDDAAJ6
item_B00BBJJ1I6	compatible_with	item_B00ZQW1PRO
item_B0019CGG92	compatible_with	item_B001DB2WHY
item_B00M31C1U6	compatible_with	item_B00QVCSFC6
item_B00403MB5K	compatible_with	item_B00KOJYK44
item_B007V1E19W	compatible_with	item_B00NHECBBW
item_B000TGPR4O	compatible_with	item_B001CIVVT8
item_B0114COPWQ	compatible_with	item_B018LLBO9A
item_B003WMO9J6	compatible_with	item_B00IL3NRRG
item_B00XZ3EF0U	compatible_with	item_B01DV4PCWW
item_B00HRNU3B4	compatible_with	item_B00KRYNBFK
item_B003EEMI7M	compatible_with	item_B00RDE5KO2
item_B000JJMKYQ	compatible_with	item_B00FXPRL5O
item_B0002MGS9S	compatible_with	item_B01DUQKRPI
item_B007IJ5N4O	compatible_with	item_B00V84SHIE
item_B00F3SJQ72	compatible_with	item_B013H4XAO8
item_B002EMDF2C	compatible_with	item_B01BU5AVK2
item_B0149X6QKG	compatible_with	item_B01587SD58
item_B009CCRL6I	compatible_with	item_B00XWUD32W
item_B00TY2MN1O	compatible_with	item_B01450QI4C
item_B0007PRMTA	compatible_with	item_B00JULWE54
item_B00CAY1TV8	compatible_with	item_B01BSEQNP2
item_B016MFE7AU	compatible_with	item_B017LRFCN4
item_B017V1AZC8	compatible_with	item_B019S38JJI
item_B00J4MHJ7W	compatible_with	item_B01CEBDS92
item_B00WHF3E6S	compatible_with	item_B010TQGDUU
item_B016LJ4N92	compatible_with	item_B01B3ISSBK
item_B000OVHWEW	compatible_with	item_B000OVJZBK
item_B011LTPIQO	compatible_with	item_B016GOI61S
item_B005FN1VBY	compatible_with	item_B00E0IKY4U
item_B00QNAIJ4A	compatible_with	item_B012U9NKUA
item_B00XZATUN0	compatible_with	item_B01ER0N2LM
item_B00L1528W6	compatible_with	item_B01FRGKIZI
item_B0156GCLD6	compatible_with	item_B01CK3WLVU
item_B01ELAMGNI	compatible_with	item_B01HH3X0YU
item_B00JULWE54	compatible_with	item_B00NC7FVCK
item_B019S38JJI	compatible_with	item_B019S39QJ0
item_B000JLD1RY	compatible_with	item_B000YRUZTK
item_B00UNIDMOU	compatible_with	item_B01610O85K
item_B0041F0F78	compatible_with	item_B01B3ISSBK
item_B00KIDBKXA	compatible_with	item_B01H3IRPF4
item_B011WESPD6	compatible_with	item_B016NBXHK4
item_B00XBBMAW6	compatible_with	item_B00XXPNFME
item_B00KOC7ZE8	compatible_with	item_B00OV4840E
item_B005GYGGRG	compatible_with	item_B01EKZS3K4
item_B00NDZUZAO	compatible_with	item_B01E61CD1C
item_B001FOR27Y	compatible_with	item_B00QNAIJ4A
item_B00ZUJ9Q8I	compatible_with	item_B0194MEMXA
item_B01C2IPCQ4	compatible_with	item_B01EYBC6L6
item_B000FXSTHS	compatible_with	item_B00CBE1S6I
item_B001D21QES	compatible_with	item_B007QZWROE
item_B00J71XZHI	compatible_with	item_B00V84SHIE
item_B00FTIQEBM	compatible_with	item_B013W7M3XE
item_B007V1DRAG	compatible_with	item_B00QGSJVZU
item_B002HEX1KS	compatible_with	item_B00Z5OMBTO
item_B000783QR4	compatible_with	item_B00PXSBMG0
item_B003O86LQM	compatible_with	item_B00ZF7OJ5U
item_B00FQ0YTB0	compatible_with	item_B01EYBK0SC
item_B005ADAPV6	compatible_with	item_B0085TF7DS
item_B00505DW2I	compatible_with	item_B00IMB1DAA
item_B0182G7G3M	compatible_with	item_B01CPCHVUW
item_B00MOU7FF2	compatible_with	item_B01CIV7Z0Q
item_B0010W49K4	compatible_with	item_B0012OFU2Q
item_B00G9TRP86	compatible_with	item_B019S38JJI
item_B0042U5FSQ	compatible_with	item_B01C3CV1P0
item_B000QU1UAI	compatible_with	item_B00NHECBBW
item_B003GU679O	compatible_with	item_B017V194DO
item_B013X04PDG	compatible_with	item_B019Z2BS22
item_B00XN3D2S8	compatible_with	item_B01FQS7RSS
item_B00KXU16SW	compatible_with	item_B018OK2TX8
item_B00ACIFHBM	compatible_with	item_B00KBZPO9G
item_B00EZUGBNG	compatible_with	item_B012UOSYQK
item_B016LJ4J7S	compatible_with	item_B01G5V1FYM
item_B00BI20E2S	compatible_with	item_B00QGSJVZU
item_B007BZ5CUA	compatible_with	item_B00HX743T2
item_B00CZAEK4U	compatible_with	item_B00KYJ9J1I
item_B005W1BY6Q	compatible_with	item_B00AYCZCTI
item_B00LQKWZN8	compatible_with	item_B00V84SHIE
item_B0007LLFS8	compatible_with	item_B00OV4840E
item_B003OQU1PQ	compatible_with	item_B00ARH8C9M
item_B0177KNUUM	compatible_with	item_B017V194DO
item_B00G9XDARW	compatible_with	item_B01AUFDXMG
item_B0002M34U4	compatible_with	item_B01F324FMI
item_B00FGCJZZS	compatible_with	item_B017RI904E
item_B00KCXQ3N8	compatible_with	item_B00W4ICNGK
item_B008Z6ISQO	compatible_with	item_B00I14WP78
item_B009SP3JNS	compatible_with	item_B00QNAIJ4A
item_B0002TOZ1E	compatible_with	item_B001NUR7X4
item_B0055D57CI	compatible_with	item_B01FUMB2U4
item_B0009MM34U	compatible_with	item_B00HIZKH7G
item_B00I0MNB2Y	compatible_with	item_B00O1XUXNG
item_B0132HXVDU	compatible_with	item_B01H3EALMM
item_B003SG00D0	compatible_with	item_B00FNR2FOY
item_B0009G8HO6	compatible_with	item_B01H7EMBXK
item_B00VXIG80Y	compatible_with	item_B010MAJZO4
item_B0009UL0RI	compatible_with	item_B0057X9WPY
item_B00LNJDA18	compatible_with	item_B00XBBAV2C
item_B011IS9WNI	compatible_with	item_B01DS6GZYM
item_B00O72IPCC	compatible_with	item_B01DTSYKBO
item_B00JULWJLI	compatible_with	item_B00JUM6MDI
item_B011F5GVOC	compatible_with	item_B01EN4KVOI
item_B017K0L9A2	compatible_with	item_B01E10XIWG
item_B004I7BKZ0	compatible_with	item_B00ZRO6DZ0
item_B002459NI4	compatible_with	item_B00IL3NRRG
item_B00AC7JGZQ	compatible_with	item_B00N2LV1PC
item_B0035LBW76	compatible_with	item_B00B58FQ5K
item_B0050MXDHK	compatible_with	item_B00SF71XFQ
item_B0012BPU3S	compatible_with	item_B019HHGR3K
item_B0057XMFBM	compatible_with	item_B0068FWNX8
item_B01890QD8K	compatible_with	item_B01C8PLLSO
item_B008YWF7OU	compatible_with	item_B00JULWE54
item_B00DMW4T8C	compatible_with	item_B019WZMEDO
item_B00VTV9Y9C	compatible_with	item_B01BGWYFHE
item_B009ZRTM3A	compatible_with	item_B017V194DO
item_B00939TYAG	compatible_with	item_B00ECFXUPG
item_B00L5E0NQG	compatible_with	item_B00TGNZ9NU
item_B00XWUD32W	compatible_with	item_B010TWIRLM
item_B00139IETG	compatible_with	item_B007C2PYKA
item_B00UF405AG	compatible_with	item_B01ESQPHWW
item_B00I13KPXU	compatible_with	item_B01H3EALTK
item_B0018OPCM8	compatible_with	item_B00SMJHB6C
item_B00AHXIC96	compatible_with	item_B011SB35BA
item_B0064Y4JLM	compatible_with	item_B00KRYL792
item_B014H3CNWI	compatible_with	item_B014MCFM4K
item_B00AYCZCTI	compatible_with	item_B00G0N779I
item_B014V7MHMG	compatible_with	item_B01510TSQU
item_B004A7XXUI	compatible_with	item_B016LJ4GBM
item_B007W6JYNO	compatible_with	item_B01DR117FA
item_B00GHUHDOI	compatible_with	item_B00Q4LZUW2
item_B00UNJPE36	compatible_with	item_B018EVCPUE
item_B00PV35L3M	compatible_with	item_B00Z9T6XL2
item_B01683QGIM	compatible_with	item_B019MDWF76
item_B00505DPE8	compatible_with	item_B00589DHLC
item_B00L5E0QTU	compatible_with	item_B01AFHRR3K
item_B00OO27QWK	compatible_with	item_B00P2O9WVM
item_B0002BH4GK	compatible_with	item_B00FXPRL5O
item_B006TLY85C	compatible_with	item_B00Q4LZUW2
item_B00F3SJQ72	compatible_with	item_B00SI2POSA
item_B00AEEFK8E	compatible_with	item_B01DB9WT4Q
item_B017M4N1ES	compatible_with	item_B0182G3YBK
item_B0118XFD4A	compatible_with	item_B01G8NVVKU
item_B00AZ6P8BK	compatible_with	item_B00JULWJLI
item_B00IUOTWX4	compatible_with	item_B01FX6V2YS
item_B00LNJDA18	compatible_with	item_B00XXPMJKI
item_B0002M4VJM	compatible_with	item_B0009UL0RI
item_B00V84SHIE	compatible_with	item_B01ARZDWDY
item_B00KHB8TJ6	compatible_with	item_B016LJ4GBM
item_B00A6R8IVA	compatible_with	item_B00OD9ZAH2
item_B0018OOF6M	compatible_with	item_B00D4N0K7S
item_B003552QG8	compatible_with	item_B00XZ3EF0U
item_B00NHXUBNS	compatible_with	item_B016OT9B8C
item_5120053351	compatible_with	item_B000ZHFCPQ
item_B00ANBU0GK	compatible_with	item_B017LZINE6
item_B00139IETG	compatible_with	item_B00B5WSI3I
item_B003XDTBS8	compatible_with	item_B0174V9JVI
item_B00WAXG1T4	compatible_with	item_B01F4BCFPW
item_B00HFGMO7Y	compatible_with	item_B0196YFEUG
item_B017LQGXVA	compatible_with	item_B01DB9KB6O
item_B00BBW7EZU	compatible_with	item_B01DSMRXHY
item_B00SQORTF6	compatible_with	item_B01A8JQL78
item_B00139IETG	compatible_with	item_B001CMYWW2
item_B006PB4HDE	compatible_with	item_B00SQPZL2S
item_B00OBPHX0U	compatible_with	item_B017MHDG1S
item_B00XKXIAAG	compatible_with	item_B01F324FMI
item_B00DFNHK2U	compatible_with	item_B00S0HGLXK
item_B00BEIPSTA	compatible_with	item_B00T0VSOUS
item_B011LTPIQO	compatible_with	item_B01ESGH34C
item_B00V5Y5V8G	compatible_with	item_B01DTY57Q0
item_B01BSEQNP2	compatible_with	item_B01C3CV1P0
item_B01CQZYIVI	compatible_with	item_B01E2DKX66
item_B00NJ873Q4	compatible_with	item_B0159HOVCQ
item_B00B58FQ5K	compatible_with	item_B00PZ30MKU
item_B00UZJFN3A	compatible_with	item_B0115KIWSA
item_B01A9RP7WY	compatible_with	item_B01FSCTXK2
item_B00K00U4IS	compatible_with	item_B01C3ND116
item_B00SJJ9T60	compatible_with	item_B011LTPIQO
item_B00S568L9S	compatible_with	item_B00VUE6IP6
item_B004U43220	compatible_with	item_B00QGSJVZU
item_B00XHM6IV8	compatible_with	item_B00XKJ6ZUM
item_B00325MSWI	compatible_with	item_B00O12LOLC
item_B0131JMN10	compatible_with	item_B01GFJVZS0
item_B00WGR902E	compatible_with	item_B00Z9T6XL2
item_B0093KTPW2	compatible_with	item_B019MDWF76
item_B00IL3NRRG	compatible_with	item_B018GWB3PY
item_B00KFVR37C	compatible_with	item_B00NQJ5LAQ
item_B017JFSGTK	compatible_with	item_B01DUQKRPI
item_B00CBAOE22	compatible_with	item_B00FXPRJWO
item_B00K1BV7CI	compatible_with	item_B014HALHH8
item_B000G1FDIM	compatible_with	item_B001DNFAOO
item_B000C1S9V4	compatible_with	item_B00V84SHIE
item_B004LA871O	compatible_with	item_B015YLIU10
item_B00O72IPCC	compatible_with	item_B01H3YIL2E
item_B002WUQCQM	compatible_with	item_B00I14SDII
item_B002P2NJHC	compatible_with	item_B00Q4LZUW2
item_B00JC2YXFK	compatible_with	item_B00UGTXGII
item_B00J7EASPM	compatible_with	item_B00JC2YXFK
item_B00NQJ5LAQ	compatible_with	item_B01G7TXFU4
item_B004I79ZC0	compatible_with	item_B007S9UYZW
item_B006SRSZOW	compatible_with	item_B006SRTE2Y
item_B00BDW3V2S	compatible_with	item_B00KZT5X26
item_B00G10OD5Q	compatible_with	item_B00XKXI3WG
item_B00JRBZF7G	compatible_with	item_B01DIZR0FQ
item_B00SZ0A4H6	compatible_with	item_B01DCBS4NS
item_B003WXL1J6	compatible_with	item_B01DJAYGPW
item_B00K00U4IS	compatible_with	item_B00TWIRKHM
item_B008LWQGIY	compatible_with	item_B00FLXDYU4
item_B01CE7NX3C	compatible_with	item_B01FXIBQLK
item_B001AQSNGQ	compatible_with	item_B016YKHX86
item_B000MX5ZSM	compatible_with	item_B0193Q6PB4
item_B01G5A5WVK	compatible_with	item_B01H30LCP6
item_B000B8JIFE	compatible_with	item_B00APXN95U
item_B00ZEE99BS	compatible_with	item_B01E7Q8AVS
item_B00P3AQZCO	compatible_with	item_B013JPRQ90
item_B00KOL0THY	compatible_with	item_B01DDDAAJ6
item_B012V66GLW	compatible_with	item_B01DOFVECK
item_B01FRGKIZI	compatible_with	item_B01GPL9GDE
item_B001OMJ2WU	compatible_with	item_B01G4RTNGE
item_B0094KS1HG	compatible_with	item_B01EYBK0SC
item_B011LTPIQO	compatible_with	item_B015MRZUAK
item_B005KDXQSU	compatible_with	item_B0156GCLD6
item_B00X9HIFIA	compatible_with	item_B01DDDAAJ6
item_B0080Q7QTY	compatible_with	item_B00X9HIFIA
item_B0071M9YFW	compatible_with	item_B016LJ4J7S
item_B000WLPWAK	compatible_with	item_B002LSI2ZY
item_B000A2KE3G	compatible_with	item_B01A16XYT6
item_B00Z0B13Z0	compatible_with	item_B01GGR0ICU
item_B004H49JOS	compatible_with	item_B00W3HY108
item_B019752N26	compatible_with	item_B01FYR2QKU
item_B00JPEOU5S	compatible_with	item_B016LJ4J7S
item_B00DVFWFKE	compatible_with	item_B00NCUDX8G
item_B00RXHFEN6	compatible_with	item_B01F4BCFMU
item_B00EB13DPI	compatible_with	item_B018I887MS
item_B00JBJCLG2	compatible_with	item_B019IBMJKU
item_B015IXY3K6	compatible_with	item_B016YRTP0S
item_B00GJ7860E	compatible_with	item_B00XXPMJKI
item_B00L5E0QTU	compatible_with	item_B0164WMK64
item_B00SYU3F7I	compatible_with	item_B01AP40M7G
item_B00VHVK4W0	compatible_with	item_B01BPQKV7E
item_B0091CC1OG	compatible_with	item_B017RCNBW2
item_B00VXWNYUW	compatible_with	item_B013E0HGEA
item_B00BU6ZNRI	compatible_with	item_B00XZ3EF0U
item_B0091CC1OG	compatible_with	item_B00BMK75NM
item_B006SFRVEY	compatible_with	item_B01BY59MJE
item_B01D410A2O	compatible_with	item_B01E3G5X8K
item_B0047EZUS2	compatible_with	item_B01CXPBSGE
item_B0018OQ93Y	compatible_with	item_B00E1ZPAG4
item_B0012OFU2Q	compatible_with	item_B00FEMK2V6
item_B00H1OP0CG	compatible_with	item_B01FA0DBAA
item_B00LKW2RQC	compatible_with	item_B00QM3L166
item_B00TF6B3PG	compatible_with	item_B017V194DO
item_B00MVR6888	compatible_with	item_B00UT67ZLC
item_B00I086T9A	compatible_with	item_B00XZ3EF0U
item_B00791QYMQ	compatible_with	item_B00CRBX2CI
item_B00LPQXVFE	compatible_with	item_B012UV29QE
item_B004HCE3LY	compatible_with	item_B00QNAIJ4A
item_B003DV9AAE	compatible_with	item_B00ARH8C9M
item_B00UUH262I	compatible_with	item_B01FA0DBAA
item_B012F61VS6	compatible_with	item_B01FX3ZSWI
item_B00A4CXBAU	compatible_with	item_B01FUMB2U4
item_B00CD4W892	compatible_with	item_B00YXGLPNI
item_B00B58FQ5K	compatible_with	item_B00FM08PHI
item_B00E1EN92W	compatible_with	item_B018FMNZ1U
item_B00JFSQ30Y	compatible_with	item_B0156GCLD6
item_B00K00U4IS	compatible_with	item_B00LCICCZU
item_B0018OOF6M	compatible_with	item_B01DL3MVCC
item_B002G9UGT8	compatible_with	item_B00CBAOD3C
item_B006UCX3PQ	compatible_with	item_B0109FSMG4
item_B009ZHFFPO	compatible_with	item_B01F324FMI
item_B00139IETG	compatible_with	item_B004R1K60M
item_B00O9K01H4	compatible_with	item_B01F8VL0UE
item_B00BJ7BYEO	compatible_with	item_B00VTVF748
item_B018PSZWOC	compatible_with	item_B01CXPBSGE
item_B00WFPOI88	compatible_with	item_B01B3HP24W
item_B00R3UR2OM	compatible_with	item_B01AP40M7G
item_B005FQHTWG	compatible_with	item_B01A7VLY60
item_B00SYZ4NCE	compatible_with	item_B017LQGXVA
item_B01DKCB6W0	compatible_with	item_B01FX3ZSWI
item_B01GYFN1AU	compatible_with	item_B01H3EALTK
item_B00HDZIT0S	compatible_with	item_B01H3EALMM
item_B0009GCTLS	compatible_with	item_B00139IETG
item_B00D62452S	compatible_with	item_B01H43Z5GY
item_B013X04PDG	compatible_with	item_B01DM1JJLY
item_B00PQ81208	compatible_with	item_B014DSN308
item_B00PV35L3M	compatible_with	item_B01F8VL0UE
item_B00E7WRWQM	compatible_with	item_B00XKXI41Q
item_B00E8ITUTM	compatible_with	item_B00NHECBBW
item_B008H4FF92	compatible_with	item_B0156GCLD6
item_B00CMWBD50	compatible_with	item_B00SZ0A4H6
item_B00JMPUZHC	compatible_with	item_B00OQDBUQA
item_B00180R7RA	compatible_with	item_B00XIYVK72
item_B00O70UZ3Q	compatible_with	item_B00UOB0BCM
item_B00WSDHMLC	compatible_with	item_B01CU3GN0A
item_B0149GQGXU	compatible_with	item_B015G5SQ4A
item_B005U9Y2Y6	compatible_with	item_B00GJ1RCZU
item_B000UJF0LA	compatible_with	item_B00IL3NRRG
item_B004ARPLHG	compatible_with	item_B00E1ZPAG4
item_B001LBUFAM	compatible_with	item_B0072J71LI
item_B00GO2AG7U	compatible_with	item_B01BSEQNP2
item_B000N21JKU	compatible_with	item_B015G5SQ4A
item_B0159J7FPE	compatible_with	item_B01ESQPHWW
item_B00PXSBGR0	compatible_with	item_B00PXSBMG0
item_B007XVL7KQ	compatible_with	item_B01DDDAAJ6
item_B00AZORPGI	compatible_with	item_B00V84SHIE
item_B01DQCBV3S	compatible_with	item_B01EN4KVOI
item_B00HIILFPG	compatible_with	item_B00WVS7T26
item_B01519NUTM	compatible_with	item_B01H72PUZS
item_B00BC1GCOO	compatible_with	item_B00N5LNYAE
item_B00UPQ4WHQ	compatible_with	item_B0194ZDORM
item_B0031U0P7Y	compatible_with	item_B00FXPRL5O
item_B01EVC59Q2	compatible_with	item_B01G3BE8SO
item_B00I04GJO4	compatible_with	item_B01DXPYIS8
item_B004TITP50	compatible_with	item_B008X25S6S
item_B00J21VEQW	compatible_with	item_B00WUFDZPA
item_B00KOKKSAI	compatible_with	item_B00ZE87NFS
item_B00IT3CO86	compatible_with	item_B00XIYVK72
item_B003G53VSO	compatible_with	item_B004EKWB0E
item_B005DKRVHC	compatible_with	item_B00GBVNW3O
item_B00ZQ3UCO0	compatible_with	item_B01DCK4SW0
item_B001DBI1DI	compatible_with	item_B00IMB1DAA
item_B00OCA9J2O	compatible_with	item_B00PKZV2Y8
item_B0072J7XTI	compatible_with	item_B00WW6YJG6
item_B004I79ZC0	compatible_with	item_B00917P36O
item_B001LNR1XO	compatible_with	item_B016YKHX1S
item_B006SFRJ7S	compatible_with	item_B006SFRKP4
item_B017V194DO	compatible_with	item_B017V1AZC8
item_B002WJHCVC	compatible_with	item_B0072J71L8
item_B00QLG5CXM	compatible_with	item_B01DBGJDYI
item_B017U30NBU	compatible_with	item_B01FA0DBAA
item_B00JQQQO4K	compatible_with	item_B00KBZOB40
item_B009NKV9SA	compatible_with	item_B011LTPIQO
item_B00NQJ5LAQ	compatible_with	item_B0151H7SJ2
item_B004479AWO	compatible_with	item_B00EHNZIHQ
item_B00F1U2066	compatible_with	item_B00QGSJVZU
item_B01AP40M26	compatible_with	item_B01EMXX02U
item_B005K2J2H0	compatible_with	item_B01DDDAAJ6
item_B0065ECGKM	compatible_with	item_B00I39JPXS
item_B0115HTFC0	compatible_with	item_B01BMELETS
item_B0051U15VW	compatible_with	item_B00FXPRJWO
item_B018SRR0N6	compatible_with	item_B01BIE0DIU
item_B003D2Z80E	compatible_with	item_B00D2ZBOUA
item_B00K00UN66	compatible_with	item_B01EVZVJD6
item_B00ISJF3CA	compatible_with	item_B00KK1JRD0
item_B0090O1EDE	compatible_with	item_B0143D7EE4
item_B00763IE4I	compatible_with	item_B00NJ873Q4
item_B000WLPWAK	compatible_with	item_B008LWRD72
item_B001LPHL9G	compatible_with	item_B00P3AQZCO
item_B00TJEGDHM	compatible_with	item_B014WKPS14
item_B008FVR93W	compatible_with	item_B01DB9WT4Q
item_B00TG4WKGS	compatible_with	item_B00UEQ8QCE
item_B002BPUKUM	compatible_with	item_B00E9E1CDC
item_B007BL1KF0	compatible_with	item_B00CBAOC4W
item_B0018OOF6M	compatible_with	item_B001MBD93Q
item_B0065ECGKM	compatible_with	item_B00RDDSQIU
item_B00FG37G9O	compatible_with	item_B00JO7ZUSW
item_B00OCA9J2O	compatible_with	item_B01EWX95QA
item_B0118XFD4A	compatible_with	item_B01FZ3XZ94
item_B0002M6MIU	compatible_with	item_B00B58FQ5K
item_B004LK9GZ0	compatible_with	item_B00BRC8K70
item_B00K4AXHF6	compatible_with	item_B014K09RHM
item_B00N9RUUK6	compatible_with	item_B01G2OOI2I
item_B002G9DU50	compatible_with	item_B00Q4LZUW2
item_B00K01Q01M	compatible_with	item_B00K730Z00
item_B0009YL20E	compatible_with	item_B004R7PI4U
item_B00GC5485K	compatible_with	item_B00KYYNLM6
item_B00DFQYEBW	compatible_with	item_B00HIILFPG
item_B00EZIRE84	compatible_with	item_B00M9IK088
item_B000FDM3UC	compatible_with	item_B00ZUJ9Q8I
item_B00OEF1SHG	compatible_with	item_B00PXSBBJI
item_B00KVMEY0E	compatible_with	item_B01A7VLY60
item_B00139IETG	compatible_with	item_B00I2Q7FDY
item_B00FBNOSWC	compatible_with	item_B00NMDB1Q4
item_B000PCXDNE	compatible_with	item_B01B3ISSBK
item_B002RAKPME	compatible_with	item_B016LJ4GBM
item_B00R3S2RC6	compatible_with	item_B014MCFM4K
item_B000BQPXOG	compatible_with	item_B0068FWNX8
item_B00ZXRD548	compatible_with	item_B011LTPIQO
item_B009OJEWHA	compatible_with	item_B009OJFK94
item_B00MTFXJXO	compatible_with	item_B016LJ4J7S
item_B0112T180I	compatible_with	item_B019752N26
item_B00LJMS10E	compatible_with	item_B018QC4HHU
item_B008X25S6S	compatible_with	item_B01EIFUJPS
item_B00QXASI64	compatible_with	item_B0152R74K4
item_B00LO0L7TI	compatible_with	item_B013W7M3XE
item_B00BR8ZODW	compatible_with	item_B012UOSYQK
item_B00U4HGD96	compatible_with	item_B01GO0VDQO
item_B00VHVK4W0	compatible_with	item_B01CZTLD3G
item_B00XHR9NOW	compatible_with	item_B01D410A2O
item_B000JM2LUG	compatible_with	item_B00JULWJLI
item_B013RIOOEE	compatible_with	item_B017WSG1QY
item_B00XNS6Q6I	compatible_with	item_B01DDDAAJ6
item_B00STUNZ2I	compatible_with	item_B00THPVNBY
item_B00XXPNFME	compatible_with	item_B01ENGFJPM
item_B00V84SHIE	compatible_with	item_B00WGAICUW
item_B0018KU6A0	compatible_with	item_B00Q4LZUW2
item_B00VHVK4W0	compatible_with	item_B0156432JU
item_B019IBMJKU	compatible_with	item_B01EY7HKDE
item_B003XFUZG8	compatible_with	item_B00ULZAECI
item_B00141A9P0	compatible_with	item_B00E1PHTMC
item_B01890QD8K	compatible_with	item_B01AP40M7G
item_B007W0XRJ2	compatible_with	item_B00KXU16SW
item_B005GQBJ2G	compatible_with	item_B00XKXHMD2
item_B006SFRKP4	compatible_with	item_B006SRT0FU
item_B00XTHG0Z0	compatible_with	item_B015G5SQ4A
item_B008R6TX6G	compatible_with	item_B00KBZOB40
item_B00MR44E2C	compatible_with	item_B017P2Y7CM
item_B0072B6WG6	compatible_with	item_B00NASDGCI
item_B00V84SHIE	compatible_with	item_B013WBKYAE
item_B00M1AYZHG	compatible_with	item_B016LJ4GBM
item_B00UVOKN6G	compatible_with	item_B01EUUT9Q6
item_B00519BD0G	compatible_with	item_B00DMW4T8C
item_B00V47TIXS	compatible_with	item_B01325PY14
item_B0012N84YS	compatible_with	item_B00QU1O78E
item_B016YKHX1S	compatible_with	item_B016YKIBGE
item_B00DX8NE6I	compatible_with	item_B00HRNU3B4
item_B006YG78LI	compatible_with	item_B00BNBB3ME
item_B00KT915CY	compatible_with	item_B00N4N2IGO
item_B017OEW7DC	compatible_with	item_B01GQT83SE
item_B01CZSTIU2	compatible_with	item_B01ESQPHWW
item_B018E0990Y	compatible_with	item_B01E7Q8AVS
item_B000AL9CUI	compatible_with	item_B00D076MXE
item_B00GOUD7OG	compatible_with	item_B00QGSJVZU
item_B001EJ3BL6	compatible_with	item_B018MRRKR8
item_B0198YXSUW	compatible_with	item_B01AS1JH6S
item_B00O4DOA64	compatible_with	item_B00ZXVURQS
item_B00XPRMBY8	compatible_with	item_B01COUN3RK
item_B0002RRN4M	compatible_with	item_B019IZ43PK
item_B00O4DOA64	compatible_with	item_B010EAL7M0
item_B00WH30N2I	compatible_with	item_B013E0HGEA
item_B00X6FKXGW	compatible_with	item_B018MRRKR8
item_B00B58FQ5K	compatible_with	item_B00HFQSGX0
item_B00B58FQ5K	compatible_with	item_B00BRCFH5I
item_B006SFRJ7S	compatible_with	item_B006SRT1WC
item_B0064Y3ORM	compatible_with	item_B009GWZF6M
item_B00VRQYEI0	compatible_with	item_B015AG0WM4
item_B00FQZB29C	compatible_with	item_B00WIS3ER8
item_B010RA4PQM	compatible_with	item_B015XYMT60
item_B000PY9URU	compatible_with	item_B008B80O1I
item_B011LTPIQO	compatible_with	item_B01A8AE0SY
item_B0009UL0RI	compatible_with	item_B00L3VCFEE
item_B01F8VYZT2	compatible_with	item_B01H6DY7BQ
item_B00B58FQ5K	compatible_with	item_B01AVIOOLQ
item_B00K5MCR54	compatible_with	item_B00OQ06UEA
item_B00K19LA9A	compatible_with	item_B00K1BV7CI
item_B00CUZP0TY	compatible_with	item_B01CU3GN0A
item_B000E9ZR6Y	compatible_with	item_B007IXNZX6
item_B00KXU16SW	compatible_with	item_B00L4QM28W
item_B00PXSBMG0	compatible_with	item_B00PXT89CE
item_B00FBD2H0W	compatible_with	item_B00XWUD32W
item_B00J5S7U2E	compatible_with	item_B00V6R6R2Q
item_B007WC2RUU	compatible_with	item_B00J5QNMPA
item_B01C3HPMTQ	compatible_with	item_B01EN6KIVM
item_B00JBXO0EO	compatible_with	item_B01H439H9A
item_B007AK1MPU	compatible_with	item_B008B80O1I
item_B00B58FQ5K	compatible_with	item_B0131WK5OY
item_B002ATSIM6	compatible_with	item_B00SMJHB6C
item_B00CW89216	compatible_with	item_B01D410A2O
item_B00AJLM8HS	compatible_with	item_B00F3SJQ72
item_B00MASD098	compatible_with	item_B00ZAIILVC
item_B00133EX1A	compatible_with	item_B01BU5AVK2
item_B00O70UZ3Q	compatible_with	item_B00PSHH9N6
item_B00K00U4IS	compatible_with	item_B00ZQ3WKVI
item_B00MI2LPBQ	compatible_with	item_B00NE4YJVK
item_B00JC2YXFK	compatible_with	item_B01FBSJ7EU
item_B004R8PRCM	compatible_with	item_B00XXPMJKI
item_B008JNZCHQ	compatible_with	item_B009YRM6MK
item_B01DOXVVBG	compatible_with	item_B01FVRIN8W
item_B00R4TJJOS	compatible_with	item_B01DBGJDB6
item_B00GZ64Q3A	compatible_with	item_B00ZUJ9Q8I
item_B01DZWNBGY	compatible_with	item_B01EL9CYX6
item_B00KYJ9J1I	compatible_with	item_B012D1UJMW
item_B00T3X7RL0	compatible_with	item_B01AP40M7G
item_B011WL8GCE	compatible_with	item_B019752N26
item_B00160BK2A	compatible_with	item_B009E3254I
item_B00DFYCLVY	compatible_with	item_B011LTPIQO
item_B00DGF0GG4	compatible_with	item_B00O72IPCC
item_B00RH2BF30	compatible_with	item_B017ULEI9U
item_B014F5Y16O	compatible_with	item_B01F48ZB74
item_B009Z3YTUK	compatible_with	item_B00QGSJVZU
item_B00P3AUGJ2	compatible_with	item_B00VG6AQ1K
item_B001CXOPPU	compatible_with	item_B00QNAIJ4A
item_B00QGSJVZU	compatible_with	item_B01FTY2W02
item_B00XZ3EF0U	compatible_with	item_B019DMATEW
item_B00NJ873Q4	compatible_with	item_B0162HH5V6
item_B00CPQFYMQ	compatible_with	item_B012B4PCCS
item_B00OQDBUQA	compatible_with	item_B019MXWRY2
item_B00KBZOB40	compatible_with	item_B012VOXY2I
item_B00GIERM4Y	compatible_with	item_B0156GCLD6
item_B00WWFVYCO	compatible_with	item_B01H6YB182
item_B00DVFWFKE	compatible_with	item_B00IUP5T4Y
item_B00GS16MP2	compatible_with	item_B00OI7T8T0
item_B00XWUD32W	compatible_with	item_B01ELFB7J2
item_B001BZ411C	compatible_with	item_B00X9HIFIA
item_B01DU9HDL6	compatible_with	item_B01E9L2NAA
item_5120053351	compatible_with	item_B004DNWNF0
item_B010S5TI9U	compatible_with	item_B01FX3ZSWI
item_B007BS5FPY	compatible_with	item_B00XXPNFME
item_B00DV0NSKA	compatible_with	item_B00E6RARVK
item_B000G80GTQ	compatible_with	item_B0091CC1OG
item_B004JCT4WA	compatible_with	item_B00B81I4IU
item_B01F8VL0UE	compatible_with	item_B01G4PX1MS
item_B006UKSXA8	compatible_with	item_B010RIZFFY
item_B00IMM76Q4	compatible_with	item_B00N3V4Y5K
item_B00MR2KUKO	compatible_with	item_B00V84SHIE
item_B00SLDSYL0	compatible_with	item_B01890QD8K
item_B019S38JJI	compatible_with	item_B019S3EOMY
item_B005CSO82Q	compatible_with	item_B00KBZOB40
item_B00A3HKIPW	compatible_with	item_B00PXSBC1U
item_B00N9RUUK6	compatible_with	item_B01E2DKX66
item_B014P4AHKE	compatible_with	item_B016Y7GSHQ
item_B014H1HNZ2	compatible_with	item_B01G2OOI2I
item_B0002ZROS4	compatible_with	item_B00XKXHMD2
item_B00IY8MNFU	compatible_with	item_B00V84SHIE
item_B00LTZQ1S0	compatible_with	item_B01DOFVECK
item_B00H2OSRI4	compatible_with	item_B00V7K2BWM
item_B004RDMSZG	compatible_with	item_B00H9AQ5VM
item_B000RZ4914	compatible_with	item_B00MX2DVSG
item_B00SJGI3MO	compatible_with	item_B019752N26
item_B015XAG4MY	compatible_with	item_B017NT2314
item_B00ND74JLS	compatible_with	item_B00XKXHMD2
item_B00W41LXL8	compatible_with	item_B00WIS3ER8
item_B00KBOCHO2	compatible_with	item_B00TIC58T4
item_B00APXN95U	compatible_with	item_B00GTEM0XQ
item_B00FT1BPGI	compatible_with	item_B01G4RTNGE
item_B001B9XI3A	compatible_with	item_B0123M9EHM
item_B012WBA7AM	compatible_with	item_B015RJWTNY
item_B00ULZAECI	compatible_with	item_B01CHLQ7WO
item_B00EYBIDIM	compatible_with	item_B00KBZO8WK
item_B010A9HRP6	compatible_with	item_B011LTPIQO
item_B008LWT6RW	compatible_with	item_B008X25QJM
item_B000WIV10I	compatible_with	item_B00N4N2IGO
item_B01EH14W24	compatible_with	item_B01GJQWRRC
item_B019F4MFC2	compatible_with	item_B01CTGJ238
item_B00JULWJLI	compatible_with	item_B00SNBO6FI
item_B00KKFIGYC	compatible_with	item_B00OIWIEDG
item_B00QGSJVZU	compatible_with	item_B015JOR978
item_B001D50GO6	compatible_with	item_B00FXPRJWO
item_B01BBUIS0Q	compatible_with	item_B01CU2LVHQ
item_B00UZJFYK2	compatible_with	item_B0115KIWSA
item_B018GWRJI4	compatible_with	item_B01DBGJDYI
item_B0043O6W1A	compatible_with	item_B00JULWJLI
item_B000OVHWEW	compatible_with	item_B000RB0PUC
item_B00XWRI672	compatible_with	item_B00ZUJ9Q8I
item_B0018OOF6M	compatible_with	item_B00P5YVGJA
item_B00CSGRGRY	compatible_with	item_B00XXPMJKI
item_B00GTEM0XQ	compatible_with	item_B01DUQKRPI
item_B00ZYSWTYS	compatible_with	item_B019752N26
item_B004CO6PY0	compatible_with	item_B005SN5I6A
item_B001LNWCLK	compatible_with	item_B016YKHX1S
item_B0046RVF1G	compatible_with	item_B00DVFWFKE
item_B00O72IPCC	compatible_with	item_B014BW0HKA
item_B0182G7G3M	compatible_with	item_B018JJKXXM
item_B002DUCXVO	compatible_with	item_B00XWUD32W
item_B018YLSNSC	compatible_with	item_B01C5DK1T4
item_B004I766BS	compatible_with	item_B01B3ITSVE
item_B00GHH13QA	compatible_with	item_B00GNVZB3G
item_B00UZJFN3A	compatible_with	item_B011WESPD6
item_B019IBMJKU	compatible_with	item_B01BN0U3WU
item_B00B93UYYE	compatible_with	item_B00STUNZ2I
item_B00842PFGA	compatible_with	item_B00DM27ELG
item_B009EVMCCA	compatible_with	item_B00L4UNNMM
item_B0072J71L8	compatible_with	item_B01750F2AK
item_B00PSHH9N6	compatible_with	item_B01890QD8K
item_B00505DPQG	compatible_with	item_B00EV5Z7FI
item_B004W5MOXK	compatible_with	item_B00KBZOB40
item_B00KXU16SW	compatible_with	item_B00L3XOJ28
item_B00PQ81208	compatible_with	item_B01A9RP7WY
item_B0199BW2PG	compatible_with	item_B01FQS7RSS
item_B00HHKSSTG	compatible_with	item_B00VTTOGHE
item_B005GV4PQS	compatible_with	item_B016LJ4GBM
item_B00KBZOB40	compatible_with	item_B01ES4090E
item_B009B1TRXU	compatible_with	item_B00JGM7DEY
item_B00TF67E5E	compatible_with	item_B019S38JJI
item_B01BG0759Q	compatible_with	item_B01BHTTM4W
item_B00Q0BL5VQ	compatible_with	item_B015SSQCO6
item_B017YGSTC8	compatible_with	item_B01FX3ZSWI
item_B00O4FZOIU	compatible_with	item_B018I887MS
item_B0009YL20E	compatible_with	item_B008KJTM98
item_B013E0HGEA	compatible_with	item_B01CPE15LQ
item_B00N2LV1PC	compatible_with	item_B01F3TSUF4
item_B00VHVK4W0	compatible_with	item_B01325PY14
item_B00HFA919E	compatible_with	item_B00I5NJ9J2
item_B00UAD50NE	compatible_with	item_B01DZVFLFY
item_B001TE7VDK	compatible_with	item_B008YWF7OU
item_B00EA4PTTE	compatible_with	item_B00JDTRD9U
item_B00LE1C2V4	compatible_with	item_B01A0SXZGW
item_B00BRDBCMO	compatible_with	item_B00PXSBC1U
item_B016B9QRPU	compatible_with	item_B01A81IYVM
item_B015MDQFP8	compatible_with	item_B01BGG4LRY
item_B00F8HH6SE	compatible_with	item_B00K8OGHK0
item_B0002AHYW0	compatible_with	item_B00SMJHB6C
item_B01C5J0P8K	compatible_with	item_B01EN4KVOI
item_B002CNTSVA	compatible_with	item_B010HDQUI0
item_B0071OG4Y4	compatible_with	item_B013IXF1DQ
item_B00Q4LZUW2	compatible_with	item_B00R54SFDI
item_B01GJPBMDI	compatible_with	item_B01GO0VDQO
item_B0001YRY8Q	compatible_with	item_B0009UL0RI
item_B0058YQ3Q8	compatible_with	item_B00DSN2MDE
item_B007AK1LW4	compatible_with	item_B008B80O1I
item_B00H89DSDW	compatible_with	item_B011LTPIQO
item_B00OQJF1WS	compatible_with	item_B01ESQPHWW
item_B00SKDMQAG	compatible_with	item_B00VHVK4W0
item_B009WQNGPY	compatible_with	item_B00FR9LTPY
item_B001AXRI9M	compatible_with	item_B00B58FQ5K
item_B00024BM6A	compatible_with	item_B006WM54KG
item_B00KTOZVTC	compatible_with	item_B00ZE87NFS
item_B00V4DG42K	compatible_with	item_B01GAKLYUS
item_B00NB3ZXR8	compatible_with	item_B01BTBYN8S
item_B00DMW4T8C	compatible_with	item_B00I4GOTAO
item_B00VLUTR2A	compatible_with	item_B018EVCPUE
item_B00KRYL792	compatible_with	item_B00R1OAUNA
item_B00F3SJQ72	compatible_with	item_B00S25N5K2
item_B0149RQJ3Q	compatible_with	item_B01CU3GN0A
item_B00B58FQ5K	compatible_with	item_B00FM08MGM
item_B00L3XSQOU	compatible_with	item_B00XZATUN0
item_B006SRTE2Y	compatible_with	item_B013I9KNV0
item_B00IF9MI8U	compatible_with	item_B00YYONAQE
item_B011I11TVS	compatible_with	item_B012C2XHR6
item_B000KAWMHO	compatible_with	item_B00V84SHIE
item_B001MBD93Q	compatible_with	item_B00EVLZD92
item_B00HY57N22	compatible_with	item_B00K17LRYA
item_B00NGYNHZC	compatible_with	item_B00XZ3EF0U
item_B00IKUTS5U	compatible_with	item_B00IL3NRRG
item_B01BGWYFE2	compatible_with	item_B01ENOZYV8
item_B00V84SHIE	compatible_with	item_B00XD8K98Y
item_B0000TW8UG	compatible_with	item_B00FXPRJWO
item_B00MOU7FF2	compatible_with	item_B019YNIGJK
item_B00STWM9TQ	compatible_with	item_B016OT9B8C
item_B002WG6ZXG	compatible_with	item_B00XKXHMD2
item_B006SFRJ7S	compatible_with	item_B013H4GB58
item_B00L3XOJ28	compatible_with	item_B01GGR0ICU
item_B014XC8VXI	compatible_with	item_B01D0PPT66
item_B002BWR83M	compatible_with	item_B00Q4LZUW2
item_B00F3SJQ72	compatible_with	item_B018G6EUMI
item_B00NVOCBT0	compatible_with	item_B01708CTGM
item_B000I0PH6O	compatible_with	item_B01COUN3RK
item_B00SMJHB6C	compatible_with	item_B01DUQKRPI
item_B00NJ873Q4	compatible_with	item_B00TKLOXUS
item_B00KS9I6CM	compatible_with	item_B01HH3X0YU
item_B00SWVKS1K	compatible_with	item_B012A20W4E
item_B001I0U1B4	compatible_with	item_B01BMO15OC
item_B00SYU3F7I	compatible_with	item_B01DBGJDYI
item_B003N277Z8	compatible_with	item_B01DUQUIG6
item_B00HWLG95K	compatible_with	item_B01G2OOI2I
item_B00MCW92DU	compatible_with	item_B00XKXHMD2
item_B00JBRB2IC	compatible_with	item_B00ZQ3WKVI
item_B005GQANC8	compatible_with	item_B00PXSBC1U
item_B00081RXW4	compatible_with	item_B008C7BVBA
item_B001VKH05G	compatible_with	item_B00MOU7FF2
item_B002YD15PU	compatible_with	item_B018YIF56S
item_B00FX9ZAQW	compatible_with	item_B00Y9MH16G
item_B00E95996I	compatible_with	item_B00FCKJ82E
item_B006SRSZR4	compatible_with	item_B0153AR7DE
item_B000BWLW68	compatible_with	item_B0012BXDP0
item_B00S568L9S	compatible_with	item_B01F8VL0UE
item_B00SG849EQ	compatible_with	item_B017JHA2GS
item_B017OEW7DC	compatible_with	item_B01A7E8XDO
item_B000N6ZVC8	compatible_with	item_B012B4PCCS
item_B004HEXRXM	compatible_with	item_B00KBZOB40
item_B01BJEYHVI	compatible_with	item_B01DDDAAJ6
item_B00XWUD32W	compatible_with	item_B016YWNDDI
item_B00K8OGHK0	compatible_with	item_B01FFDCW84
item_B00UBNCN1U	compatible_with	item_B017OEW7DC
item_B0050AFX2A	compatible_with	item_B00XKXHMD2
item_B00XBBAV2C	compatible_with	item_B01DGL62HO
item_B003BGEGD2	compatible_with	item_B01HH3X0YU
item_B00SPPBG46	compatible_with	item_B013I9KNV0
item_B01C3O6GYO	compatible_with	item_B01DIUCO7A
item_B01587SD58	compatible_with	item_B017RBHKQ6
item_B004L6FMR0	compatible_with	item_B00JULWJLI
item_B00L3ESYXC	compatible_with	item_B013W7M3XE
item_B001DBLLSA	compatible_with	item_B00KK1JRD0
item_B00YIC68OI	compatible_with	item_B01DBGJDYI
item_B00FZEE2GO	compatible_with	item_B00JKJIHPM
item_B005V0WA4I	compatible_with	item_B00F9KE5UC
item_B00APXN95U	compatible_with	item_B0192Z31ZY
item_B009X1KFLQ	compatible_with	item_B0158WEHEY
item_B004UO1UMO	compatible_with	item_B01AOSQC9K
item_B01890QD8K	compatible_with	item_B01ESQPHWW
item_B007AK1MPU	compatible_with	item_B00V3TUJ12
item_B014M25CR2	compatible_with	item_B016F1I0TU
item_B019752N26	compatible_with	item_B01DQ2BLZG
item_B0085TF7DS	compatible_with	item_B01AHVZZWO
item_B00M6QE0NO	compatible_with	item_B00N5BB3CK
item_B004X9090K	compatible_with	item_B00XBBAV2C
item_B00505DPE8	compatible_with	item_B008B81LP6
item_B00295MQLU	compatible_with	item_B015P0X9HU
item_B013SEP6FS	compatible_with	item_B014OW3MRW
item_B003IHQTE8	compatible_with	item_B00EYZFG9W
item_B00XWUD32W	compatible_with	item_B01C4U016G
item_B000IBFCHW	compatible_with	item_B00FXPRL5O
item_B00FXLCUPO	compatible_with	item_B00MVSR6TC
item_B00MBI7NNG	compatible_with	item_B00UNVI0IU
item_B0031U0P10	compatible_with	item_B00XKXHMD2
item_B0043WFC4U	compatible_with	item_B00MY8WSCO
item_B00S8Q00BM	compatible_with	item_B00TZ6D99Y
item_B00QTKU86Q	compatible_with	item_B00XWUD32W
item_B002QQ7TFU	compatible_with	item_B0057D57NK
item_B000K76DWW	compatible_with	item_B00V84SHIE
item_B001FS6T2E	compatible_with	item_B007JA9KL4
item_B0009U83J6	compatible_with	item_B000ZFPZHI
item_B00V4DG42K	compatible_with	item_B013I8NVOC
item_B00284B5M8	compatible_with	item_B00VT3LQKU
item_B0044XC2QO	compatible_with	item_B00Q4LZUW2
item_B00S568L9S	compatible_with	item_B013SEP6FS
item_B000FK573U	compatible_with	item_B005KSRMI0
item_B00APXN95U	compatible_with	item_B014VNY0I4
item_B00KVYFUJG	compatible_with	item_B00Q4LZUW2
item_B00XAQDZSU	compatible_with	item_B01DDDAAJ6
item_B00L2G2BFI	compatible_with	item_B019SAC0UU
item_B0026RA5GO	compatible_with	item_B00XXPNFME
item_B00V84SHIE	compatible_with	item_B01H3EALEA
item_B0017KTTM2	compatible_with	item_B00HL1D7LK
item_B006SU4EGW	compatible_with	item_B014DSN308
item_B00JBRB2IC	compatible_with	item_B00WDI8EEG
item_B0115HTFC0	compatible_with	item_B01E7SNANE
item_B00SRKELDM	compatible_with	item_B01DBGJDYI
item_B00EA4PTTE	compatible_with	item_B00LCJP40E
item_B00YX8PER4	compatible_with	item_B01DVP7TYK
item_B00571XK8Q	compatible_with	item_B00ZUJ9Q8I
item_B003NX87TW	compatible_with	item_B00V84SHIE
item_B005M49XRK	compatible_with	item_B00XKXHMD2
item_B009P0EE26	compatible_with	item_B00DMW4T8C
item_B01DAG6T1E	compatible_with	item_B01DCK4SW0
item_B00DMW4T8C	compatible_with	item_B00N0SNERK
item_B0016CNHQ0	compatible_with	item_B00FXPRL5O
item_B00PBGJQYE	compatible_with	item_B0195KYLHI
item_B004DBPBTW	compatible_with	item_B00XWUD32W
item_B00HIZKH7G	compatible_with	item_B00J0RD736
item_B003836K28	compatible_with	item_B004CO6PY0
item_B00IOMTJJ4	compatible_with	item_B00M94LQYE
item_B00B58FQ5K	compatible_with	item_B018YIF56S
item_B010EOQ1EU	compatible_with	item_B01FQS7RSS
item_B00KRYL792	compatible_with	item_B00L3X4LOO
item_B00LB7SHFG	compatible_with	item_B00NQJ5LAQ
item_B00D8H9JCW	compatible_with	item_B00E5PA6HS
item_B017V194DO	compatible_with	item_B01BLSSFKG
item_B00ACIFH8U	compatible_with	item_B00H34M6IU
item_B00N4NTHPE	compatible_with	item_B010S2QXMS
item_B006B2H47S	compatible_with	item_B00XKJ6ZUM
item_B00FAK9B8W	compatible_with	item_B00NQJ5LAQ
item_B0080DKZYK	compatible_with	item_B011WRP8KG
item_B015P0X9HU	compatible_with	item_B01FULXVQI
item_B01D410A2O	compatible_with	item_B01DNXEXYO
item_B00K7I1DYW	compatible_with	item_B010GLJPQW
item_B00RYM14QQ	compatible_with	item_B012XOO8UI
item_B00APXN95U	compatible_with	item_B00EHT532K
item_B00FDZJEE0	compatible_with	item_B00NJ873Q4
item_B00V4DG42K	compatible_with	item_B0144NTY14
item_B01C3ND116	compatible_with	item_B01DAGEQSC
item_B009GWZF6M	compatible_with	item_B01AB25C4K
item_B00MR44E2C	compatible_with	item_B00QHNYQ5Y
item_B00OUDY85Q	compatible_with	item_B01EHU2SLC
item_B00BJUMIL4	compatible_with	item_B00R7CL1DY
item_B008M11Z26	compatible_with	item_B00U6413M4
item_B001MBGN52	compatible_with	item_B01C28Q6Z0
item_B00UX2IBT2	compatible_with	item_B00XZ3EF0U
item_B00NE4YJVK	compatible_with	item_B00WHF3E6S
item_B016F1I0TU	compatible_with	item_B01FBSJ7EU
item_B00CA802SA	compatible_with	item_B00XZ3EF0U
item_B00VTV9Y9C	compatible_with	item_B019407BLC
item_B00Q4LZUW2	compatible_with	item_B017876E6G
item_B000M520WY	compatible_with	item_B007AK1MPU
item_B00JWURVRY	compatible_with	item_B00JWURWWI
item_B00KHXXIEA	compatible_with	item_B00WQ7HY2M
item_B016YKHXL8	compatible_with	item_B0170ADE7I
item_B00E95996I	compatible_with	item_B0118XFD4A
item_B00N97O0OI	compatible_with	item_B00NJ873Q4
item_B013RY514A	compatible_with	item_B01E91R4GS
item_B0065ECGKM	compatible_with	item_B00WU33Z2K
item_B000JUQJ0G	compatible_with	item_B00JULWOOK
item_B0070NTRKY	compatible_with	item_B017MHDG1S
item_B00N2LV1PC	compatible_with	item_B013U19G3M
item_B00QGSJVZU	compatible_with	item_B01FTXPTMG
item_B01CSY58MU	compatible_with	item_B01CU3GN0A
item_B006URR9II	compatible_with	item_B008YOLRDS
item_B00KBZOB40	compatible_with	item_B00LCS09W8
item_B0060WCYME	compatible_with	item_B00OD9ZAH2
item_B000IZX0Y0	compatible_with	item_B00I04GJO4
item_B0072J71LI	compatible_with	item_B014MCYPRU
item_B00L4QP6Z8	compatible_with	item_B019IBMJKU
item_B000MX5ZSM	compatible_with	item_B003H1A0G8
item_B00XZ3EF0U	compatible_with	item_B00Y9BPHBI
item_B018JWUBOK	compatible_with	item_B01GGR0ICU
item_B00Q4LZUW2	compatible_with	item_B00Q5KGVUM
item_B004WPHOTY	compatible_with	item_B00DVFWFKE
item_B0042AWZ8Y	compatible_with	item_B016YKHX86
item_B00JDWG65E	compatible_with	item_B00VJL4Y1A
item_B003953F7I	compatible_with	item_B00JULWE54
item_B00FLXDYU4	compatible_with	item_B00MZ7MYT6
item_B004DJ29GW	compatible_with	item_B01ASQGT6E
item_B00XKY84C4	compatible_with	item_B00XKY84LK
item_B00TIFURLK	compatible_with	item_B00XKXHMD2
item_B007ABXCHU	compatible_with	item_B008C7BVBA
item_B00WFYITZM	compatible_with	item_B0183SZ1S6
item_B0002ZI6X6	compatible_with	item_B00XKXHMD2
item_B0065ECGKM	compatible_with	item_B00M9EF6ZO
item_B00EDF90GS	compatible_with	item_B00XKXHMD2
item_B00GJMM222	compatible_with	item_B00JULWE54
item_B001D05ZJ2	compatible_with	item_B018YIF56S
item_B00505DPE8	compatible_with	item_B00MQJUHII
item_B000XEX8AW	compatible_with	item_B00M7CFST2
item_B00KCXC31E	compatible_with	item_B01GDY9Z0M
item_B0030XZRRU	compatible_with	item_B011LTPIQO
item_B00ACIFL9U	compatible_with	item_B00ACIG3ZG
item_B00S4GMPKA	compatible_with	item_B01BU5AVK2
item_B006C73ZZM	compatible_with	item_B0073E50NS
item_B0009YL20E	compatible_with	item_B00G9TRP86
item_B00XKJ6ZUM	compatible_with	item_B01ET573P6
item_B010NLH60M	compatible_with	item_B014MCFM4K
item_B00W0TK838	compatible_with	item_B01H6DY7BQ
item_B006MRNCGO	compatible_with	item_B01C3CV1P0
item_B00OBPHX0U	compatible_with	item_B017D0803I
item_B00O70UZ3Q	compatible_with	item_B00OQJF1WS
item_B007FPPMOW	compatible_with	item_B012FRQDD8
item_B00P8NSPQ0	compatible_with	item_B019752N26
item_B000GEQMV6	compatible_with	item_B0054M8VBO
item_B011WWD6KA	compatible_with	item_B01DZVFLFY
item_B00S4TKRDE	compatible_with	item_B00XXPNFME
item_B0009S6TJY	compatible_with	item_B00H2SPZPI
item_B00R7QHIPK	compatible_with	item_B01FUMB2U4
item_B018770HXW	compatible_with	item_B01COHYJYY
item_B000E99ZXK	compatible_with	item_B012P2FLA4
item_B00UUH262I	compatible_with	item_B00VHVK4W0
item_B00MK81OQO	compatible_with	item_B0196YFEUG
item_B014MCFM4K	compatible_with	item_B01GP4TKI2
item_B0014CAF9E	compatible_with	item_B0170MI3TU
item_B001609YLE	compatible_with	item_B003FSSP24
item_B00UHCRHB6	compatible_with	item_B00XKJ6ZUM
item_B008LWT6RW	compatible_with	item_B00V84SHIE
item_B00D470W5Y	compatible_with	item_B00ZB67SWQ
item_B012P2FLA4	compatible_with	item_B01AW3G2SS
item_B00O72IPCC	compatible_with	item_B0166S5X3S
item_B009OYO5R2	compatible_with	item_B00U24DCDG
item_B001A40LFY	compatible_with	item_B006UCX3PQ
item_B00T448FRI	compatible_with	item_B01H43Z5GY
item_B013RET092	compatible_with	item_B01D1R3O1U
item_B004S0SE4C	compatible_with	item_B018YIF56S
item_B001WY2CGI	compatible_with	item_B01FE7HRSQ
item_B00XKXI2D6	compatible_with	item_B018YBDUHG
item_B00E95996I	compatible_with	item_B00LBNV2TI
item_B0130LQN6K	compatible_with	item_B0143D7EE4
item_B01DJP6MTA	compatible_with	item_B01GGS94QK
item_B00JC2YXFK	compatible_with	item_B00JWURVRY
item_B00FXLCUPO	compatible_with	item_B00KAPVE8C
item_B00APXN95U	compatible_with	item_B00KXHMFW6
item_B000PY9URU	compatible_with	item_B0150WLXZS
item_B00SQORTF6	compatible_with	item_B00XH0MUEO
item_B0031U0PME	compatible_with	item_B00PXSBGR0
item_B00E68UG10	compatible_with	item_B00MJU0E6E
item_B009ELX6YI	compatible_with	item_B00F8FEI7S
item_B00IU1UMCW	compatible_with	item_B00KRYL792
item_B00V84SHIE	compatible_with	item_B01H3EALTK
item_B01EFGF7KM	compatible_with	item_B01F8VL0UE
item_B007P5F1SE	compatible_with	item_B00NASDGCI
item_B00HGIUE2S	compatible_with	item_B0177GPS7O
item_B0001YSBOC	compatible_with	item_B005F28HJ4
item_B001MBD93Q	compatible_with	item_B0126IMURO
item_B00ID4ROM2	compatible_with	item_B00XWUD32W
item_B00N4N2IGO	compatible_with	item_B01H439QI2
item_B00EFCBKOO	compatible_with	item_B016P54C5W
item_B01FVZH0EM	compatible_with	item_B01H4PXSRU
item_B00O5I1W3M	compatible_with	item_B00Q43GN58
item_B003SRWE7E	compatible_with	item_B018MRRKR8
item_B002GYVFSY	compatible_with	item_B00RM4UWM8
item_B015DH08VA	compatible_with	item_B016NBXHK4
item_B01E2DKX66	compatible_with	item_B01H3JQVV2
item_B00N2LV1PC	compatible_with	item_B00W9E8FOI
item_B00FXPRJWO	compatible_with	item_B00TR456YU
item_B00CEH0LHO	compatible_with	item_B00Z5OMBTO
item_B00JQC108O	compatible_with	item_B01E2DKX66
item_B0072J71L8	compatible_with	item_B00L9T0O3O
item_B00BWGYGZG	compatible_with	item_B01AT4HUM2
item_B00ZAL4GJK	compatible_with	item_B011THUJL2
item_B0012ISQP0	compatible_with	item_B00XXPMJKI
item_B01EOJZW2I	compatible_with	item_B01F0P7W3C
item_B00A0GG2B0	compatible_with	item_B017V194DO
item_B001LNWCHY	compatible_with	item_B0131JMSCE
item_B0002TOZ1E	compatible_with	item_B0119GAX5K
item_B01FUI8SK0	compatible_with	item_B01H6YB182
item_B00X3EXAIE	compatible_with	item_B0166BU7T0
item_B002R5YZC0	compatible_with	item_B011LTPIQO
item_B0183SZ1S6	compatible_with	item_B01GE547U8
item_B00CHSEMTI	compatible_with	item_B00Z8A3TPK
item_B001LNN23W	compatible_with	item_B014HQVKYW
item_B00N4N2IGO	compatible_with	item_B00RD5SDAO
item_B005DTC8FS	compatible_with	item_B00XXPMJKI
item_B001KFY44C	compatible_with	item_B00HIZKH7G
item_B007XGDXKI	compatible_with	item_B00KRYL7CE
item_B0010VB5J8	compatible_with	item_B013IODZ56
item_B0119DKQJG	compatible_with	item_B01CU3GN0A
item_B00ACIFP5U	compatible_with	item_B00FBD2G1C
item_B0013EDCFM	compatible_with	item_B01F324FMI
item_B00G3J58XG	compatible_with	item_B013XZ7M0E
item_B00JULWJLI	compatible_with	item_B0151E6OVI
item_B00K5V24BW	compatible_with	item_B00SJ06TRQ
item_B00MGLMHHK	compatible_with	item_B00P3ASWQQ
item_B000PHG4WQ	compatible_with	item_B00B58FQ5K
item_B00QA8NRLA	compatible_with	item_B00Y1TPNKS
item_B00L5E0QTU	compatible_with	item_B00X1MOX8E
item_B004ZWHEEE	compatible_with	item_B00XXPMJKI
item_B00295MLW4	compatible_with	item_B003EEMI7M
item_B005C9GNNW	compatible_with	item_B00XKXI2D6
item_B00Q4LZUW2	compatible_with	item_B011LL3TFO
item_B00TRVDKJQ	compatible_with	item_B00V2Z992W
item_B0064Y49YY	compatible_with	item_B0065ECGKM
item_B0051U16L6	compatible_with	item_B00ARH8C9M
item_B0043VDHVG	compatible_with	item_B0043VDI5Q
item_B003B2SVHS	compatible_with	item_B018YIF56S
item_B00MVR6888	compatible_with	item_B018E2SYR6
item_B00ULZAECI	compatible_with	item_B019ZPOBGO
item_B00HGIUE2S	compatible_with	item_B00OIWIEDG
item_B005M9JALO	compatible_with	item_B017BVZK46
item_B013I9KNV0	compatible_with	item_B013I9KU0Y
item_B005IX3YW0	compatible_with	item_B00XKXHMD2
item_B002G9UGT8	compatible_with	item_B00B6EBM06
item_B001B7NLTS	compatible_with	item_B00AHA9UOK
item_B00O2UCPBQ	compatible_with	item_B00P1EZ1HW
item_B00O7WDZQS	compatible_with	item_B00X9HIFIA
item_B018X7QW30	compatible_with	item_B01GDCFU62
item_B00SGMDXVC	compatible_with	item_B017ULEI9U
item_B01B3HP24W	compatible_with	item_B01G8E5FSS
item_B0001YS6F6	compatible_with	item_B0085TF7DS
item_B000JJKFVG	compatible_with	item_B00FXPRJWO
item_B002I6I9IO	compatible_with	item_B00XKXI2D6
item_B018Q45OI4	compatible_with	item_B01DZWNBGY
item_B005L9E3LC	compatible_with	item_B00PKX8HG6
item_B00PFA1G5I	compatible_with	item_B014MCFM4K
item_B00062BIC6	compatible_with	item_B018MRRKR8
item_B00F3Z7WLW	compatible_with	item_B00F9S84AQ
item_B00VTV63PA	compatible_with	item_B012AP0CKA
item_B00XBZSEZ4	compatible_with	item_B011LTPIQO
item_B004I79ZC0	compatible_with	item_B00AWBA034
item_B003CMYTAA	compatible_with	item_B00CBE1S6I
item_B00UXIRQGU	compatible_with	item_B013RMMWMG
item_B00AMPZEQ8	compatible_with	item_B019IZ43PK
item_B00OZ8SJCE	compatible_with	item_B01FNUPOF2
item_B00G5NDPOE	compatible_with	item_B01HF4A6DY
item_B0000865SC	compatible_with	item_B003552QAO
item_B00631VM0W	compatible_with	item_B00KQF4W3A
item_B01C05BMV8	compatible_with	item_B01FQWMFKO
item_B003XJRQD4	compatible_with	item_B00OD9ZAH2
item_B00KQF4W3A	compatible_with	item_B01FA0DBAA
item_B000E1VGAI	compatible_with	item_B018MRRKR8
item_B00WB23U5M	compatible_with	item_B012P2FLA4
item_B00GI153TS	compatible_with	item_B00XKXHMD2
item_B00HIILFPG	compatible_with	item_B013U19G3M
item_B00UCJ9OAG	compatible_with	item_B01D448CIU
item_B00DMW4T8C	compatible_with	item_B01G7L8B9M
item_B001BZ2K2Y	compatible_with	item_B00X9HIFIA
item_B00T3X7RL0	compatible_with	item_B01DBGJDYI
item_B00B2HWFW6	compatible_with	item_B00O5I1W3M
item_B00P53L9OI	compatible_with	item_B00XMQA62Q
item_B00ACIFI70	compatible_with	item_B00PXSBC1U
item_B001T68IIA	compatible_with	item_B00KRYL792
item_B00Q0BHE16	compatible_with	item_B01GP3J90M
item_B00E45F28W	compatible_with	item_B00FXSINQ2
item_B00135VST8	compatible_with	item_B015IO2VYK
item_B00YIC68OI	compatible_with	item_B013SEP6FS
item_B000LNHA5E	compatible_with	item_B00B81I4IU
item_B00K17LRYA	compatible_with	item_B00RST6J0G
item_B0182G3YBK	compatible_with	item_B0182GM9UM
item_B00TXX1UB8	compatible_with	item_B01H6DY7BQ
item_B00HRNU3B4	compatible_with	item_B01BYTLKOA
item_B00021NY28	compatible_with	item_B00V84SHIE
item_B00KXU16SW	compatible_with	item_B00O1MRFZ6
item_B002D4B06O	compatible_with	item_B00X9HIFIA
item_B00JIN5N0C	compatible_with	item_B017M4N1ES
item_B00G0460IQ	compatible_with	item_B00XXPMJKI
item_B0008EOJBE	compatible_with	item_B012P2FLA4
item_B012A3KOWS	compatible_with	item_B01G2OOI2I
item_B00INIF0QU	compatible_with	item_B018YIF56S
item_B00DMW4T8C	compatible_with	item_B01DNP7F2E
item_B00UOB0BCM	compatible_with	item_B01C8PLLSO
item_B016P54C5W	compatible_with	item_B01EQQGJOY
item_B00FYEW2AS	compatible_with	item_B00Q4LZUW2
item_B00H5ICDWS	compatible_with	item_B00Q4LZUW2
item_B00Y832XG4	compatible_with	item_B012IKGF62
item_B006RCC4XG	compatible_with	item_B00VHVK4W0
item_B00QYB1E9U	compatible_with	item_B00XKSI06U
item_B0012M83AE	compatible_with	item_B00V84SHIE
item_B015H4F5HQ	compatible_with	item_B01B16CH8O
item_B00816PQ0O	compatible_with	item_B01B3ISSBK
item_B001CEVAFC	compatible_with	item_B004UPXE8G
item_B010CZCYPQ	compatible_with	item_B015G5SQ4A
item_B0013F153W	compatible_with	item_B011LTPIQO
item_B001BZ8A9G	compatible_with	item_B00XXPNFME
item_B000HOSFDI	compatible_with	item_B007KF1JZS
item_B00CIH620K	compatible_with	item_B00XKJ6ZUM
item_B00K1XUEFC	compatible_with	item_B014MCFM4K
item_B000A2K576	compatible_with	item_B00FXPRJWO
item_B003VKT2I2	compatible_with	item_B00NHECBBW
item_B01COYIQBE	compatible_with	item_B01GO0VDQO
item_B00131KKHS	compatible_with	item_B001MBGN52
item_B01EP4C2XY	compatible_with	item_B01FDB34QC
item_B00IRJ4VMY	compatible_with	item_B01HIZ7GW4
item_B01DXC0XN0	compatible_with	item_B01H30LCP6
item_B00O91VD84	compatible_with	item_B015WE0VN4
item_B01GHOXO2S	compatible_with	item_B01H6DY7BQ
item_B001PTGJ4G	compatible_with	item_B00X9HIFIA
item_B00ARH8C9M	compatible_with	item_B01FUPB1GG
item_B017LQGXVA	compatible_with	item_B01D9RXPRK
item_B00SZNUD8S	compatible_with	item_B01G6B1CNU
item_B00UNQIUEY	compatible_with	item_B01H30LCP6
item_B00PATTXK4	compatible_with	item_B00WY98HD2
item_B00F3SJQ72	compatible_with	item_B01BY411CG
item_B000XRI0NY	compatible_with	item_B0153AR7DE
item_B00UI6P38U	compatible_with	item_B01EN4KVOI
item_B00V84SHIE	compatible_with	item_B012XOQEDC
item_B00O05NLRK	compatible_with	item_B01F8VL0UE
item_B00O99COH0	compatible_with	item_B00TXN22DI
item_B004H9O8XU	compatible_with	item_B00SAF9W7O
item_B001HMN1I8	compatible_with	item_B00DVFWFKE
item_B001ACKYW6	compatible_with	item_B00Q4LZUW2
item_B00MZ1UM9Q	compatible_with	item_B013E0HGEA
item_B00C45ZIWE	compatible_with	item_B00ZE87NFS
item_B005AQB1W0	compatible_with	item_B00XXPMJKI
item_B00NT0Z7HO	compatible_with	item_B00VVFPZXU
item_B00AQFZ5N6	compatible_with	item_B00NHECBBW
item_B000KGOMIA	compatible_with	item_B01FUMB2U4
item_B00LAVOLG2	compatible_with	item_B014MCFM4K
item_B00DMW4T8C	compatible_with	item_B00JC39W1Y
item_B00DMW4T8C	compatible_with	item_B01C5P22KS
item_B00MZFV7HI	compatible_with	item_B00OIKLWBY
item_B00F6SWFBI	compatible_with	item_B016F1I0TU
item_B00N5IS1XW	compatible_with	item_B0159K6T00
item_B000A38D06	compatible_with	item_B00ZUJ9Q8I
item_B009VK6IQK	compatible_with	item_B00N2LV1PC
item_B00OCRALX8	compatible_with	item_B00XKXHMD2
item_B0088DK7SG	compatible_with	item_B00Z5OMBTO
item_B01E2DKX66	compatible_with	item_B01ESGH34C
item_B0026UAO44	compatible_with	item_B01B3ISSBK
item_B00LE1C2V4	compatible_with	item_B01EY7GY72
item_B004I764VA	compatible_with	item_B00C4CO97M
item_B00UVJI6Y2	compatible_with	item_B016IXS6A8
item_B000IBSZ2G	compatible_with	item_B00MVR6888
item_B007JCOUYY	compatible_with	item_B0087FMSNM
item_B00U5LAC84	compatible_with	item_B01ESQPHWW
item_B00PXSBGR0	compatible_with	item_B00THPQL4I
item_B001MBD93Q	compatible_with	item_B00VCCV28O
item_B012TZOGGW	compatible_with	item_B01H6DY7BQ
item_B00CBE1S6I	compatible_with	item_B00JC4IGD8
item_B00DC7AV34	compatible_with	item_B01CCP1JU0
item_B00CD4W892	compatible_with	item_B00WUU396A
item_B0029DNPFI	compatible_with	item_B00XXPMJKI
item_B0002MFOYS	compatible_with	item_B0009UL0RI
item_B00VTVF748	compatible_with	item_B01BGWYFHE
item_B008YWF7OU	compatible_with	item_B00PWPWPLK
item_B00NQJ5LAQ	compatible_with	item_B01B6WEY16
item_B00NQJ5LAQ	compatible_with	item_B01EMR6Z6E
item_B00CFSIO8U	compatible_with	item_B010P12JBG
item_B00604PKWI	compatible_with	item_B01F324FMI
item_B00AF2OMMK	compatible_with	item_B01GU62EJM
item_B00XZ3EF0U	compatible_with	item_B013X0XC8K
item_B011LTPIQO	compatible_with	item_B0143UH09Q
item_B00CIZHY7W	compatible_with	item_B016YKHX86
item_B01EN4KVOI	compatible_with	item_B01GCPQBTK
item_B005PR3NQ6	compatible_with	item_B00ACIFHBM
item_B0065MR7CQ	compatible_with	item_B00BRDBCMO
item_B00BG34EBQ	compatible_with	item_B01DKI2ZYW
item_B013H93H3C	compatible_with	item_B0150WLXZS
item_B00XZ3EF0U	compatible_with	item_B010FC88DS
item_B000CSO4AC	compatible_with	item_B00O7P85MY
item_B018JABMHW	compatible_with	item_B01GU62EJM
item_B00B58FQ5K	compatible_with	item_B00HOQ70PQ
item_B00B58FQ5K	compatible_with	item_B010UW59OY
item_B00MEXZLSC	compatible_with	item_B00VZ2J0B2
item_B00125O2W4	compatible_with	item_B00Z5OMBTO
item_B00NBWWSJU	compatible_with	item_B019IO1OTO
item_B019JJ57YG	compatible_with	item_B01B3ISSBK
item_B00631VM0W	compatible_with	item_B00MCJX6OO
item_B00NLS0D28	compatible_with	item_B00Q4LZUW2
item_B00BWGYGZG	compatible_with	item_B01DUQKRPI
item_B00VUE6IP6	compatible_with	item_B00YZJZTYO
item_B0013EDCFM	compatible_with	item_B00XKXHMD2
item_B00E4NHG0G	compatible_with	item_B01DUQKRPI
item_B014XC8VXI	compatible_with	item_B0153NX0YQ
item_B00QOOKHGS	compatible_with	item_B00WH30N2I
item_B00WHF3E6S	compatible_with	item_B01DOND4KC
item_B00O70UZ3Q	compatible_with	item_B01CTNFTVA
item_B00UNJPE36	compatible_with	item_B00WF2Q9YW
item_B00MK81OQO	compatible_with	item_B01EMMB8D4
item_B00UF405AG	compatible_with	item_B01AP40M26
item_B000OEZPI4	compatible_with	item_B019HHGR3K
item_B01B5FCOU2	compatible_with	item_B01EQRAAU2
item_B00DMW4T8C	compatible_with	item_B014IEMZ10
item_B003VKT2I2	compatible_with	item_B00X9HIFIA
item_B000IDL1KM	compatible_with	item_B019HHGR3K
item_B003WLFFAO	compatible_with	item_B0153AR7DE
item_B00KF3B1S2	compatible_with	item_B00YYONAQE
item_B00CBE1S6I	compatible_with	item_B00CHNNO5Q
item_B0001YSBUG	compatible_with	item_B00XKXHMD2
item_B0085J90HC	compatible_with	item_B01H439QI2
item_B014PK8VLU	compatible_with	item_B01HH3X0YU
item_B00DSTSJWG	compatible_with	item_B00ZO533ZU
item_B00LE1C2V4	compatible_with	item_B01E3G5X8K
item_B008P7YHE0	compatible_with	item_B00YX8PER4
item_B0012N84YS	compatible_with	item_B00PNSZ2IO
item_B014MCFM4K	compatible_with	item_B01HIM8626
item_B015RJWTNY	compatible_with	item_B01H0FVBVO
item_B000J3YLGW	compatible_with	item_B00KBZO8WK
item_B00FBD2G1C	compatible_with	item_B00XWUD32W
item_B002EHWU64	compatible_with	item_B0127XUXLS
item_B00MY8WSCO	compatible_with	item_B00Q0BHE16
item_B004Q9T8XG	compatible_with	item_B00XKXHMD2
item_B00V3IJCWA	compatible_with	item_B017AP8R8O
item_B0013UOJ9O	compatible_with	item_B019HHGR3K
item_B00XJS5XFM	compatible_with	item_B016Y7GSHQ
item_B004UJL4N4	compatible_with	item_B00ARH8C9M
item_B0186G7YJO	compatible_with	item_B01H143S5G
item_B00N4N2IGO	compatible_with	item_B00ZX7ZJJC
item_B005BJ1F2M	compatible_with	item_B01H3EALMM
item_B005DMXYYY	compatible_with	item_B01DDDAAJ6
item_B00QXN203S	compatible_with	item_B00STV837Y
item_B01EN4KVOI	compatible_with	item_B01EYJ2YS8
item_B00S0I9NRU	compatible_with	item_B00V84SHIE
item_B00EQQWZNY	compatible_with	item_B00M7VGHGG
item_B00VTTOGHE	compatible_with	item_B01ESQPHWW
item_B013D0T3BU	compatible_with	item_B01AP40M7G
item_B0136G0NB0	compatible_with	item_B019IBMJKU
item_B00UXBNGP2	compatible_with	item_B016YKHX1S
item_B00SSXB6CC	compatible_with	item_B0147SXMUA
item_B0183SZ1S6	compatible_with	item_B019W7TD7C
item_B00U3485BY	compatible_with	item_B019752N26
item_B005GQAN6Y	compatible_with	item_B00PXSBBJI
item_B00800ALN8	compatible_with	item_B00XKXI3J4
item_B01G2OOI2I	compatible_with	item_B01HF19LY2
item_B000P50WSK	compatible_with	item_B00XKXHMD2
item_B00F3SJQ72	compatible_with	item_B00PA2WS4Y
item_B00BLXM8X2	compatible_with	item_B011LTPIQO
item_B00XLV4LKA	compatible_with	item_B01BU5AVK2
item_B011LTPIQO	compatible_with	item_B01G5E4LKY
item_B013UM5KEA	compatible_with	item_B01FX3ZSWI
item_B00FN1J5PW	compatible_with	item_B01DR117FA
item_B000MQHHB2	compatible_with	item_B00KBZO8WK
item_B016FA7A5Q	compatible_with	item_B016LJ4GBM
item_B00Y1REKSQ	compatible_with	item_B01B3HP24W
item_B00NJ873Q4	compatible_with	item_B01AX97URI
item_B00Y9LOEG2	compatible_with	item_B017WSG1QY
item_B00MSC12IC	compatible_with	item_B00QXV788M
item_B00QGSJVZU	compatible_with	item_B01FUVMYWK
item_B0195BRO9E	compatible_with	item_B01G7L8B9M
item_B00KOJYK44	compatible_with	item_B00PWPWPLK
item_B00JWURVRY	compatible_with	item_B00VT1H39K
item_B011SQFZ6I	compatible_with	item_B017OEW7DC
item_B00PXSBBJI	compatible_with	item_B00PXSBGR0
item_B00XBBJBQY	compatible_with	item_B00XXPMJKI
item_B00TQBPMHU	compatible_with	item_B01HCUODWG
item_B001O2G53Y	compatible_with	item_B01E61CD1C
item_B00JULWOOK	compatible_with	item_B00XKXHMD2
item_B00M20E91M	compatible_with	item_B01ELHZ0OS
item_B000FBKYUK	compatible_with	item_B016LJ4J7S
item_B00NE4YJVK	compatible_with	item_B01A52IEQO
item_B017ACMZ5I	compatible_with	item_B01BTTSH5A
item_B014VZWSTA	compatible_with	item_B0156GCLD6
item_B00QNANDNM	compatible_with	item_B00XV9XJY6
item_B018CS8UIA	compatible_with	item_B01FX6V98W
item_B01AXB5STS	compatible_with	item_B01AYQY8RU
item_B019MDWF76	compatible_with	item_B01C1L6K18
item_B00XKSIOI4	compatible_with	item_B01FR3P9NM
item_B00A4E7V2M	compatible_with	item_B00MPXF6K4
item_B00O70UZ3Q	compatible_with	item_B01478Q4VE
item_B00FLXDYU4	compatible_with	item_B01AJM0I0U
item_B004I76686	compatible_with	item_B005GPHWA0
item_B000R78DBE	compatible_with	item_B0047D40OS
item_B00WY6YRU2	compatible_with	item_B012P2FLA4
item_B01D410A2O	compatible_with	item_B01HH3X0YU
item_B003EZTPBS	compatible_with	item_B00XWUD32W
item_B01E8RX1TC	compatible_with	item_B01GCTF46M
item_B00XKXI3WG	compatible_with	item_B01FVR4ZYI
item_B001TE7VDK	compatible_with	item_B00HIZKH7G
item_B00JC2YXFK	compatible_with	item_B01DBXINBU
item_B000783OKS	compatible_with	item_B00PXSBBJI
item_B00I14K2B4	compatible_with	item_B01FGOE8DY
item_B00A319TLW	compatible_with	item_B019752N26
item_B00O0TOYKE	compatible_with	item_B014CWWJ28
item_B00WWFR7RU	compatible_with	item_B00X8QNADC
item_B001UK7U2A	compatible_with	item_B00HTAT6Y0
item_B0170U3054	compatible_with	item_B01A9RP7WY
item_B010PX63GQ	compatible_with	item_B01DQCBV3S
item_B00WH30N2I	compatible_with	item_B01CRFC97C
item_B00RH2BF30	compatible_with	item_B01CNET29A
item_B00FGCJZZS	compatible_with	item_B00KXU23FC
item_B00PXSBGOI	compatible_with	item_B00XKXHMD2
item_B00Q2M3UEI	compatible_with	item_B01FVGQFRY
item_B0029KF6FI	compatible_with	item_B00XXPMJKI
item_B00ZAIILVC	compatible_with	item_B010CD7IKE
item_B00C7FE6NS	compatible_with	item_B00DH9OSRM
item_B00V3IJCWA	compatible_with	item_B01AP40M7G
item_B00Y41YQG0	compatible_with	item_B00Z9T6XL2
item_B00OM41UJK	compatible_with	item_B00Z9T6XL2
item_B019RCXTEU	compatible_with	item_B01GO0VDQO
item_B004UONQUS	compatible_with	item_B00D076MXE
item_B00VTVELAY	compatible_with	item_B019407BLC
item_B00DMW4T8C	compatible_with	item_B00ZAK34P8
item_B002Z2FXU8	compatible_with	item_B00JULWE54
item_B00X6CYBGI	compatible_with	item_B017D0803I
item_B00DAH09L0	compatible_with	item_B011LTPIQO
item_B00XNCITOG	compatible_with	item_B01H3EALMM
item_B019S3895C	compatible_with	item_B019S3DU8S
item_B00NJ873Q4	compatible_with	item_B00ZQ4YJD4
item_B00UCN848K	compatible_with	item_B01AP40M7G
item_B014BBB9SU	compatible_with	item_B0191DCE8C
item_B005GPJ5N2	compatible_with	item_B01A7VLY60
item_B005W3O3EO	compatible_with	item_B00KBZO8WA
item_B006HYZP8U	compatible_with	item_B00UW7EWRS
item_B00PFA1G5I	compatible_with	item_B019752N26
item_B007D4L1JA	compatible_with	item_B00ZF7OJ5U
item_B00840U4X6	compatible_with	item_B00BNVAA3M
item_B00P20CKQ0	compatible_with	item_B011TWR7SA
item_B00XWUD32W	compatible_with	item_B015QRDX5U
item_B004I764VA	compatible_with	item_B00AYGMDYG
item_B007AK1MPU	compatible_with	item_B00MV2IMI2
item_B00YHQ13AO	compatible_with	item_B01DB4M7MA
item_B00SSLQU34	compatible_with	item_B016OT9B8C
item_B00HGX27V4	compatible_with	item_B00NJ873Q4
item_B0037DX1L2	compatible_with	item_B00V3ML4MW
item_B00X3RZIK4	compatible_with	item_B01CO84KAG
item_B00JULWE54	compatible_with	item_B00JUM6MDI
item_B00AJD4GYO	compatible_with	item_B00MBMWJZE
item_B00D2TSZ12	compatible_with	item_B00V84SHIE
item_B00GNI2HGS	compatible_with	item_B0166BU7T0
item_B0096QMXJK	compatible_with	item_B018MRRKR8
item_B00MGLMHHK	compatible_with	item_B015J8ZG2O
item_B00Y1EG956	compatible_with	item_B01DCK4SW0
item_B01BNO36CK	compatible_with	item_B01BT9DAUC
item_B019IBMJKU	compatible_with	item_B01D0VH8ZU
item_B008J0BM1E	compatible_with	item_B01EY8JJO6
item_B00M0I4A1U	compatible_with	item_B00MCJ0W0K
item_B00C5YG53A	compatible_with	item_B00V84SHIE
item_B00NE4YJVK	compatible_with	item_B00T3ITA7O
item_B006SRSZOW	compatible_with	item_B00SPPBG46
item_B00W6DHF48	compatible_with	item_B01HH3X0YU
item_B013X04PDG	compatible_with	item_B01DBGJDB6
item_B001PKO7UI	compatible_with	item_B0085TF7DS
item_B002RS9L08	compatible_with	item_B00NHECBBW
item_B004Q3QHFE	compatible_with	item_B00E1PHTMC
item_B00OBE0QRI	compatible_with	item_B00R7CKSCY
item_B00XYNILU6	compatible_with	item_B01GICE7LG
item_B004U8FW2Y	compatible_with	item_B00D076MXE
item_B010EA4HOK	compatible_with	item_B016NBXHK4
item_B00ULZAECI	compatible_with	item_B017JHA2GS
item_B00ROWQ6FA	compatible_with	item_B00X9HIFIA
item_B00Z9T6XL2	compatible_with	item_B01EMXX02U
item_B00ULAAWNE	compatible_with	item_B01BI4SXAA
item_B000N8KH2A	compatible_with	item_B019752N26
item_B00MX2DVSG	compatible_with	item_B00NUIDMIG
item_B0001YRFS0	compatible_with	item_B00KYM1DBE
item_B00M1AYDFU	compatible_with	item_B016LJ4GBM
item_B0031U0P10	compatible_with	item_B00FXPRL5O
item_B00MCJX6OO	compatible_with	item_B00XWUD32W
item_B000FPV7TI	compatible_with	item_B00S3D5CX6
item_B00IM3FLUQ	compatible_with	item_B00W8FQYKK
item_B00K022TX4	compatible_with	item_B017WNY1FC
item_B018JABMHW	compatible_with	item_B01DBGJDYI
item_B002HT0NLI	compatible_with	item_B00ULZAECI
item_B00XKJ6ZUM	compatible_with	item_B01EGHBNCQ
item_B00DMW4T8C	compatible_with	item_B00X60TRT6
item_B00N2LV1PC	compatible_with	item_B00UWTDKZQ
item_B000M520WY	compatible_with	item_B00505DPQG
item_B013IXB626	compatible_with	item_B013IXCEJU
item_B001V7TDEK	compatible_with	item_B00DMW4T8C
item_B00Z8A3TPK	compatible_with	item_B0146Q9VPS
item_B00V84SHIE	compatible_with	item_B00ZWT8SHQ
item_B011U7BX5W	compatible_with	item_B019S2OQC8
item_B00K00U3AC	compatible_with	item_B00WQ7HY2M
item_B005UAJI4Y	compatible_with	item_B00APXN95U
item_B0140CB0C0	compatible_with	item_B01AP40M7G
item_B00XKXHMD2	compatible_with	item_B01AXGNQ7O
item_B0057XBD6K	compatible_with	item_B00XKXHMD2
item_B005DKHDPC	compatible_with	item_B013OVICL0
item_B00KIDBKXA	compatible_with	item_B00TD5ZW3I
item_B0084KXAJQ	compatible_with	item_B00UCIVQ26
item_B00Y832XG4	compatible_with	item_B0181V1XGE
item_B00O70UZ3Q	compatible_with	item_B01EN6WH6Q
item_B00YXO0KZO	compatible_with	item_B00ZWWHGDU
item_B00398JD44	compatible_with	item_B011LTPIQO
item_B00X3RZIK4	compatible_with	item_B01GPM554M
item_B004BJVYK6	compatible_with	item_B0198YXSUW
item_B000LUU6T4	compatible_with	item_B016YKHX86
item_B001QL1EZC	compatible_with	item_B011CWQ0XU
item_B00N4N2IGO	compatible_with	item_B00YQAF4GA
item_B008X25QJM	compatible_with	item_B00F4NC9OI
item_B00KXU16SW	compatible_with	item_B00NGK2SQ0
item_B00OV4840E	compatible_with	item_B00P1WTKIK
item_B00ACIFKH8	compatible_with	item_B00ZUJ9Q8I
item_B00O70UZ3Q	compatible_with	item_B016MZPXNU
item_B00DZPFYGW	compatible_with	item_B00V84SHIE
item_B00CYNL43I	compatible_with	item_B015UOPVHW
item_B0000WL7QO	compatible_with	item_B00FXPRJWO
item_B0067UH3OI	compatible_with	item_B00XKJ6ZUM
item_B011THUJL2	compatible_with	item_B01EBUDDU8
item_B001JO1T60	compatible_with	item_B00JULWE54
item_B00Z5OMBTO	compatible_with	item_B01DL3MVCC
item_B00JULZ88O	compatible_with	item_B01AK98V6A
item_B00VNVQ75M	compatible_with	item_B00ZUIB9A2
item_B01BU5AVK2	compatible_with	item_B01CG380FU
item_B00W5R4WPK	compatible_with	item_B01H3CSYOQ
item_B00OI7T8T0	compatible_with	item_B00ZVA578E
item_B00KOL0THY	compatible_with	item_B00XXPNFME
item_B00LE1C2V4	compatible_with	item_B00SMO74IW
item_B018TEI83O	compatible_with	item_B019P1OYKG
item_B00PV3BCP8	compatible_with	item_B01H3EALEA
item_B00CIZHY7W	compatible_with	item_B00HWF7JZ0
item_B00JWP90H8	compatible_with	item_B00L5E0QTU
item_B006BNQ2L6	compatible_with	item_B00XKJ6ZUM
item_B000PGM7M8	compatible_with	item_B00ZUJ9Q8I
item_B00EC7KXN6	compatible_with	item_B00N4N2IGO
item_B00CXI4XD2	compatible_with	item_B00KRYL7CE
item_B00JZYJBMU	compatible_with	item_B013W7M3XE
item_B019EG63GU	compatible_with	item_B01AYQY8RU
item_B006SFRJ7S	compatible_with	item_B016GSNUE2
item_B017JRAB78	compatible_with	item_B019IBMJKU
item_B00PXSBGOI	compatible_with	item_B00PXSBMG0
item_B00MOAJY0G	compatible_with	item_B014GB45OK
item_B000SZM78A	compatible_with	item_B00B6EB45O
item_B01CGWVEHC	compatible_with	item_B01E0FPAAK
item_B003EEMI7M	compatible_with	item_B00U00Z2CG
item_B00139IETG	compatible_with	item_B00SWU8S2C
item_B00LPA88ZS	compatible_with	item_B01A7EACMY
item_5120053351	compatible_with	item_B000GIT052
item_B005FO0YA2	compatible_with	item_B00P3ATUKS
item_B00KXU16SW	compatible_with	item_B00PP9LT38
item_B000G7WN5C	compatible_with	item_B00JULWE54
item_B00HFQSGX0	compatible_with	item_B01D1ZDKXO
item_B00NASDGCI	compatible_with	item_B011SUKPE6
item_B001OAMTQI	compatible_with	item_B00JULWE54
item_B0008MF4QK	compatible_with	item_B008YWF7OU
item_B00SUMGC5M	compatible_with	item_B00VYR3O2E
item_B01AFNDPBW	compatible_with	item_B01CQLSH28
item_B002DF1ZE0	compatible_with	item_B00CBE1S6I
item_B00BS744WE	compatible_with	item_B01E6C5YUI
item_B0035E196C	compatible_with	item_B00JFU5B50
item_B00M0V7NK2	compatible_with	item_B016LJ4GBM
item_B00KXU16SW	compatible_with	item_B01EFNBNDU
item_B00JH2HP1Y	compatible_with	item_B00NJ873Q4
item_B00LATY4ZM	compatible_with	item_B00QQBA1CO
item_B00SWVKS1K	compatible_with	item_B01D3R4HO6
item_B00K1RKNUE	compatible_with	item_B01FYQ8AN8
item_B0018OHRFS	compatible_with	item_B00PXSBBJI
item_B0072J71LI	compatible_with	item_B00QNAIJ4A
item_B00GYIUBJW	compatible_with	item_B00OIB0QUQ
item_B00FDZJHG0	compatible_with	item_B01CRVHEDK
item_B01F4Q6NS2	compatible_with	item_B01F8VL0UE
item_B003EEMI7M	compatible_with	item_B00P5JVBKY
item_B017D0803I	compatible_with	item_B019XPUINQ
item_B00E95996I	compatible_with	item_B00MJWBGUU
item_B000OAMVDU	compatible_with	item_B00Q0BHE16
item_B009HEO61Y	compatible_with	item_B00BJCKYL8
item_B00CHSEMTI	compatible_with	item_B00K00UN66
item_B007F34D0S	compatible_with	item_B01DDDAAJ6
item_B006ZVQYA8	compatible_with	item_B017WWTSO2
item_B00F3SJQ72	compatible_with	item_B00LN60Q36
item_B005BTPDD4	compatible_with	item_B01H52FZ1Y
item_B004D3Q3XS	compatible_with	item_B017OEW7DC
item_B0182F5SCO	compatible_with	item_B01E2DKX66
item_B00KHB8P68	compatible_with	item_B01FUMB2U4
item_B00MFQIIIS	compatible_with	item_B00SAF9W7O
item_B003YQON4G	compatible_with	item_B008YWF7OU
item_B00VHVK4W0	compatible_with	item_B01D410A2O
item_B0006AAW0W	compatible_with	item_B00AYCZCTI
item_B00TXN22DI	compatible_with	item_B01619WIWQ
item_B00TG4WKGS	compatible_with	item_B01DCK4SW0
item_B00J7YGWUW	compatible_with	item_B00PRD0VN6
item_B00Q0BHE16	compatible_with	item_B014W7YYZI
item_B00FUHWE5M	compatible_with	item_B01BDI4VZM
item_B00VALLJ4Y	compatible_with	item_B01GGR0ICU
item_B016YKHXL8	compatible_with	item_B01ES46O7G
item_B00VTTOGHE	compatible_with	item_B00WGR902E
item_B00DBS1QGA	compatible_with	item_B01H6YB182
item_B00CC3LRVE	compatible_with	item_B00L3PZMBI
item_B007UUBJ8A	compatible_with	item_B019QOPCXK
item_B00WEW0PUC	compatible_with	item_B01BGWYFE2
item_B00F3SJQ72	compatible_with	item_B00IN14QTE
item_B016PD1UVS	compatible_with	item_B017OEW7DC
item_B00SZ0A4H6	compatible_with	item_B013HTVCQG
item_B009B1TRXU	compatible_with	item_B00YIC68OI
item_B007KF1JZS	compatible_with	item_B00XPFB6BO
item_B0064YY0D4	compatible_with	item_B00NHHMVAU
item_B00NASDG7I	compatible_with	item_B00NHECBBW
item_B009EVMCCA	compatible_with	item_B00CSEIZIK
item_B016LJ4GBM	compatible_with	item_B01AUJGLLW
item_B003EEMI7M	compatible_with	item_B006G7JVZ6
item_B00Q2JHPQA	compatible_with	item_B012UOSYQK
item_B00F3SJQ72	compatible_with	item_B010FUTNFC
item_B00JDTRD9U	compatible_with	item_B01CIYSGA6
item_B00NL3EC02	compatible_with	item_B01AP40M7G
item_B00XC2F8B4	compatible_with	item_B01H30LCP6
item_B013SEP6FS	compatible_with	item_B014IH2XN2
item_B013IXB626	compatible_with	item_B013IXCQVQ
item_B00BP36CK8	compatible_with	item_B017WWTSO2
item_B00JDTRD9U	compatible_with	item_B00W2TGVA0
item_B011LTPIQO	compatible_with	item_B01GJDU7LS
item_B01A630SZ2	compatible_with	item_B01DDDAAJ6
item_B00FGCJZZS	compatible_with	item_B017RI9MQK
item_B00J2SH92I	compatible_with	item_B013E0HGEA
item_B00HC6F5GE	compatible_with	item_B01FRGKIZI
item_B0026NQGNY	compatible_with	item_B01DDDAAJ6
item_B003NX87TW	compatible_with	item_B00LEOTLXS
item_B00L4KHED6	compatible_with	item_B00QGSJVZU
item_B002WHY7QM	compatible_with	item_B00B456004
item_B017ULEI9U	compatible_with	item_B01CTPKVY8
item_B00XKY9SEW	compatible_with	item_B00XWUD32W
item_B000C4UATA	compatible_with	item_B00B81I7HI
item_B014EJSOZK	compatible_with	item_B016YKHX1S
item_B008YWF7OU	compatible_with	item_B00E4XQ72Y
item_B00FGCJZZS	compatible_with	item_B017MSNUM2
item_B015SSQCO6	compatible_with	item_B017A76M5W
item_B004ZWH9UI	compatible_with	item_B00XXPMJKI
item_B017J7PHQI	compatible_with	item_B01DB9WT4Q
item_B007D4L1JA	compatible_with	item_B01DBD0VX8
item_B00N2DQKDI	compatible_with	item_B00QFP31QE
item_B01A9RP7WY	compatible_with	item_B01FUI8SK0
item_B00S568L9S	compatible_with	item_B013X04PDG
item_B00HP0DCV2	compatible_with	item_B01H7EMBXK
item_B001PR8ZCW	compatible_with	item_B002G9UGT8
item_B0042LD0BE	compatible_with	item_B0047D40OS
item_B000TCXAXI	compatible_with	item_B00L5E0NQG
item_B00QVAMERU	compatible_with	item_B010O0YQDW
item_B013FXY48W	compatible_with	item_B016LJ4GBM
item_B002Z2FXU8	compatible_with	item_B00XKXHMD2
item_B0026P4684	compatible_with	item_B00JPEOU5S
item_B004FGMYMM	compatible_with	item_B0060HMLTU
item_B00L5E0QTU	compatible_with	item_B00VTV6PSU
item_B00AHA9UOK	compatible_with	item_B00I04P5YY
item_B00KVMBN3K	compatible_with	item_B00OV4840E
item_B00XU4ZYRM	compatible_with	item_B01HH3X0YU
item_B00E1EN92W	compatible_with	item_B00FXKXWBQ
item_B00939TYAG	compatible_with	item_B00CMDWUIS
item_B00B58FQ5K	compatible_with	item_B016HLI4K8
item_B00GT0BPDQ	compatible_with	item_B016YKHX1S
item_B00X9VLR7W	compatible_with	item_B01HGG063Q
item_B00SZ0A4H6	compatible_with	item_B017Z1ENEK
item_B0051D4GXS	compatible_with	item_B00V84SHIE
item_B016YKHXL8	compatible_with	item_B01ARZDWDY
item_B00MN7REHA	compatible_with	item_B01E3N2JL2
item_B001EIM6ZE	compatible_with	item_B0072J71L8
item_B008Y8UYEC	compatible_with	item_B00B58FQ5K
item_B00NASDGCI	compatible_with	item_B00U7Y2BTM
item_B00IVDO1BM	compatible_with	item_B01B3HP24W
item_B00E3QRTYC	compatible_with	item_B012Y8063G
item_B00CEH0PIE	compatible_with	item_B01DXPYIS8
item_B00AHRDLAW	compatible_with	item_B01B58MVA2
item_B00VT1QSYQ	compatible_with	item_B01FQS7RSS
item_B00FLXDYU4	compatible_with	item_B00WGAICUW
item_B00XZ3EF0U	compatible_with	item_B01D0NZCBA
item_B0002QTQA2	compatible_with	item_B00Q4LZUW2
item_B000LWL678	compatible_with	item_B00XKXHMD2
item_B001GF6M0K	compatible_with	item_B00CBE1S6I
item_B016YRTP0S	compatible_with	item_B01H3EBD1A
item_B00I5M90HE	compatible_with	item_B01CSALP08
item_B01BMZFS30	compatible_with	item_B01FGOE8DY
item_B00XBBAV2C	compatible_with	item_B00XBBDER6
item_B00139IETG	compatible_with	item_B00E7NZQZU
item_B00ACIFP5U	compatible_with	item_B00FBD2G2Q
item_B000IBFE2A	compatible_with	item_B00FXPRL5O
item_B004R7JIAU	compatible_with	item_B019752N26
item_B001LNN49O	compatible_with	item_B00XXPMJKI
item_B000O7L85K	compatible_with	item_B00F3SJQ72
item_B00COB27ZE	compatible_with	item_B01ENQ3UOE
item_B00V4DG42K	compatible_with	item_B013I8LKDG
item_B000WLPWAK	compatible_with	item_B00AQD9M3M
item_B00NQJ5LAQ	compatible_with	item_B015GWJC5A
item_B006TLZ1BW	compatible_with	item_B00Q4LZUW2
item_B00VJMKBFW	compatible_with	item_B01EAH8U5K
item_B0085TFIC8	compatible_with	item_B0091CC1OG
item_B016YKHX1S	compatible_with	item_B01ARZDZS6
item_B00Z9T6XL2	compatible_with	item_B010F8OV0G
item_B00XKSI06U	compatible_with	item_B01953MRHG
item_B00W9P2FLQ	compatible_with	item_B01CGXMPAQ
item_B00MUQP5X4	compatible_with	item_B0156GCLD6
item_B01DBXINBU	compatible_with	item_B01FM20C8A
item_B003MAFEOC	compatible_with	item_B01EB1XM6M
item_B01CXPBSGE	compatible_with	item_B01DIISHS2
item_B00WV1UGVO	compatible_with	item_B01E2S8BW4
item_B0132HUZVG	compatible_with	item_B01ARZDZS6
item_B002459RBC	compatible_with	item_B00DMW4T8C
item_B001CCURAS	compatible_with	item_B007KF1JZS
item_B00X4X90ME	compatible_with	item_B0166BU7T0
item_B000783QR4	compatible_with	item_B00PXSBBJI
item_B0000WLU5W	compatible_with	item_B01F324FMI
item_B0071A17WW	compatible_with	item_B00XKXHMD2
item_B00CHNNO5Q	compatible_with	item_B00FXPRL5O
item_B00B58FQ5K	compatible_with	item_B00KYM1DBE
item_B00X9HIFIA	compatible_with	item_B00XPFB6BO
item_B004I764VA	compatible_with	item_B005GVJEX2
item_B01ESQPHWW	compatible_with	item_B01FNLWFGM
item_B00P2CJV7O	compatible_with	item_B00X9HIFIA
item_B01B3HP24W	compatible_with	item_B01ETN64PI
item_B0043JDHZO	compatible_with	item_B00MX2DS0W
item_B00XZ3EF0U	compatible_with	item_B0188XFQAE
item_B00H9B9CMK	compatible_with	item_B00PE75UF4
item_B014CKDLK4	compatible_with	item_B014MCCQ9O
item_B00CAXQV3K	compatible_with	item_B00E4I4XS4
item_B005GQ0K5S	compatible_with	item_B00XBBAV2C
item_B00NHK3LHY	compatible_with	item_B01B3ISSBK
item_B005IDQRVK	compatible_with	item_B015NZFBWI
item_B005GLHIDA	compatible_with	item_B00NV61C48
item_B015DAP61Y	compatible_with	item_B01AYQY8RU
item_B005FHKLBQ	compatible_with	item_B00LPQXVFE
item_B00DH9OSRM	compatible_with	item_B00M0GT0SK
item_B001T8S7MA	compatible_with	item_B00JULWJLI
item_B013SEP6FS	compatible_with	item_B017AP8R8O
item_B012W8599E	compatible_with	item_B018VCGEFS
item_B002BX3PAQ	compatible_with	item_B00IL3NRRG
item_B00TVD4YC2	compatible_with	item_B00V84SHIE
item_B00B58FQ5K	compatible_with	item_B00ZZHCW54
item_B00MUIZQ3Q	compatible_with	item_B016Y7GSHQ
item_B001RPHTEC	compatible_with	item_B00D076MXE
item_B00HVT4VY4	compatible_with	item_B00XKXHMD2
item_B0002TOZ1E	compatible_with	item_B0036GD9IK
item_B00Z9T6XL2	compatible_with	item_B0158XS67C
item_B00NQJ5LAQ	compatible_with	item_B00SYZ4NCE
item_B00UA04S6M	compatible_with	item_B01B3HP24W
item_B00917P36O	compatible_with	item_B01B3ISSBK
item_B00LE1C2V4	compatible_with	item_B011U2U9AM
item_B00WFGUD54	compatible_with	item_B01FQWMFKO
item_B006SFRKP4	compatible_with	item_B013I9KU0Y
item_B00L5E0QTU	compatible_with	item_B00WEM0BMY
item_B00DMW4T8C	compatible_with	item_B015Z1G2QE
item_B00GZERUQC	compatible_with	item_B0183AFEMM
item_B016C5EMEQ	compatible_with	item_B01FBSGFZ4
item_B008YWF7OU	compatible_with	item_B00UOO7LFY
item_B00WQ7HY2M	compatible_with	item_B01GK8UORO
item_B00Y5RWVYM	compatible_with	item_B019IBMJKU
item_B01BURV154	compatible_with	item_B01H3EALTK
item_B003U0Q0OC	compatible_with	item_B016OT9B8C
item_B00YP6424U	compatible_with	item_B01E2DKX66
item_B00KR6I6IK	compatible_with	item_B00MN7REHA
item_B0082MR0O2	compatible_with	item_B009GWZF6M
item_B00P19QE7S	compatible_with	item_B013X04SJ2
item_B00JULWJLI	compatible_with	item_B01ES40BH0
item_B00FJJ4BPM	compatible_with	item_B00ZFE1H12
item_B00JB5RPGM	compatible_with	item_B00N4N2IGO
item_B00NJ873Q4	compatible_with	item_B013F0OAIO
item_B0029U16KW	compatible_with	item_B00XKSI06U
item_B00XTHJI4U	compatible_with	item_B011LTPIQO
item_B000N4QKR0	compatible_with	item_B018MRRKR8
item_B0009GCTLS	compatible_with	item_B01AK98V6A
item_B00KBZO8WA	compatible_with	item_B00VYV88AI
item_B012V8CPJC	compatible_with	item_B014IPG44I
item_B01D644GQU	compatible_with	item_B01GA82Q16
item_B000N26626	compatible_with	item_B01AK98V6A
item_B00FXPRJWO	compatible_with	item_B018V0GBIA
item_B000N8KH2A	compatible_with	item_B018I887MS
item_B00KZHNMN0	compatible_with	item_B00UB4QC98
item_B00O1FG0P4	compatible_with	item_B0160HYB8S
item_B002G9UGT8	compatible_with	item_B0085TFIC8
item_B00K74O5NC	compatible_with	item_B00V7K2BWM
item_B00F926E9K	compatible_with	item_B016LJ4GBM
item_B000H6AB3S	compatible_with	item_B00PXSBBJI
item_B01AOGZ0OK	compatible_with	item_B01ASH7ZCA
item_B012UJENIS	compatible_with	item_B01BU5AVK2
item_B00EKNU8I2	compatible_with	item_B00MJU0E6E
item_B0150YIVVK	compatible_with	item_B0166S5X3S
item_B004IODPWY	compatible_with	item_B015IXY3K6
item_B0072J71L8	compatible_with	item_B00MCW7WWS
item_B00QGSJVZU	compatible_with	item_B00S4GMSPM
item_B00QNAIJ4A	compatible_with	item_B014IU9WVU
item_B00SMJHB6C	compatible_with	item_B011B5OXIC
item_B0196YFEUG	compatible_with	item_B01DPGK5H8
item_B002WUQCQM	compatible_with	item_B00FBNOSWC
item_B00MJU0E6E	compatible_with	item_B010PX63GQ
item_B006HW0636	compatible_with	item_B01H3EALEA
item_B00TXN22DI	compatible_with	item_B015MA6VHS
item_B0009G5V0E	compatible_with	item_B00KBZO8WK
item_B0002TOZ1E	compatible_with	item_B0123S58R6
item_B004CO6PY0	compatible_with	item_B00XWUD32W
item_B000PY9URU	compatible_with	item_B00589DHLC
item_B00E5UHLXA	compatible_with	item_B018I887MS
item_B008TUUOSG	compatible_with	item_B00LHUMD2A
item_B00D2BU09U	compatible_with	item_B0116JXRU8
item_B0030XF11C	compatible_with	item_B00QGSJVZU
item_B01E5AJVN2	compatible_with	item_B01GJJX2F0
item_B004UUED5E	compatible_with	item_B01240158Y
item_B00UZ9503S	compatible_with	item_B013GE3J8G
item_B00NJU7O4I	compatible_with	item_B00QGSJVZU
item_B00ORWMELU	compatible_with	item_B00SFHNZK2
item_B00F3SJQ72	compatible_with	item_B01FYBQNLY
item_B010SGW9HM	compatible_with	item_B01H6DY7BQ
item_B00JYIHPUM	compatible_with	item_B01BP9YNJI
item_B00ACIG2VG	compatible_with	item_B00XKXHMD2
item_B00AWJ1N96	compatible_with	item_B00B01GJGC
item_B00HRNU3B4	compatible_with	item_B01BYTLZTK
item_B0182G3RB2	compatible_with	item_B01FM35FX6
item_B004FPTMJG	compatible_with	item_B019752N26
item_B00B81I7HI	compatible_with	item_B00XWUD32W
item_B00S15SAQM	compatible_with	item_B01DDDAAJ6
item_B00MB4A3EQ	compatible_with	item_B013KZJN86
item_B01ESQPHWW	compatible_with	item_B01FNFZ0DS
item_B001OC5EZO	compatible_with	item_B0072J71L8
item_B00XKSI06U	compatible_with	item_B01EL925FI
item_B00BJOGRTY	compatible_with	item_B01CXPBSGE
item_B00D6651XQ	compatible_with	item_B00XXPNFME
item_B00XKJ6ZUM	compatible_with	item_B00Y2SIXTQ
item_B006ONDA18	compatible_with	item_B011LTPIQO
item_B007V1E19W	compatible_with	item_B00X9HIFIA
item_B00E4IV23S	compatible_with	item_B0119ZLT4A
item_B00B58FQ5K	compatible_with	item_B00UHH5WWM
item_B0001YRWRY	compatible_with	item_B00XKXHMD2
item_B00XBBDER6	compatible_with	item_B00XXPMJKI
item_B000922SGS	compatible_with	item_B00DVFWFKE
item_B0059EO6WK	compatible_with	item_B01H9J0RB6
item_B01AUJGLLW	compatible_with	item_B01B3ISSBK
item_B00C79APXY	compatible_with	item_B00V84SHIE
item_B00Z9T6XL2	compatible_with	item_B01ENCHNTG
item_B01B3HP24W	compatible_with	item_B01H4QETSG
item_B00QGSJVZU	compatible_with	item_B0113HF9OK
item_B00VOXQRAO	compatible_with	item_B014U8W41A
item_B00IIJ80ZW	compatible_with	item_B00O0O28TS
item_B00WQ7HY2M	compatible_with	item_B01D67ZNNC
item_B0001YRYIG	compatible_with	item_B00PXSBGR0
item_B00FRFA6SY	compatible_with	item_B00FXPRJWO
item_B00XXPNFME	compatible_with	item_B01GPL9L98
item_B00IFF6IGW	compatible_with	item_B00STUNZ2I
item_B00RBEDPDM	compatible_with	item_B013CXBUGO
item_B0166941M6	compatible_with	item_B01CXPBSGE
item_B00UWZ3CC6	compatible_with	item_B011LTPIQO
item_B00CAXQV3K	compatible_with	item_B00IOEGWOC
item_B00XKXHMD2	compatible_with	item_B01786RMSG
item_B002TSF2X6	compatible_with	item_B006SFRJ7S
item_B001BZAFXU	compatible_with	item_B017OJFPS6
item_B00UCJ9OAG	compatible_with	item_B01H6ZF19G
item_B00417QFF2	compatible_with	item_B019HHGR3K
item_B00DH9OSRM	compatible_with	item_B00R1XT5Z0
item_B01BZ7USX0	compatible_with	item_B01FVZH0EM
item_B005I33OD4	compatible_with	item_B00FXPRL5O
item_B0095D1H2S	compatible_with	item_B00IT3CO86
item_B014H1HNZ2	compatible_with	item_B01C904T50
item_B0001YSBOC	compatible_with	item_B01A16XYT6
item_B000SKI76G	compatible_with	item_B00PXSBC1U
item_B00UXPQSO4	compatible_with	item_B01FUMB2U4
item_B01EN4KVOI	compatible_with	item_B01F7NMJVW
item_B004TQD116	compatible_with	item_B00FXPRJWO
item_B00URQY9VS	compatible_with	item_B01B3HP24W
item_B019X2NGF6	compatible_with	item_B01GSTLVBI
item_B00LCJP40E	compatible_with	item_B01C3ND116
item_B0019LEY9C	compatible_with	item_B001AEZ3QG
item_B004XOZAFE	compatible_with	item_B01GGR0ICU
item_B00ZUBWAVG	compatible_with	item_B0118XFD4A
item_B00BTJPBJG	compatible_with	item_B00Q4LZUW2
item_B003BUY4S0	compatible_with	item_B00RCKUFF6
item_B00O70UZ3Q	compatible_with	item_B017AP8R8O
item_B00QGHN2GK	compatible_with	item_B01BBUIS0Q
item_B0020BVU60	compatible_with	item_B00H93LSKW
item_B004CO6PY0	compatible_with	item_B00D2BU09U
item_B005GPH0TS	compatible_with	item_B01HEO9UPK
item_B00372SV7W	compatible_with	item_B00XWUD32W
item_B01FX3ZSWI	compatible_with	item_B01GTY6LB2
item_B000PCEHWU	compatible_with	item_B016LJ4J7S
item_B00HHKSSTG	compatible_with	item_B00N71VEQI
item_B015SSQCO6	compatible_with	item_B019XJW588
item_B015C53ZSG	compatible_with	item_B01AP40M26
item_B00FN1Z7OA	compatible_with	item_B019DFQ83A
item_B00TO25AMS	compatible_with	item_B01FULXVQI
item_B002F1XCHK	compatible_with	item_B01A16XYT6
item_B017LKWHXY	compatible_with	item_B019IBMJKU
item_B005C9GDS2	compatible_with	item_B00PXSBMG0
item_B00KMAPMIS	compatible_with	item_B00ZE87NFS
item_B0012O8GO0	compatible_with	item_B00B58FQ5K
item_B00Q4LZUW2	compatible_with	item_B00U446SB2
item_B00JC2YXFK	compatible_with	item_B00RCHKZQS
item_B00RKJI54C	compatible_with	item_B00XWUD32W
item_B00NQJ5LAQ	compatible_with	item_B00UXMIG2Y
item_B00NQJ5LAQ	compatible_with	item_B018F4V6MI
item_B00FNR2FOY	compatible_with	item_B00KIK9L70
item_B00LCJP40E	compatible_with	item_B01CC38G4O
item_B008YWF7OU	compatible_with	item_B00KBZSRZ4
item_B000WLPWAK	compatible_with	item_B00AJD4GYO
item_B00B58FQ5K	compatible_with	item_B00RSK0M0S
item_B008HUZ49W	compatible_with	item_B0156GCLD6
item_B00JDTRD9U	compatible_with	item_B01GQPTL5C
item_B00CGK5GWE	compatible_with	item_B00CHY6OAW
item_B00HY571AQ	compatible_with	item_B00N2DQKDI
item_B00BBAB9TY	compatible_with	item_B019S38JJI
item_B00XMO8T9A	compatible_with	item_B012DYHBZ2
item_B006C73ZZM	compatible_with	item_B01E6C5YUI
item_B00DZPAIDQ	compatible_with	item_B016LJ4GBM
item_B00F3SJQ72	compatible_with	item_B01CQL617G
item_B016AUEN60	compatible_with	item_B01D1ZDKXO
item_B00W1EDJXI	compatible_with	item_B00Z9T6XL2
item_B00BG34F0G	compatible_with	item_B00CO2XQ76
item_B00HFA919E	compatible_with	item_B018956ZCO
item_B011LTPIQO	compatible_with	item_B0176LP33Y
item_B00PSHH9N6	compatible_with	item_B00R4TJJOS
item_B010MAJZO4	compatible_with	item_B01G2OOI2I
item_B016A5VW4Q	compatible_with	item_B01FNUPOF2
item_B013E094YA	compatible_with	item_B01EW3CU4O
item_B002QX153K	compatible_with	item_B0085TF7DS
item_B00KIZF1VU	compatible_with	item_B016UK7Y0M
item_B00XNRBH7W	compatible_with	item_B017J8908S
item_B00XZ3EF0U	compatible_with	item_B01CHQKYPK
item_B004ZHQ55S	compatible_with	item_B011LTPIQO
item_B016LJ4GBM	compatible_with	item_B01GEKV7ZG
item_B00375MD32	compatible_with	item_B017MT2VH6
item_B01F15SP6Y	compatible_with	item_B01GO0VDQO
item_B00B00HXOU	compatible_with	item_B00IWN6CAE
item_B019X2NGF6	compatible_with	item_B01BN9T156
item_B00B81I4IU	compatible_with	item_B00E4XQ72Y
item_B00X50A99Y	compatible_with	item_B01DDDAAJ6
item_B00KS15RQ8	compatible_with	item_B019IBMJKU
item_B00V5CI81K	compatible_with	item_B01HH3X0YU
item_B00BJ8LQK0	compatible_with	item_B00O1FG0P4
item_B00XWUD32W	compatible_with	item_B0151E6OVI
item_B0068RCQBK	compatible_with	item_B01H52FZ1Y
item_B00R8FXHP0	compatible_with	item_B014S8XE5W
item_B010OF8R64	compatible_with	item_B011LTPIQO
item_B0078J8BF2	compatible_with	item_B00D3ISEYA
item_B00593BV5Q	compatible_with	item_B00WB234F8
item_B013I0WF9W	compatible_with	item_B01EN4KVOI
item_B00KQF4W3A	compatible_with	item_B00Z0C5KP8
item_B00IMM76Q4	compatible_with	item_B00RHMK2JI
item_B000G23UNQ	compatible_with	item_B01H7EMBXK
item_B00UWTDKZQ	compatible_with	item_B011NYQZI2
item_B0072J71LI	compatible_with	item_B00FYHD75E
item_B00H0RYH6E	compatible_with	item_B00MY8WSCO
item_B00HVAYAN0	compatible_with	item_B013IXB626
item_B008FB9XOA	compatible_with	item_B00YYONAQE
item_B00KOJYK44	compatible_with	item_B01CHFI8MW
item_B00K72JFK2	compatible_with	item_B01BM5IS6O
item_B00W308L7Y	compatible_with	item_B01ESQPHWW
item_B000AL4ARI	compatible_with	item_B00D076MXE
item_B00ARCWZZE	compatible_with	item_B0109FSMG4
item_B00V4DG42K	compatible_with	item_B018G1DWQ8
item_B00HRNU3B4	compatible_with	item_B01B3FWJXG
item_B00ZUJ9Q8I	compatible_with	item_B01C7WSEH4
item_B00V84SHIE	compatible_with	item_B00WB260I6
item_B00GZGLQKG	compatible_with	item_B00ZUJ9Q8I
item_B00SJ6840K	compatible_with	item_B0163REQ44
item_B000RDSW46	compatible_with	item_B00ACIFHBM
item_B007E6RWA4	compatible_with	item_B00XKJ6ZUM
item_B00JWURVRY	compatible_with	item_B00N6QAKKA
item_B003NNVTNI	compatible_with	item_B01DJP6MTA
item_B002M09ELM	compatible_with	item_B00589DHLC
item_B00AYCZFZY	compatible_with	item_B019HHGR3K
item_B00SAF9W7O	compatible_with	item_B00VV8JA4W
item_B00ZC1Z6KQ	compatible_with	item_B01B3HP24W
item_B00V84SHIE	compatible_with	item_B00W3SYA2Q
item_B0119EKCTE	compatible_with	item_B01587SD58
item_B009ETHV7S	compatible_with	item_B015SSQCO6
item_B00HRNU3B4	compatible_with	item_B01E8WY9IE
item_B00V7MMQ5M	compatible_with	item_B019DFQ83A
item_B000ZQ667A	compatible_with	item_B009E3254I
item_B00COO6OMI	compatible_with	item_B01DTY57Q0
item_B000WG288O	compatible_with	item_B00FXPRJWO
item_B00NJ873Q4	compatible_with	item_B01H3EB126
item_B001V8NRQ4	compatible_with	item_B00B58FQ5K
item_B018JAB00G	compatible_with	item_B01ESQPHWW
item_B00Q6BSE9G	compatible_with	item_B01DDDBO7I
item_B009U5OQTM	compatible_with	item_B00NQJ5LAQ
item_B00T6LHEOY	compatible_with	item_B01H143S5G
item_B00D8ERLL6	compatible_with	item_B01DLQ7ET4
item_B0131JSE1I	compatible_with	item_B016LJ4GBM
item_B00MOU7FF2	compatible_with	item_B01EYBEJNY
item_B00F59HKF4	compatible_with	item_B00UVOKN6G
item_B00WFF950O	compatible_with	item_B01H3EALMM
item_B006SFRJ7S	compatible_with	item_B00MU7UG0K
item_B0002DG8BK	compatible_with	item_B004I764VA
item_B0018OOF6M	compatible_with	item_B001NVXX3Q
item_B00RNK1W2U	compatible_with	item_B00XKSI06U
item_B00GKNISRI	compatible_with	item_B00N59LVU6
item_B00B58FQ5K	compatible_with	item_B00UC9LI0K
item_B00NBWWSJU	compatible_with	item_B019IBMJKU
item_B00XBZSEZ4	compatible_with	item_B01DB4M7MA
item_B00B4X5QC4	compatible_with	item_B00B58FQ5K
item_B00KFR4JVO	compatible_with	item_B019RFZSF0
item_B001MBD93Q	compatible_with	item_B005ZOJ60Q
item_B00B58FQ5K	compatible_with	item_B01DB9Z1O6
item_B018SDUY2O	compatible_with	item_B01DUQUIG6
item_B00DII4VBU	compatible_with	item_B00ZAIILVC
item_B00FAV90DM	compatible_with	item_B017OEW7DC
item_B00I39JPTM	compatible_with	item_B00KRYL792
item_B009B1TRXU	compatible_with	item_B00N71VEQI
item_B00Q4LZUW2	compatible_with	item_B00VFHMJXS
item_B00Z6D23PG	compatible_with	item_B019IBMJKU
item_B00IT3CO86	compatible_with	item_B018I9M9XU
item_B00B738DY4	compatible_with	item_B01DXPYIHO
item_B00O70UZ3Q	compatible_with	item_B00T6H8UY6
item_B013IXB626	compatible_with	item_B018T36F5S
item_B006CBAALK	compatible_with	item_B019752N26
item_B00KFNYVIO	compatible_with	item_B0169SDVPW
item_B006SRSZOW	compatible_with	item_B00SQ92M0I
item_B016LJ4J7S	compatible_with	item_B01B3ISY46
item_B00SWVKS1K	compatible_with	item_B01D3R4E08
item_B002YLKWCE	compatible_with	item_B00BRBRPIG
item_B00KQI8QLQ	compatible_with	item_B013IXB626
item_B0002MGM4O	compatible_with	item_B00ARH8C9M
item_B00XJRWCBG	compatible_with	item_B00Z9T6XL2
item_B00IT3CO86	compatible_with	item_B0147F055S
item_B014CKDLJA	compatible_with	item_B01A742BZU
item_B00H9BEN6A	compatible_with	item_B00ZUJ9Q8I
item_B00VSBMLPM	compatible_with	item_B00VVGX0RW
item_B008YWHD56	compatible_with	item_B009B1TRXU
item_B004I766BS	compatible_with	item_B005GV9PZO
item_B00XC10Q0I	compatible_with	item_B01FVTFIFG
item_B006KD7Q2Q	compatible_with	item_B0091CC1OG
item_B00VT3LQKU	compatible_with	item_B011LTPIQO
item_B00XXPNFME	compatible_with	item_B01ENV4CYG
item_B005SN5J2I	compatible_with	item_B00V7Z8LI0
item_B006ZVQYA8	compatible_with	item_B00QN26DAU
item_B0049UPDBS	compatible_with	item_B00IL3NRRG
item_B0140CB0C0	compatible_with	item_B01ESQPHWW
item_B00XBBAV2C	compatible_with	item_B01DBD0VX8
item_B000BRHESS	compatible_with	item_B00FXPRJWO
item_B00KXU16SW	compatible_with	item_B01CZAOAHG
item_B001CZ3N06	compatible_with	item_B00ZUJ9Q8I
item_B00XPRMBY8	compatible_with	item_B010RA4PQM
item_B0018OOF6M	compatible_with	item_B012UPTSKU
item_B008BNKLO8	compatible_with	item_B00B58FQ5K
item_B004ARS6HS	compatible_with	item_B008YWF7OU
item_B00D624ZRS	compatible_with	item_B018DXPCNA
item_B00DNT691O	compatible_with	item_B00L5E0QTU
item_B00NQJ5LAQ	compatible_with	item_B01E6POSZM
item_B00RWOCWAI	compatible_with	item_B00V84SHIE
item_B017ULEI9U	compatible_with	item_B01B5ELQNE
item_B004UJQ8H6	compatible_with	item_B01H3CSYOQ
item_B00139IETG	compatible_with	item_B00JDISXIQ
item_B00XWUD32W	compatible_with	item_B01D1JJ2N2
item_B018YIF56S	compatible_with	item_B01A7PBKEW
item_B013GE3J8G	compatible_with	item_B01FVTFIFG
item_B01CRX9LD4	compatible_with	item_B01FX3ZSWI
item_B000E0QTEW	compatible_with	item_B016LJ4GBM
item_B00XWUD32W	compatible_with	item_B01ATQM6JC
item_B002IRND9I	compatible_with	item_B00MGLMHHK
item_B01ENQ2RR0	compatible_with	item_B01GGR0ICU
item_B0060HMLTU	compatible_with	item_B00GKC9YPY
item_B00MEXZLSC	compatible_with	item_B018DXPCNA
item_B00KC47A8E	compatible_with	item_B00Z8A3TPK
item_B004I764VA	compatible_with	item_B01B6OGJU8
item_B0097XAXQW	compatible_with	item_B01DJP6MTA
item_B005FVQRIS	compatible_with	item_B00NJ873Q4
item_B00XKJ6ZUM	compatible_with	item_B00YUTDTGY
item_B00E7WRWQM	compatible_with	item_B00QNAIJ4A
item_B017LRFO96	compatible_with	item_B01H3JR936
item_B00JZYQ3I0	compatible_with	item_B01E61CD1C
item_B000FH2JT8	compatible_with	item_B00XKXHMD2
item_B007FPPMOW	compatible_with	item_B007VT34KQ
item_B008EHNQD4	compatible_with	item_B019IO1OTO
item_B01CSEYHUO	compatible_with	item_B01F4NMTGA
item_B005AZ1C2U	compatible_with	item_B017OEW7DC
item_B00WHF3E6S	compatible_with	item_B014ORUQBM
item_B01DXV5J0S	compatible_with	item_B01H30LCP6
item_B01FQS7RSS	compatible_with	item_B01H3CSYOQ
item_B00XZ3EF0U	compatible_with	item_B01B57ZFHY
item_B00GTJIHME	compatible_with	item_B01EN6VH1M
item_B00GYVYAHI	compatible_with	item_B01BMO15OC
item_B00LPQXVFE	compatible_with	item_B00MJNLL4U
item_B01B3HP24W	compatible_with	item_B01C6GXBFG
item_B00B58FQ5K	compatible_with	item_B00BH3PZ1S
item_B000Y13JS0	compatible_with	item_B00WHF3E6S
item_B00UVKFN60	compatible_with	item_B016HE3RUM
item_B019DFQ83A	compatible_with	item_B01GTY6LB2
item_B014K32UXW	compatible_with	item_B01FUMB2U4
item_B01CY0PVIY	compatible_with	item_B01H6DY7BQ
item_B00N4Q5MSW	compatible_with	item_B00W9E8FOI
item_B00L5E300M	compatible_with	item_B00QV4RVQA
item_B00AKTMJ5U	compatible_with	item_B0123M9EHM
item_B00JBRB2IC	compatible_with	item_B01GK8UORO
item_B002BZJ1RU	compatible_with	item_B01AT0K9S8
item_B01B3HP24W	compatible_with	item_B01EYH0LGW
item_B0057X9R36	compatible_with	item_B00PXSBBJI
item_B001CCURAS	compatible_with	item_B01DJAYGPW
item_B00DVFWFKE	compatible_with	item_B00VM32GBK
item_B00JULWE54	compatible_with	item_B019G545ZK
item_B00HS4DIAK	compatible_with	item_B00NJ873Q4
item_B00EJISBMS	compatible_with	item_B010USSWOC
item_B002AW758Q	compatible_with	item_B0090O1EDE
item_B00C464QXU	compatible_with	item_B00D8ERLL6
item_B00HRNU3B4	compatible_with	item_B01DTSYKBO
item_B012CJ0ZXI	compatible_with	item_B0195BRO9E
item_B00JC2YXFK	compatible_with	item_B019OMDI3A
item_B0031U0PME	compatible_with	item_B01EAH8U5K
item_B006SFRJ7S	compatible_with	item_B006SFRVEY
item_B001KG06I4	compatible_with	item_B00HIZKH7G
item_B00MJU0E6E	compatible_with	item_B0195KACF8
item_B00AWJ1N96	compatible_with	item_B01F72L9DM
item_B00FXLCUPO	compatible_with	item_B00LN60Q36
item_B018JAB00G	compatible_with	item_B01AP40M7G
item_B008TUUOSG	compatible_with	item_B01HED4EUM
item_B00B58FP9W	compatible_with	item_B01F324FMI
item_B00CS9FWJU	compatible_with	item_B01DB9WT4Q
item_B0009GCRQ0	compatible_with	item_B00XKXHMD2
item_B015AKE8CU	compatible_with	item_B01AOCTAYU
item_B013SF7NA8	compatible_with	item_B01FX3ZSWI
item_B008YWF7OU	compatible_with	item_B00KRYNBFK
item_B012IKGTKO	compatible_with	item_B01519NUTM
item_B000NPL7TU	compatible_with	item_B00M297DPC
item_B0076TOT5A	compatible_with	item_B01A9RP7WY
item_B00X9HIFIA	compatible_with	item_B01B45UG1M
item_B0065ECGKM	compatible_with	item_B00CI907AO
item_B015JGVV70	compatible_with	item_B01DLGXUTC
item_B01FWTCRSG	compatible_with	item_B01FXHAMIY
item_B008QZ1DNO	compatible_with	item_B00GVG1OB6
item_B00LCJP40E	compatible_with	item_B00Y3I5R4O
item_B00HRNU3B4	compatible_with	item_B00XHFMNNM
item_B00T6H8UY6	compatible_with	item_B013SEP6FS
item_B00TX4S7A4	compatible_with	item_B00XWUD32W
item_B003CBZV44	compatible_with	item_B00Z8A3TPK
item_B00GXX615G	compatible_with	item_B00Y9MH16G
item_B009B1TRXU	compatible_with	item_B00BN0AVXM
item_B004NN9QBY	compatible_with	item_B00XKXHMD2
item_B00LE1C2V4	compatible_with	item_B01BWMC64C
item_B00KOKKSAI	compatible_with	item_B01FUMB2U4
item_B01C4185AE	compatible_with	item_B01DYYLR82
item_B00KBZO8WK	compatible_with	item_B00QMT9TP0
item_B008J0BM1E	compatible_with	item_B00L8P4SYK
item_B00W1EYM48	compatible_with	item_B01EY01N2K
item_B019S38JJI	compatible_with	item_B01EILCOTQ
item_B008OR5BNC	compatible_with	item_B01DDDAAJ6
item_B00HAYJTSI	compatible_with	item_B015VY5KF4
item_B00D4N0K7S	compatible_with	item_B00LZRGRA4
item_B00Z5OMBTO	compatible_with	item_B019HHK4HK
item_B010RA4PQM	compatible_with	item_B01FWT9DAQ
item_B001MS885I	compatible_with	item_B00W9E8FOI
item_B00PXSBGOI	compatible_with	item_B00PXTBKIE
item_B001SAB1KO	compatible_with	item_B00Q4LZUW2
item_B01AUFDXMG	compatible_with	item_B01AUFDXR6
item_B013HDY47Q	compatible_with	item_B015JDQKQ0
item_B00RGWU7E4	compatible_with	item_B01AP40M26
item_B00B58FQ5K	compatible_with	item_B016TYJY02
item_B00Q6WM5PO	compatible_with	item_B01HH3X0YU
item_B003LNPB7K	compatible_with	item_B008X9ZE1A
item_B00CPWDW42	compatible_with	item_B01F4BCFPW
item_B002LLMRAM	compatible_with	item_B00HK1DHR0
item_B0026NEG1I	compatible_with	item_B00Q4LZUW2
item_B00HRNU3B4	compatible_with	item_B00HWFCT7S
item_B013QTGDYI	compatible_with	item_B013SEP6FS
item_B00XPBB8YI	compatible_with	item_B019F4MFC2
item_B00O70UZ3Q	compatible_with	item_B00UB1OOBE
item_B01A567MNG	compatible_with	item_B01DIUCO7A
item_B00S9X3K48	compatible_with	item_B0193H249A
item_B00K0OO2FU	compatible_with	item_B01B3HP24W
item_B008QYIKQ8	compatible_with	item_B00NAWV0OA
item_B009D40PUE	compatible_with	item_B00XWUD32W
item_B00CBJVWLE	compatible_with	item_B00QNAIJ4A
item_B00PA14KNM	compatible_with	item_B013W7M3XE
item_B007FPPMOW	compatible_with	item_B00GLVYK76
item_B01E3CKH30	compatible_with	item_B01H6DY7BQ
item_B00FYEW8WA	compatible_with	item_B00Q4LZUW2
item_B006SFRKP4	compatible_with	item_B01GZHP8QC
item_B000ZM6CZ0	compatible_with	item_B01FRGKIZI
item_B00V84SHIE	compatible_with	item_B01CID1ZYQ
item_B00C2DQQVK	compatible_with	item_B00XXPMJKI
item_B00505DW2I	compatible_with	item_B008B80O1I
item_B013MC5U2K	compatible_with	item_B01DAHZ8PQ
item_B003LO1ZJ2	compatible_with	item_B0085TF7DS
item_B00566SJPG	compatible_with	item_B01DFQVL4E
item_B005GQ3VTU	compatible_with	item_B00M20E91M
item_B00NJ873Q4	compatible_with	item_B01GRJ0BP6
item_B00VTTOGHE	compatible_with	item_B01F0OR8JG
item_B00187YWYO	compatible_with	item_B00TKVQM7K
item_B00I2Z98J4	compatible_with	item_B01708CTGM
item_B007AK1MPU	compatible_with	item_B0150WLXZS
item_B01E9CKHNY	compatible_with	item_B01FFB6Q10
item_B005ATMMFM	compatible_with	item_B01H3EALMM
item_B005MKIMRG	compatible_with	item_B01AMKUIJA
item_B004GXA8RC	compatible_with	item_B00V84SHIE
item_B004OA7QRW	compatible_with	item_B004WJ2IBO
item_B00QGSJVZU	compatible_with	item_B017OJFPS6
item_B00VUE6IP6	compatible_with	item_B013FU829W
item_B002FU62R8	compatible_with	item_B019X2NGF6
item_B003KYSTTM	compatible_with	item_B00FXPRL5O
item_B00TF67E5E	compatible_with	item_B00U27QF82
item_B00APXN95U	compatible_with	item_B00XC0J6HS
item_B00QLG2KC8	compatible_with	item_B00S0YA5GM
item_B00N5G8XAA	compatible_with	item_B01B3HP24W
item_B00O72IPCC	compatible_with	item_B00QLCUTGG
item_B00F3SJQ72	compatible_with	item_B00M9DM5RW
item_B000G0JY88	compatible_with	item_B012P2FLA4
item_B01DB4M7MA	compatible_with	item_B01DCCVPS8
item_B00GHYHN1W	compatible_with	item_B0146DCCIO
item_B016YKHX1S	compatible_with	item_B01CI4C8GO
item_B00N2LV1PC	compatible_with	item_B0154O0XBW
item_B0009S6TJY	compatible_with	item_B00KSYXE4W
item_B0072J7XTI	compatible_with	item_B00QNAIJ4A
item_B00L3VDGU6	compatible_with	item_B01F4BCFMU
item_B00IL3NRRG	compatible_with	item_B00KRV1240
item_B00LE1C2V4	compatible_with	item_B00XNGK1UM
item_B01AUJGLLW	compatible_with	item_B01H5N66MA
item_B00HVAYF30	compatible_with	item_B01FRGKIZI
item_B00EOK39UK	compatible_with	item_B00NH9FVLO
item_B004DNWNF0	compatible_with	item_B00FYD7QDM
item_B00NQJ5LAQ	compatible_with	item_B014VKU7BG
item_B00PFG32R2	compatible_with	item_B013IXB626
item_B006QZ3C30	compatible_with	item_B00IIFFEPU
item_B00S4HGBZ4	compatible_with	item_B0182G3RB2
item_B0115KHC8Q	compatible_with	item_B013EX6VWK
item_B00HJ1F4HM	compatible_with	item_B017WWTSO2
item_B00OJD377M	compatible_with	item_B00XKXHMD2
item_B00D4N0K7S	compatible_with	item_B00V47TIXS
item_B00G2EVSHM	compatible_with	item_B00WS9LBCC
item_B01890QD8K	compatible_with	item_B01DBGJDYI
item_B00ARH8C9M	compatible_with	item_B01BGYIG7C
item_B00WQL9VEW	compatible_with	item_B01CTVQ5NI
item_B00160BK2A	compatible_with	item_B00Y9OU3V4
item_B00YEDR4LM	compatible_with	item_B018IKRSBM
item_B003QORMAI	compatible_with	item_B00GHH13QA
item_B000V6WPIS	compatible_with	item_B00SMJHB6C
item_B00N4N2IGO	compatible_with	item_B00PZA7Z12
item_B01GKK2IX0	compatible_with	item_B01GU6E34G
item_B006OC7LA0	compatible_with	item_B00SZNUD8S
item_B008M11Z26	compatible_with	item_B00MY8WSCO
item_B00KCXQ3N8	compatible_with	item_B01C3ND116
item_B01DYYLR82	compatible_with	item_B01FQWMFKO
item_B008LY4DRI	compatible_with	item_B00Q4LZUW2
item_B000KKM61Q	compatible_with	item_B014MCFM4K
item_B017LTST3W	compatible_with	item_B01FE7HRSQ
item_B01G4RTNGE	compatible_with	item_B01GTEXWU0
item_B00EV0WAPS	compatible_with	item_B00XKSI06U
item_B00FMMUASI	compatible_with	item_B017V194DO
item_B01EN6VH1M	compatible_with	item_B01F8VL0UE
item_B00543Z8KK	compatible_with	item_B00FXPRJWO
item_B00FYEW0FA	compatible_with	item_B00IL3NRRG
item_B017WWTSO2	compatible_with	item_B01CQONSUQ
item_B00O70UZ3Q	compatible_with	item_B00VC1Z3RG
item_B001D69ASS	compatible_with	item_B00V84SHIE
item_B01565PZGM	compatible_with	item_B017LQGXVA
item_B01E2DKX66	compatible_with	item_B01EH3BTUA
item_B00LG9KZSG	compatible_with	item_B00TJEGDHM
item_B00KJ7DE7A	compatible_with	item_B00XKXHMD2
item_B00GMJ6Q8S	compatible_with	item_B00ULZAECI
item_B008YWF7OU	compatible_with	item_B00BCBD5SA
item_B0029NZZG0	compatible_with	item_B00D076MXE
item_B018SRR0N6	compatible_with	item_B019JGUI1Q
item_B001A3ZF7Y	compatible_with	item_B00QNAIJ4A
item_B0184L03O4	compatible_with	item_B01B3ISSBK
item_B00ULZAECI	compatible_with	item_B00V531ZN2
item_B004LG839O	compatible_with	item_B01A9RP7WY
item_B016RB6AG8	compatible_with	item_B01CU3GN0A
item_B000B252GO	compatible_with	item_B00JULWE54
item_B001JBH16A	compatible_with	item_B00XKXHMD2
item_B00NQJ5LAQ	compatible_with	item_B01D0PLSES
item_B00KXOJGH6	compatible_with	item_B00O72IPCC
item_B00KBZOB40	compatible_with	item_B00SNBO6FI
item_B00UEQ8QCE	compatible_with	item_B01DCK4SW0
item_B00O72IPCC	compatible_with	item_B00WF2Q9YW
item_B01AYQY8RU	compatible_with	item_B01B57Z010
item_B001BZ8EF6	compatible_with	item_B00NHECBBW
item_B006SFRKP4	compatible_with	item_B00IA8RF4I
item_B0001YRYOK	compatible_with	item_B00AYCZCTI
item_B00E8HR18U	compatible_with	item_B00K17LRYA
item_B000PHG4WQ	compatible_with	item_B01F324FMI
item_B003VGZ9PQ	compatible_with	item_B00NE4YJVK
item_B00JGM7DEY	compatible_with	item_B00LJMLCC8
item_B00P3AUGJ2	compatible_with	item_B00QTM7L1E
item_B00JC2YXFK	compatible_with	item_B00QM93NK2
item_B017USRY3U	compatible_with	item_B01B4V8E38
item_B000NZTPJ4	compatible_with	item_B00V84SHIE
item_B001H0FSRC	compatible_with	item_B019HHGR3K
item_B00WV1V7RG	compatible_with	item_B01D3R47LO
item_B00ATMQ26A	compatible_with	item_B00VGXFZM8
item_B009REO5S8	compatible_with	item_B00K730Z00
item_B00MNKTAAQ	compatible_with	item_B00WB260I6
item_B008QZ0GF0	compatible_with	item_B00CC3LRVE
item_B00OCPG8XM	compatible_with	item_B0182G3RB2
item_B015SUGHSU	compatible_with	item_B015SUGM80
item_B016YKHX86	compatible_with	item_B017J2U03I
item_B00PHQ4MHE	compatible_with	item_B00XWUD32W
item_B00OIKLWBY	compatible_with	item_B00YBAQ89C
item_B00H97DAFY	compatible_with	item_B00XXPNFME
item_B00593DQUO	compatible_with	item_B01H7EMBXK
item_B005GV96NU	compatible_with	item_B01A7VLY60
item_B0055FFM94	compatible_with	item_B00CHVGEBY
item_B001N4OCII	compatible_with	item_B00KZK1K3Q
item_B000P50W6M	compatible_with	item_B008YWF7OU
item_B003Z58Z0E	compatible_with	item_B018X7QW30
item_B00IPKN5MM	compatible_with	item_B00XWUD32W
item_B00T5B32GE	compatible_with	item_B013MC5U2K
item_B004CRTZJY	compatible_with	item_B00UV3P63C
item_B016XIX9HI	compatible_with	item_B01ESQPHWW
item_B00IKSVMBU	compatible_with	item_B00MK81OQO
item_B000E458T0	compatible_with	item_B00QNAIJ4A
item_B00Q0BHE16	compatible_with	item_B00YUDK4AE
item_B017L8ONBA	compatible_with	item_B01FA0DBAA
item_B00PXSBGOI	compatible_with	item_B00THPQ0W6
item_B00PXSBC1U	compatible_with	item_B00S9X6UUO
item_B00APXN95U	compatible_with	item_B00CS9FWJU
item_B016MFG0CS	compatible_with	item_B017LRFCN4
item_B00P19QE7S	compatible_with	item_B013X04PDG
item_B006SRSZR4	compatible_with	item_B016P8FI0W
item_B006YG78LI	compatible_with	item_B0116IG1KM
item_B0043VDHYS	compatible_with	item_B0043VDI5Q
item_B00APXN95U	compatible_with	item_B00F9B5L6S
item_B004K3YTG4	compatible_with	item_B0156GCLD6
item_B00CZ6LD5I	compatible_with	item_B00L5E0QTU
item_B01C3MYJMC	compatible_with	item_B01C4185AE
item_B001R3086K	compatible_with	item_B00JULWE54
item_B008KASABI	compatible_with	item_B00HGIUE2S
item_B01B3HP24W	compatible_with	item_B01CWMK71A
item_B0009GAXC0	compatible_with	item_B00FEMK2V6
item_B00DMW4T8C	compatible_with	item_B01E8M9PRO
item_B000FVY3WU	compatible_with	item_B00B58FQ5K
item_B0013KBX5W	compatible_with	item_B00ESJF02W
item_B00JRWRKQE	compatible_with	item_B01F3LYVO6
item_B0048W5IHQ	compatible_with	item_B00ACIFHBM
item_B006N1K40Q	compatible_with	item_B00F3SJQ72
item_B00VQ2RW5W	compatible_with	item_B00XNGK1UM
item_B00ESFANUU	compatible_with	item_B01FXIMHT0
item_B00VUOU3BQ	compatible_with	item_B01EHU2SLC
item_B00R56IIPG	compatible_with	item_B00XWUD32W
item_B007Y9SZXY	compatible_with	item_B00KWKXO9C
item_B001N4OCII	compatible_with	item_B00XHDBU5G
item_B00F96LKGI	compatible_with	item_B00VTH4W5M
item_B00OZCCENK	compatible_with	item_B01CU3GN0A
item_B00DQZ88AK	compatible_with	item_B00JULWE54
item_B00FE5H2Z2	compatible_with	item_B00NJ873Q4
item_B00LP3XLC0	compatible_with	item_B019ARG85E
item_B00CLFLXZ8	compatible_with	item_B00HJECQUW
item_B00KRYL7CE	compatible_with	item_B017MMS0OG
item_B0065ECGKM	compatible_with	item_B00HWFCT7S
item_B00HDZIT0S	compatible_with	item_B0118F9UK6
item_B01B3HP24W	compatible_with	item_B01CF0WS2K
item_B00FXPRJWO	compatible_with	item_B00FXPSNZQ
item_B000N3Q7B0	compatible_with	item_B001MBGN52
item_B0000TW8UG	compatible_with	item_B00CBE1S6I
item_B0106XEJQG	compatible_with	item_B010RA4PQM
item_B000LMRFX2	compatible_with	item_B001V8UX7U
item_B0088DK7SG	compatible_with	item_B019HHGR3K
item_B003DIHD6U	compatible_with	item_B00DQ4JYSQ
item_B0011UH060	compatible_with	item_B018I887MS
item_B00Y1TPLCS	compatible_with	item_B01BGG4LRY
item_B007VUKGUG	compatible_with	item_B00XKXHMD2
item_B005I6IXTG	compatible_with	item_B01FNUPOF2
item_B008QZ0GF0	compatible_with	item_B011LTPIQO
item_B00063SOXG	compatible_with	item_B00XKXHMD2
item_B00JERCYOK	compatible_with	item_B016Y7GSHQ
item_B00CO4F1MC	compatible_with	item_B00DVFWFKE
item_B019ZVBHVA	compatible_with	item_B01FRGKIZI
item_B017AG2RQG	compatible_with	item_B01BBUIS0Q
item_B00W9E8FOI	compatible_with	item_B01E2S8EMG
item_B00V84SHIE	compatible_with	item_B00Z5S7302
item_B001C929N4	compatible_with	item_B00DVFWFKE
item_B00GAZMA2A	compatible_with	item_B00V0G8XRU
item_B00NASDG7I	compatible_with	item_B01FYCP7DI
item_B00C1E0V7K	compatible_with	item_B019IBMJKU
item_B00DFLG3B6	compatible_with	item_B00HIZKH7G
item_B0077QNHVO	compatible_with	item_B018I887MS
item_B00177IGK6	compatible_with	item_B0166BU7T0
item_B012HPSP8E	compatible_with	item_B01DCK4SW0
item_B00CHY6OAW	compatible_with	item_B00PXSBBJI
item_B0039BE27Y	compatible_with	item_B011WRP8KG
item_B00NJ873Q4	compatible_with	item_B01CIK151W
item_B001PTGMB6	compatible_with	item_B00X9HIFIA
item_B00Q42VHHS	compatible_with	item_B01FX3ZSWI
item_B00V62QO9C	compatible_with	item_B019IBMJKU
item_B00284B5M8	compatible_with	item_B0064YY2M8
item_B00SHTWN5G	compatible_with	item_B00TERO8SK
item_B00BXNO3GU	compatible_with	item_B00XKXHMD2
item_B0196YFEUG	compatible_with	item_B01DJ99O2S
item_B0050DKMLO	compatible_with	item_B01AOGZ0OK
item_B00Z9T6XL2	compatible_with	item_B01CDULBTS
item_B00QAV9I7O	compatible_with	item_B017MSNUM2
item_B00YGAISMM	compatible_with	item_B0148I2PR0
item_B008J0BM1E	compatible_with	item_B00G8ZLY1K
item_B00QQ4WN1S	compatible_with	item_B01FA0DBAA
item_B00YPDO42S	compatible_with	item_B01A6L91MK
item_B0000WL0WA	compatible_with	item_B00XKXHMD2
item_B010USSWOC	compatible_with	item_B01DQDN964
item_B004UKXAY4	compatible_with	item_B018MRRKR8
item_B00K7I1DYW	compatible_with	item_B019XXN8IU
item_B00AKTMJ5U	compatible_with	item_B00APXN95U
item_B00X9HIFIA	compatible_with	item_B00XPF7T4M
item_B00F3SJQ72	compatible_with	item_B011ARB24O
item_B01C4TKUHC	compatible_with	item_B01CTGJ238
item_B00FDSTMD0	compatible_with	item_B01DQDE3RI
item_B004RDSD3C	compatible_with	item_B01DUQUIG6
item_B00F3SJQ72	compatible_with	item_B00S25OVO6
item_B00FGINHUG	compatible_with	item_B00WKSTZ0G
item_B006BZYHAW	compatible_with	item_B01DBGJDYI
item_B00E1ZPCBC	compatible_with	item_B016LJ4GBM
item_B00PXSBGOI	compatible_with	item_B00THPQL4I
item_B00Y2U4FM8	compatible_with	item_B011LTPIQO
item_B00PXSBBJI	compatible_with	item_B00PXSBGOI
item_B00JULWJLI	compatible_with	item_B01924Z6FS
item_B00KFNYVIO	compatible_with	item_B01EGAG170
item_B00APXN95U	compatible_with	item_B00BVBD4R8
item_B00VTVF748	compatible_with	item_B019407BLC
item_B00LCD926C	compatible_with	item_B015G5SQ4A
item_B00QNAIJ4A	compatible_with	item_B00V5YPUMS
item_B00FXPRL5O	compatible_with	item_B00IUM83XQ
item_B00JBRB2IC	compatible_with	item_B01ETALLUY
item_B011LTPIQO	compatible_with	item_B01C6GWDLY
item_B0035E8JMO	compatible_with	item_B00B58FQ5K
item_B00C7WBA9Y	compatible_with	item_B00V7Z8LI0
item_B019PN3IHY	compatible_with	item_B01EX1I0Z8
item_B00COTGR0M	compatible_with	item_B019HHGR3K
item_B001MXKESW	compatible_with	item_B0156GCLD6
item_B00KRYL792	compatible_with	item_B00RUE4T56
item_B00LKW2RQC	compatible_with	item_B017CT7QBM
item_B00X3RZIK4	compatible_with	item_B01DAQK0MS
item_B00YURFPIG	compatible_with	item_B012UOSYQK
item_B00F4NFU62	compatible_with	item_B00V84SHIE
item_B00135VST8	compatible_with	item_B005VC2IAW
item_B007KF1JZS	compatible_with	item_B00EH8SSZ0
item_B00NNJJ5LK	compatible_with	item_B00Y953DZG
item_B00245YNA2	compatible_with	item_B00Q4LZUW2
item_B00LE1C2V4	compatible_with	item_B01EJ5PB3W
item_B003A85E2S	compatible_with	item_B00XXPNFME
item_B0182G3RB2	compatible_with	item_B01EGM9IB4
item_B00RVX4EG0	compatible_with	item_B013SEP6FS
item_B003LNXAQY	compatible_with	item_B00BFRZ5TS
item_B01AYQY8RU	compatible_with	item_B01EXMFHUS
item_B000U83NLK	compatible_with	item_B00Z5OMBTO
item_B00ACIFHBM	compatible_with	item_B01AK98V6A
item_B004UJL4N4	compatible_with	item_B006UCX3PQ
item_B019DFQ83A	compatible_with	item_B01C3QQQMY
item_B00939U4O6	compatible_with	item_B00CX9T0N4
item_B002WGCPK8	compatible_with	item_B00QGSJVZU
item_B005GQ0WCY	compatible_with	item_B00XBBAV2C
item_B00V4DG42K	compatible_with	item_B014W706VY
item_B0115HTFC0	compatible_with	item_B018G693S4
item_B012H120M0	compatible_with	item_B016HHOKAU
item_B00K83TC8A	compatible_with	item_B00KV85V9Q
item_B00V4DG42K	compatible_with	item_B018T36F5S
item_B0009G8CUK	compatible_with	item_B00FEMK2V6
item_B0044UOBUW	compatible_with	item_B0060WCYME
item_B00SQB0GYK	compatible_with	item_B00V84SHIE
item_B006WPHF46	compatible_with	item_B0092X0R40
item_B01B3HP24W	compatible_with	item_B01DEBVVHM
item_B00139IETG	compatible_with	item_B001CXRQOM
item_B000HOOR58	compatible_with	item_B019407BLC
item_B00KO7WMXM	compatible_with	item_B00LIDHYFM
item_B004S0SF0U	compatible_with	item_B00N4N2IGO
item_B00BD3WB82	compatible_with	item_B00NHECBBW
item_B00ZAIILVC	compatible_with	item_B019404ZP2
item_B00LNY5PK2	compatible_with	item_B01H6DY7BQ
item_B01DD491HC	compatible_with	item_B01EN4KVOI
item_B00JULWE54	compatible_with	item_B00PXSJ5TQ
item_B003AYOM8Y	compatible_with	item_B00ARH8C9M
item_B00O70UZ3Q	compatible_with	item_B01F4LKU36
item_B00QBV53BS	compatible_with	item_B016OT9B8C
item_B00JDTRD9U	compatible_with	item_B01E065RNE
item_B00WHF3E6S	compatible_with	item_B01DCDORCI
item_B00YSB28ZW	compatible_with	item_B01C0EC3OE
item_B000BVZR24	compatible_with	item_B00XKXHMD2
item_B00S5WB4ZU	compatible_with	item_B013E0HGEA
item_B00AKTMJ5U	compatible_with	item_B00E58JQSA
item_B00YC6WPPG	compatible_with	item_B01CU3GN0A
item_B00BSOU1L0	compatible_with	item_B011SQFZ6I
item_B00BXIPYBI	compatible_with	item_B016YKHX86
item_B00QGSJVZU	compatible_with	item_B01FRITG1I
item_B00742VTE8	compatible_with	item_B019407BLC
item_B004I764VA	compatible_with	item_B01FE7JP4A
item_B004Q6IWM2	compatible_with	item_B00VY2HMKE
item_B00DZLV8QG	compatible_with	item_B00XWUD32W
item_B014R6K7PU	compatible_with	item_B018DKOHMU
item_B00R0X2VBG	compatible_with	item_B01BY7JU76
item_B00627C5US	compatible_with	item_B00QNAIJ4A
item_B00DMW4T8C	compatible_with	item_B013RGZB4S
item_B000QMJD4Q	compatible_with	item_B00X9HIFIA
item_B00I0MNB2Y	compatible_with	item_B011PTXX12
item_B00F9IGIKO	compatible_with	item_B0198NWB6K
item_B008X25S6S	compatible_with	item_B008X25S9U
item_B007G4LYWG	compatible_with	item_B00XKJ6ZUM
item_B00RE2VZHE	compatible_with	item_B00W57WWL6
item_B004I766BS	compatible_with	item_B007SW5JR2
item_B001LNWCHY	compatible_with	item_B01E61CD1C
item_B0042LYXAQ	compatible_with	item_B004IPQG2Y
item_B006X4ERCO	compatible_with	item_B018I887MS
item_B00QGSJVZU	compatible_with	item_B0195REXV0
item_B006PKV4C2	compatible_with	item_B013WPTZ1O
item_B00E3QLVYG	compatible_with	item_B018YIF56S
item_B00V6IH4VS	compatible_with	item_B01CCWYB7G
item_B00K17LRYA	compatible_with	item_B00KKFIGYC
item_B0009UL0RI	compatible_with	item_B000TCX42A
item_B009PO6IU8	compatible_with	item_B00E8GR53M
item_B00IWN6CAE	compatible_with	item_B01CEBDS92
item_B015OZMO2C	compatible_with	item_B016YKHX1S
item_B00ISJF3CA	compatible_with	item_B01EUUT9Q6
item_B00F3SJQ72	compatible_with	item_B01EL1C87Q
item_B01GK8UPH8	compatible_with	item_B01GU62EJM
item_B000B6A5HG	compatible_with	item_B00ARH8C9M
item_B004X0PSV4	compatible_with	item_B007KF1JZS
item_B0091KZ3I4	compatible_with	item_B00KXU16SW
item_B00TXN22DI	compatible_with	item_B019I2F2NK
item_B019752N26	compatible_with	item_B01BN9T156
item_B00M9H1UZ6	compatible_with	item_B017WSG1QY
item_B0159K6T00	compatible_with	item_B016ZVXJYQ
item_B00D4N4SZ8	compatible_with	item_B00V47TIXS
item_B00L5YKQXG	compatible_with	item_B016YKHX1S
item_B014QY7PXA	compatible_with	item_B019IBMJKU
item_B00OV4840E	compatible_with	item_B0131JMSCE
item_B0131JMN10	compatible_with	item_B01FN1CHCE
item_B00E5OGFQU	compatible_with	item_B00NSF70KM
item_B00VTTOGHE	compatible_with	item_B01C8PLLSO
item_B014RVPNF4	compatible_with	item_B01H3EALMM
item_B019Z3XJSC	compatible_with	item_B01AP40M26
item_B0009GB9R8	compatible_with	item_B00WW6YJG6
item_B017NMJG16	compatible_with	item_B018VCGEFS
item_B00BP570Z2	compatible_with	item_B00UR4ICKE
item_B007VB95OS	compatible_with	item_B00XXPNFME
item_B0029F1X3M	compatible_with	item_B00NMDB1Q4
item_B01B3ISSBK	compatible_with	item_B01DZ9HZWI
item_B00QGSJVZU	compatible_with	item_B01AS5EPSO
item_B019S38JJI	compatible_with	item_B019S3FJDC
item_B00NQJ5LAQ	compatible_with	item_B015QS8SQ8
item_B006UCX3PQ	compatible_with	item_B00FRA377G
item_B00NASDGCI	compatible_with	item_B01EMLQB3M
item_B001BZ8DVG	compatible_with	item_B01DDDAAJ6
item_B000UWHZMY	compatible_with	item_B00C9WDZIG
item_B00XWUD32W	compatible_with	item_B017WOAM7M
item_B004DNWNF0	compatible_with	item_B00P62RD2A
item_B00HESUA24	compatible_with	item_B01COUN3RK
item_B00M1AYZHG	compatible_with	item_B012P2FLA4
item_B00V84SHIE	compatible_with	item_B01ESF401W
item_B01DBGJDYI	compatible_with	item_B01ESQPHWW
item_B00ULZAECI	compatible_with	item_B01GD1A9BE
item_B00TSNEADI	compatible_with	item_B00XZATUN0
item_B00U0FY2TU	compatible_with	item_B01B3HP24W
item_B00WW6YJG6	compatible_with	item_B01E4X06HA
item_B000FXXVZI	compatible_with	item_B00FXPRL5O
item_B003LO20EQ	compatible_with	item_B00CHNMU1U
item_B00JD43290	compatible_with	item_B00JWURVRY
item_B008MO5EAC	compatible_with	item_B009O2W74W
item_B00KAAQEAK	compatible_with	item_B01E9B54Z6
item_B0057Q325C	compatible_with	item_B01D1ZDKXO
item_B005SN5I6A	compatible_with	item_B00WW6YJG6
item_B00B58FQ5K	compatible_with	item_B00DY0CHT0
item_B004O9Y2B6	compatible_with	item_B008YOLRDS
item_B00I7IR6KE	compatible_with	item_B011S36MI6
item_B00QVCSFC6	compatible_with	item_B00XKSICDQ
item_B00W9E8FOI	compatible_with	item_B016U2FMEU
item_B00ZJVK15E	compatible_with	item_B01GTEXWU0
item_B00R4TJJOS	compatible_with	item_B015NO3ID8
item_B00GHYPHNI	compatible_with	item_B00I87JJ9K
item_B00IWLE2RG	compatible_with	item_B010K6X4HE
item_B00INYPIT8	compatible_with	item_B0171HITT8
item_B0118XFD4A	compatible_with	item_B015MDQFP8
item_B004I44K50	compatible_with	item_B0060HMLTU
item_B00LCJP40E	compatible_with	item_B01ETAL35W
item_B00K5T4KZC	compatible_with	item_B014Y8R8UI
item_B000JQOOG6	compatible_with	item_B00FXPRL5O
item_B00YUOXY64	compatible_with	item_B01GRQLGLW
item_B00295MQLU	compatible_with	item_B017M51VBM
item_B001DXQ0PM	compatible_with	item_B00JULWJLI
item_B002STJ8XG	compatible_with	item_B00XBBAV2C
item_B00295MQLU	compatible_with	item_B00J9BEDT0
item_B000HOSFDI	compatible_with	item_B00VNN5DT6
item_B005DTTIRY	compatible_with	item_B00X9HIFIA
item_B000WWEWAU	compatible_with	item_B00HVT0AVC
item_B0009MKNG0	compatible_with	item_B01AK98V6A
item_B001414L3G	compatible_with	item_B00JULWE54
item_B008C02E9A	compatible_with	item_B00FXPRJWO
item_B00RV8FXHY	compatible_with	item_B018SRR0N6
item_B00RFM27FC	compatible_with	item_B01890QD8K
item_B001B0TELO	compatible_with	item_B00FR9LTPY
item_B012XZ5LBW	compatible_with	item_B01DDLI31A
item_B00ACIFHBM	compatible_with	item_B00UOO7LFY
item_B00XN3D2S8	compatible_with	item_B010RA4PQM
item_B00295MQLU	compatible_with	item_B00F1U3RUO
item_B00XKXHMD2	compatible_with	item_B01BIDRMQW
item_B005DTVA9I	compatible_with	item_B00QGSJVZU
item_B00HIZKH7G	compatible_with	item_B01596P8YW
item_B0068L1SP6	compatible_with	item_B00V84SHIE
item_B014Q1SFQ4	compatible_with	item_B014V7MHMG
item_B000V9ME6S	compatible_with	item_B006SRSZOW
item_B0006TVYR8	compatible_with	item_B0085TF7DS
item_B002GHCI0A	compatible_with	item_B00FXPRJWO
item_B0166BU7T0	compatible_with	item_B01FDAACPO
item_B001NODU36	compatible_with	item_B00B2YUAFI
item_B00DMW4T8C	compatible_with	item_B017EKYKAY
item_B001G83PHU	compatible_with	item_B01DUQUIG6
item_B007W6JYNO	compatible_with	item_B008QZ1DNO
item_B00P3BYWQO	compatible_with	item_B0152R74K4
item_B00K730Z00	compatible_with	item_B012S6RS76
item_B00NQJ5LAQ	compatible_with	item_B01H7LB3AA
item_B00JULWJLI	compatible_with	item_B01AK98V6A
item_B007KF1JZS	compatible_with	item_B00H0RYFFM
item_B000E94SD2	compatible_with	item_B000HBHY7O
item_B01CU3GN0A	compatible_with	item_B01HI7FUF2
item_B008H81AFQ	compatible_with	item_B00WBH922M
item_B00AYCZCTI	compatible_with	item_B019HHGR3K
item_B0169VOXXS	compatible_with	item_B01E2DKX66
item_B000NIB81E	compatible_with	item_B00QNAIJ4A
item_B00KZT5X26	compatible_with	item_B00MXF0CBW
item_B00GJ9XO72	compatible_with	item_B00XWUD32W
item_B00E0MUBOE	compatible_with	item_B01FUMB2U4
item_B007T7799C	compatible_with	item_B00VTH4W5M
item_B00STUNZ2I	compatible_with	item_B00ZC1Z6KQ
item_B01G3BE8SO	compatible_with	item_B01GHMCZBQ
item_B00Q4LZUW2	compatible_with	item_B01E9G9GDM
item_B00CE58V4G	compatible_with	item_B016YKHX1S
item_B00B58FQ5K	compatible_with	item_B01E6JTBK0
item_B000IOD7P8	compatible_with	item_B00XKXHMD2
item_B00STTCCBE	compatible_with	item_B00XWUD32W
item_B00KO9GRY0	compatible_with	item_B00YB0P5V4
item_B00ULZAECI	compatible_with	item_B00YUXH0V0
item_B00VNVQ75M	compatible_with	item_B01F4YO9IU
item_B00U8EWD3A	compatible_with	item_B01FBSJ7EU
item_B00KO7WMXM	compatible_with	item_B01HBGC0SK
item_B001CZ79OC	compatible_with	item_B01FA0DBAA
item_B002F1XCHK	compatible_with	item_B0085TF7DS
item_B008QYIKQ8	compatible_with	item_B01BGWYFE2
item_B00ACIFLBI	compatible_with	item_B00KBZOVVI
item_B00BCBD5SA	compatible_with	item_B00FBD2G2Q
item_B00EZYTF94	compatible_with	item_B01DDUNCLM
item_B004I79ZC0	compatible_with	item_B005GVJEX2
item_B015YPC6XY	compatible_with	item_B0196YFEUG
item_B00E4WZDRA	compatible_with	item_B01DB9WT4Q
item_B00O4DVFP8	compatible_with	item_B010EAL7M0
item_B002G9UEG8	compatible_with	item_B00FXPRJWO
item_B00H3829TM	compatible_with	item_B01519NUTM
item_B00BOK3L1K	compatible_with	item_B00V4DG42K
item_B00DMW4T8C	compatible_with	item_B0197S3ONA
item_B00O4DOA64	compatible_with	item_B017C1BFL2
item_B004C5TZ96	compatible_with	item_B00PATTXK4
item_B001SASX0A	compatible_with	item_B00FXPRJWO
item_B003WYCRRU	compatible_with	item_B015SSQCO6
item_B002081BQM	compatible_with	item_B01B3ISSBK
item_B00RNT8SUA	compatible_with	item_B010EAL7M0
item_B00Z9T6XL2	compatible_with	item_B01478Q4VE
item_B014OW3MRW	compatible_with	item_B01890QD8K
item_B00U3792OU	compatible_with	item_B017X47WOW
item_B005GQAHJ2	compatible_with	item_B00PXSBMG0
item_B0013Z2VJ4	compatible_with	item_B013RMMWMG
item_B006ZOI5XY	compatible_with	item_B00KMAPMIS
item_B00939TYAG	compatible_with	item_B00ICTENB8
item_B00JULWE68	compatible_with	item_B00JUM6MDI
item_B00BXLXFQQ	compatible_with	item_B00WY4QXT2
item_B00CBLT9AI	compatible_with	item_B00XWUD32W
item_B00NJ873Q4	compatible_with	item_B011J83FSK
item_B00YIC68OI	compatible_with	item_B0118XFD4A
item_B01B3HP24W	compatible_with	item_B01B92XW3E
item_B00BQLB0S8	compatible_with	item_B00HFTA6VC
item_B008J0BM1E	compatible_with	item_B00W9E8FOI
item_B00ACIGWI4	compatible_with	item_B00CAXQV3K
item_B00748ZPM4	compatible_with	item_B00FXPRJWO
item_B01AA2LPD8	compatible_with	item_B01FQBBZQU
item_B00WFFCPZ6	compatible_with	item_B01B3ISSBK
item_B00V84SHIE	compatible_with	item_B01CH320UA
item_B01B3ISSBK	compatible_with	item_B01B3IT1MU
item_B00QCCP5N2	compatible_with	item_B00X9HIFIA
item_B00S8BB7CI	compatible_with	item_B01FX3ZSWI
item_B00140P1OU	compatible_with	item_B00FBD2G2Q
item_B00GGIAFRI	compatible_with	item_B015SSQCO6
item_B00V3M86IW	compatible_with	item_B016YRTP0S
item_B0030MIIR2	compatible_with	item_B00B58FQ5K
item_B00MFK9PSQ	compatible_with	item_B00XKJ6ZUM
item_B001GSFKBO	compatible_with	item_B00FXPRL5O
item_B00RDDTATO	compatible_with	item_B016LJ4J7S
item_B01DUQUIG6	compatible_with	item_B01F324FMI
item_B012Q01LRW	compatible_with	item_B01B3ISSBK
item_B002DMYQZ8	compatible_with	item_B016W9V12I
item_B009OJFK94	compatible_with	item_B00F2T4X0C
item_B00YIC68OI	compatible_with	item_B013X04PDG
item_B00HHKSSTG	compatible_with	item_B00O70UZ3Q
item_B00NB0OX6S	compatible_with	item_B01H3EALEA
item_B006UCX3PQ	compatible_with	item_B00ARH8C9M
item_B000KGOHLM	compatible_with	item_B00FXPRL5O
item_B00NJ873Q4	compatible_with	item_B0185GOM2M
item_B009JM2Q1Q	compatible_with	item_B009O2W74W
item_B00MBI7NNG	compatible_with	item_B00ZEJFL6K
item_B00JWURWXC	compatible_with	item_B01FM20C8A
item_B00UI6P38U	compatible_with	item_B01BUIEF1K
item_B00LNT5F9I	compatible_with	item_B019IBMJKU
item_B00M20E91M	compatible_with	item_B01CTLTKOY
item_B0078WV4X0	compatible_with	item_B017WSG1QY
item_B00NTYV0VC	compatible_with	item_B00QNAIJ4A
item_B01CU3GN0A	compatible_with	item_B01FQUNVJK
item_B001PTGIYW	compatible_with	item_B00NHECBBW
item_B00BBQ66FU	compatible_with	item_B018YIF56S
item_B008YWF7OU	compatible_with	item_B017TK6SRM
item_B00MCJX6OO	compatible_with	item_B01FT2VCN2
item_B00FA7UNVO	compatible_with	item_B00HGIUE2S
item_B017D0803I	compatible_with	item_B019752N26
item_B00F3SJQ72	compatible_with	item_B013HVEF54
item_B0000TW8UG	compatible_with	item_B00FXPRL5O
item_B015ONW79O	compatible_with	item_B016F1I0TU
item_B0171NC28Q	compatible_with	item_B01FX3ZSWI
item_B00HIZKH7G	compatible_with	item_B017589X2K
item_B00V0G9220	compatible_with	item_B013RMMWMG
item_B00DEJHBMY	compatible_with	item_B019EE96YI
item_B00OJD377M	compatible_with	item_B00PXSBC1U
item_B01EJCPTB4	compatible_with	item_B01H6DY7BQ
item_B000A2K576	compatible_with	item_B01CX5G7M4
item_B00H9RFH3C	compatible_with	item_B00O7VMTKC
item_B002SSUQFG	compatible_with	item_B0192Y6TPY
item_B003OQTS3C	compatible_with	item_B00FXPRJWO
item_B007NLXCJK	compatible_with	item_B00KCXQ3N8
item_B00LTWK2B0	compatible_with	item_B013IXCCNI
item_B0118XFD4A	compatible_with	item_B019483FDM
item_B00JIN5N0C	compatible_with	item_B011891ZWI
item_B005D7DI04	compatible_with	item_B00791QYMQ
item_B00DH1T1H2	compatible_with	item_B014I4UQD4
item_B00E95996I	compatible_with	item_B014CDPXNY
item_B00GUBHBRS	compatible_with	item_B00LPCSR1Q
item_B00FXLCUPO	compatible_with	item_B00S6J5CZ0
item_B00ET1V3UW	compatible_with	item_B00NTOZ4RI
item_B00KBZOJDS	compatible_with	item_B00XKXHMD2
item_B01CJ59LMG	compatible_with	item_B01E61CD1C
item_B00UA04S6M	compatible_with	item_B01HCUODWG
item_B00DH9OSRM	compatible_with	item_B01953MRHG
item_B004I764VA	compatible_with	item_B00B68M73I
item_B00WH30N2I	compatible_with	item_B01500PMRU
item_B00PYNYAOK	compatible_with	item_B015SSQCO6
item_B00ACIGWI4	compatible_with	item_B00KBZO8WK
item_B005GPKTXM	compatible_with	item_B016LJ4GBM
item_B017MSNUM2	compatible_with	item_B01C4TR2IM
item_B0002LTJN6	compatible_with	item_B00JULWE54
item_B00K00U4IS	compatible_with	item_B00K00UN66
item_B00ABNEQJM	compatible_with	item_B00PEITEIM
item_B001BY9H4O	compatible_with	item_B01DKTA6B0
item_B016M8RCIQ	compatible_with	item_B018X0O3A6
item_B00BGFEANG	compatible_with	item_B00VLIW7SS
item_B00MO2JGX4	compatible_with	item_B018AU1N4I
item_B009T3XNGM	compatible_with	item_B00W5T7IPY
item_B00KCXZYVU	compatible_with	item_B01C3ND116
item_B0012DR7BE	compatible_with	item_B00UV3P63C
item_B00GTJIHME	compatible_with	item_B013E0HGEA
item_B016IXRK3W	compatible_with	item_B018I887MS
item_B00N3QBP2K	compatible_with	item_B01H3EALMM
item_B006BZYHAW	compatible_with	item_B01AP40M7G
item_B018JABMHW	compatible_with	item_B01AP40M7G
item_B000OVMS50	compatible_with	item_B019EE96YI
item_B00R4TJJOS	compatible_with	item_B00X6OALDI
item_B00IUOTWX4	compatible_with	item_B00M9D0EZW
item_B00MNKTBJ6	compatible_with	item_B01D0NZHC4
item_B00QGSJVZU	compatible_with	item_B01EMLQB3M
item_B00QM3L166	compatible_with	item_B01H6DY7BQ
item_B00YEDR4LM	compatible_with	item_B016DFCN6O
item_B0092X0R40	compatible_with	item_B010HBWDWO
item_B00C2OS6RQ	compatible_with	item_B00R70LP8W
item_B00XWUD32W	compatible_with	item_B0194E63NU
item_B00HQ96WOQ	compatible_with	item_B00L5E0QTU
item_B00Q4LZUW2	compatible_with	item_B017MV4UUA
item_B003XKNC04	compatible_with	item_B00C5VS95A
item_B01CX02T9Y	compatible_with	item_B01GO0VDQO
item_B00HWFCL8U	compatible_with	item_B00O72IPCC
item_B01B3HP24W	compatible_with	item_B01FV38AVQ
item_B00L5E0QTU	compatible_with	item_B0122YQWXU
item_B00KZT5X26	compatible_with	item_B00ZQ3UCO0
item_B00PCQPK7U	compatible_with	item_B00XKXHMD2
item_B000G2V9D4	compatible_with	item_B00XKXHMD2
item_B004WKVUC6	compatible_with	item_B00DVFWFKE
item_B003NNVTNI	compatible_with	item_B01DUQKRPI
item_B00FR9LTPY	compatible_with	item_B00FXPRJWO
item_B00EDK8P96	compatible_with	item_B01B3ISSBK
item_B00KKV2MW8	compatible_with	item_B0198IUMZM
item_B000LWL678	compatible_with	item_B019HHGR3K
item_B0060HMLTU	compatible_with	item_B007MFEG7E
item_B0000865SC	compatible_with	item_B0006UD754
item_B000KJVOVU	compatible_with	item_B004I7BKZ0
item_B0000WL3CW	compatible_with	item_B00FXPRL5O
item_B00MOTRPP8	compatible_with	item_B019IBMJKU
item_B012353SO4	compatible_with	item_B01GO0VDQO
item_B006SFSH9C	compatible_with	item_B006SRSZOW
item_B0029KF6FI	compatible_with	item_B01DDDAAJ6
item_B00KIEJVGM	compatible_with	item_B010E1TOI8
item_B00SWVKS1K	compatible_with	item_B00X8QNJYC
item_B00AR1MZAA	compatible_with	item_B00QUC81BM
item_B000SZM78A	compatible_with	item_B001OCMB0A
item_B00CD4W892	compatible_with	item_B014DTAR38
item_B0085J90HC	compatible_with	item_B00QVCSFC6
item_B003ZVCAQ8	compatible_with	item_B0085TF7DS
item_B00EQFHIKK	compatible_with	item_B00XBBAV2C
item_B004FGMYMM	compatible_with	item_B00W7Z45HU
item_B00KXU16SW	compatible_with	item_B00Q7YTDYC
item_B00B58FQ5K	compatible_with	item_B0161026HM
item_B000PW58GE	compatible_with	item_B00XKXI3WG
item_B00139IETG	compatible_with	item_B00E7NZPJ2
item_B00MRX9ANQ	compatible_with	item_B017WSG1QY
item_B019IBMJKU	compatible_with	item_B01GF09XNI
item_B00LYPUUM8	compatible_with	item_B00NJ873Q4
item_B0016A1GII	compatible_with	item_B01F324FMI
item_B00UJ032MY	compatible_with	item_B01FUMB2U4
item_B00R3S2RC6	compatible_with	item_B01H3EALMM
item_B00KRYL792	compatible_with	item_B00ZG41K2C
item_B008LWRD72	compatible_with	item_B017MHDG1S
item_B000WG64ZM	compatible_with	item_B00EDG6VSW
item_B00NJHMVMG	compatible_with	item_B0159K6T00
item_B00939TYAG	compatible_with	item_B0127MIORO
item_B00IG3M1MI	compatible_with	item_B00SWVKS1K
item_B00CN20WII	compatible_with	item_B00JULWE54
item_B000CCOIOA	compatible_with	item_B002G9UGT8
item_B0148WMJ9U	compatible_with	item_B01AP40M7G
item_B002CSZHGA	compatible_with	item_B018YIF56S
item_B0118XFD4A	compatible_with	item_B01COOHITK
item_B006YG78LI	compatible_with	item_B008YU8VIQ
item_B00KRYL792	compatible_with	item_B014QJYEHK
item_B016MFEJ9O	compatible_with	item_B017LRFCN4
item_B002Q18U3A	compatible_with	item_B018YIF56S
item_B0115HTFC0	compatible_with	item_B016FA7A5Q
item_B004FMB0TY	compatible_with	item_B00APXN95U
item_B008EQQKEC	compatible_with	item_B01DDDAAJ6
item_B0108P51O6	compatible_with	item_B01F4BCFMU
item_B00NQJ5LAQ	compatible_with	item_B014VGNPP0
item_B00JC2YXFK	compatible_with	item_B00N6QAKKA
item_B00NHECBBW	compatible_with	item_B00QGSJVZU
item_B00DF7668A	compatible_with	item_B01076JRQE
item_B00KZT5X26	compatible_with	item_B00LYYX86E
item_B0012G6KX2	compatible_with	item_B004ARW6TC
item_B00063SOXG	compatible_with	item_B00SAF9W7O
item_B0050GDL8M	compatible_with	item_B00YMOQAFY
item_B00PFNKE30	compatible_with	item_B01DPFZRXQ
item_B00YZJZTYO	compatible_with	item_B013X04PDG
item_B000783QR4	compatible_with	item_B00XKXHMD2
item_B002EJ55H8	compatible_with	item_B00FS5LO3Y
item_B00KCXQ3N8	compatible_with	item_B01ETAJDWW
item_B0122O03Y4	compatible_with	item_B01FUMB2U4
item_B00Q4LZUW2	compatible_with	item_B00W79MJO2
item_B00XZ3EF0U	compatible_with	item_B0124XA67C
item_B00WMA5RMW	compatible_with	item_B0156GCLD6
item_B011LTPIQO	compatible_with	item_B01C4TKUHC
item_B000PHQIE0	compatible_with	item_B00XKXHMD2
item_B01CTPAFFI	compatible_with	item_B01CTPAFH6
item_B00TF6B216	compatible_with	item_B017V194DO
item_B00JUO33XS	compatible_with	item_B00NASDG7I
item_B0029ZC7AA	compatible_with	item_B00FXPRJWO
item_B005WCBTFQ	compatible_with	item_B00IPO0G1G
item_B00XKTZ08A	compatible_with	item_B01C4TKUHC
item_B0009YL20E	compatible_with	item_B007MFEG7E
item_B01F2R2D28	compatible_with	item_B01FUMB2U4
item_B004I76686	compatible_with	item_B007947UL2
item_B0111RF5JG	compatible_with	item_B01BBUIS0Q
item_B00AYCZCTI	compatible_with	item_B01CYVBNCQ
item_B00QVCSFC6	compatible_with	item_B00YE7R5CG
item_B00BFF4F1Y	compatible_with	item_B0156GCLD6
item_B000YQU80W	compatible_with	item_B0156GCLD6
item_B00HO0AA9K	compatible_with	item_B00VGXOSTO
item_B00KBZO8WK	compatible_with	item_B00XHNFKZW
item_B00VTVMJGW	compatible_with	item_B01EH14W24
item_B00JBXO0EO	compatible_with	item_B01H43LQKI
item_B00NBWKXZ6	compatible_with	item_B00UXMLU6S
item_B01E3BRY2S	compatible_with	item_B01FQS7RSS
item_B00ACIFHBM	compatible_with	item_B00G5N5VNW
item_B00CBMTUCO	compatible_with	item_B00CRS7ULK
item_B00O5MQIOG	compatible_with	item_B00ZUJ9Q8I
item_B003WY0RA4	compatible_with	item_B00KRYL7CE
item_B005GQAN6Y	compatible_with	item_B00BRDBCMO
item_B005AIIA4A	compatible_with	item_B00MTZBBTI
item_B018SRR7HU	compatible_with	item_B0196YFEUG
item_B00BERMN7G	compatible_with	item_B01H3EALTK
item_B001AWYQM0	compatible_with	item_B0076ZYAQM
item_B009FV9IQC	compatible_with	item_B009FV9KGA
item_B003TJ9EXI	compatible_with	item_B00LGX8TIK
item_B00JC2YXFK	compatible_with	item_B01682HOV6
item_B018LLBO9A	compatible_with	item_B01ESRAEP6
item_B00KRYL7CE	compatible_with	item_B01ES46P9S
item_B00V7MMQ5M	compatible_with	item_B01H6DY7BQ
item_B00QGSJVZU	compatible_with	item_B016G50I6S
item_B019S0UZXE	compatible_with	item_B01AUJGLLW
item_B00YP5JVQA	compatible_with	item_B01GA82Q16
item_B00I2ZB4AU	compatible_with	item_B01HF4A6DY
item_B01A6ZIRJY	compatible_with	item_B01E2DKX66
item_B00Z9T6XL2	compatible_with	item_B013X04SJ2
item_B00D62452S	compatible_with	item_B00M7CFST2
item_B00KBZO8WA	compatible_with	item_B00ZGE9N1W
item_B00UL0QGSE	compatible_with	item_B01DUQKRPI
item_B00A4CXBAU	compatible_with	item_B012P2FLA4
item_B017NT1R4I	compatible_with	item_B017NT2314
item_B00GNS0R8I	compatible_with	item_B00NQJ5LAQ
item_B00R8FXHP0	compatible_with	item_B0156QME06
item_B00LE1C2V4	compatible_with	item_B018YPGJRA
item_B000IBKO02	compatible_with	item_B01A16XYT6
item_B005UF9O6G	compatible_with	item_B0085TF7DS
item_B00DMW4T8C	compatible_with	item_B01ERR0IVM
item_B000783XAE	compatible_with	item_B00PXSBMG0
item_B019IBMJKU	compatible_with	item_B01COUN3RK
item_B00JULWE54	compatible_with	item_B00RYLUMU6
item_B000851FM4	compatible_with	item_B00JULWE54
item_B014XC8VXI	compatible_with	item_B01BUIFBT0
item_B000FDSKWM	compatible_with	item_B0147F055S
item_B00KJ9Z4RQ	compatible_with	item_B00XKXHMD2
item_B013OSKK0E	compatible_with	item_B01AAWX7CU
item_B004O2T3SK	compatible_with	item_B01EY13KTI
item_B00XK9L9OY	compatible_with	item_B012UOSYQK
item_B00EVLTJN8	compatible_with	item_B016YKIBGE
item_B00EIFHKCE	compatible_with	item_B017OEW7DC
item_B00DGN7PLK	compatible_with	item_B00HYIAN3U
item_B00QE3XN06	compatible_with	item_B01F8VL0UE
item_B00FXRQP8G	compatible_with	item_B00UT67ZLC
item_B002Y4YA8I	compatible_with	item_B00N4N2IGO
item_B00BTOR4D2	compatible_with	item_B00O72IPCC
item_B00O70UZ3Q	compatible_with	item_B0182G3YBK
item_B0006U3ES4	compatible_with	item_B00B81I7HI
item_B00NPNTORY	compatible_with	item_B016YKHX86
item_B0012O8ILG	compatible_with	item_B00XKXHMD2
item_B00S9X7DB4	compatible_with	item_B01EAH8U5K
item_B00V51ES7O	compatible_with	item_B01H6DY7BQ
item_B01EP4C2XY	compatible_with	item_B01GU62EJM
item_B007FHDSF0	compatible_with	item_B00AYCZCTI
item_B0026NEAAK	compatible_with	item_B00IL3NRRG
item_B002G9UGT8	compatible_with	item_B00FXPRIPC
item_B016LJ4GBM	compatible_with	item_B01BLONELU
item_B00M4MBHLS	compatible_with	item_B0199BW2PG
item_B0150YIVVK	compatible_with	item_B015E03PJ8
item_B01CSFM0NO	compatible_with	item_B01D3HAY2A
item_B000PHG4L2	compatible_with	item_B00B58FQ5K
item_B00O72IPCC	compatible_with	item_B01DC91AQ8
item_B00APGAJG4	compatible_with	item_B00WW6YJG6
item_B00G9IX1IK	compatible_with	item_B01DDDAAJ6
item_B017LRFCN4	compatible_with	item_B01H3JQVV2
item_B00XNS6Q6I	compatible_with	item_B01GZHVR5I
item_B00MQ58GQC	compatible_with	item_B00XKXHMD2
item_B00T4PBPHO	compatible_with	item_B01DBGJDYI
item_B015CBQ3ZW	compatible_with	item_B01F8NA4EU
item_B005GV4K6I	compatible_with	item_B012P2FLA4
item_B00DMW4T8C	compatible_with	item_B01G24W4OC
item_B00W8F8B7O	compatible_with	item_B01GUEASU6
item_B000BFHEAI	compatible_with	item_B000E94SD2
item_B00KXU16SW	compatible_with	item_B017LN7LUK
item_B00SXRPA5M	compatible_with	item_B01G0K2NS0
item_B00W9E8FOI	compatible_with	item_B01D3R4E08
item_B00LE1C2V4	compatible_with	item_B01CFC9Y8O
item_B01B58J7MC	compatible_with	item_B01FIHDXDA
item_B01FRGKIZI	compatible_with	item_B01GPL80FY
item_B00SPPBG46	compatible_with	item_B019X2NGF6
item_B01E2DKX66	compatible_with	item_B01GJSTFBG
item_B007T4WSJQ	compatible_with	item_B00NE4YJVK
item_B001B0X848	compatible_with	item_B006SFRKP4
item_B00NE4YJVK	compatible_with	item_B01FIMAUIQ
item_B009F8R6QO	compatible_with	item_B00B58FQ5K
item_B00XXPNFME	compatible_with	item_B01DC4MB34
item_B00JC2YXFK	compatible_with	item_B01BAGE20Q
item_B00K72JFK2	compatible_with	item_B01CN3WM8E
item_B018I887MS	compatible_with	item_B018J6GRVC
item_B00IGQWFA8	compatible_with	item_B00IOMTJJ4
item_B016LJ4GBM	compatible_with	item_B01CH3OH9W
item_B00FSJV24Q	compatible_with	item_B00W3HY108
item_B00VHVK4W0	compatible_with	item_B0111RF5JG
item_B00K83TC8A	compatible_with	item_B00S3KVDOG
item_B002HT0NLI	compatible_with	item_B00VJL4Y1A
item_B00FLXDYU4	compatible_with	item_B0132HVJA2
item_B00B58FQ5K	compatible_with	item_B0194E63NU
item_B001M5CPZU	compatible_with	item_B00SAF9W7O
item_B001BZ2H04	compatible_with	item_B00XXPNFME
item_B01B3ISSBK	compatible_with	item_B01B3IT1KW
item_B00J55FFAQ	compatible_with	item_B01E61CD1C
item_B00XN53BRI	compatible_with	item_B010RA4PQM
item_B00TQ3DJO6	compatible_with	item_B00WHF3E6S
item_B00HDZIT0S	compatible_with	item_B00MR44E2C
item_B003R7LD68	compatible_with	item_B006SFRJ7S
item_B012TJG45Y	compatible_with	item_B013FA39PO
item_B00UJWPC0C	compatible_with	item_B00XWUD32W
item_B005OB8HL4	compatible_with	item_B00HFA919E
item_B00IL3NRRG	compatible_with	item_B01976WJ3I
item_B00DQZ88AK	compatible_with	item_B016OT9B8C
item_B00J0VCU26	compatible_with	item_B00JULWE54
item_B004BBHVXI	compatible_with	item_B00STUNZ2I
item_B016HE3RUM	compatible_with	item_B01EH14W24
item_B00TC5VYFO	compatible_with	item_B016LJ4GBM
item_B0002MB8O8	compatible_with	item_B00WIS3ER8
item_B00PXYBBB0	compatible_with	item_B013E0HGEA
item_B011TWR7SA	compatible_with	item_B01DW2HL04
item_B00125RVAY	compatible_with	item_B0156GCLD6
item_B003BNZ3E6	compatible_with	item_B009YRM6MK
item_B015CBQ3ZW	compatible_with	item_B017H1AKXQ
item_B00VAVW1PU	compatible_with	item_B01FFB6Q10
item_B00300HGXQ	compatible_with	item_B00KRYL792
item_B012P2FLA4	compatible_with	item_B0132IOJPI
item_B014DVQA5U	compatible_with	item_B01H3EALTK
item_B00FR6OYAE	compatible_with	item_B017OEW7DC
item_B0009UL0RI	compatible_with	item_B0036G7LIY
item_B00NJ873Q4	compatible_with	item_B01B8F4V2I
item_B0156GCLD6	compatible_with	item_B01DZLETAM
item_B00BMK8M9I	compatible_with	item_B00F3SJQ72
item_B000LMRFX2	compatible_with	item_B001OMJ2WU
item_B001O268EA	compatible_with	item_B01B3H9KFE
item_B00XKXHMD2	compatible_with	item_B015ZP3CYK
item_B01149UVPO	compatible_with	item_B0122YZ0D8
item_B001CEQNIQ	compatible_with	item_B00ZUJ9Q8I
item_B008J0BM1E	compatible_with	item_B01FSCTXK2
item_B001B0X82K	compatible_with	item_B006SFSDCI
item_B0012N38ZI	compatible_with	item_B0064YY0D4
item_B00KRYL792	compatible_with	item_B00KUKYMRW
item_B00LCJP40E	compatible_with	item_B01ETAJDWW
item_B00Y3OZC98	compatible_with	item_B01CC9LSMU
item_B00I14IOBE	compatible_with	item_B00JO7ZUSW
item_B002G9UGT8	compatible_with	item_B00FXPRL5O
item_B00D4APICS	compatible_with	item_B00IT3CO86
item_B00Y8S2ZC6	compatible_with	item_B01BU5AVK2
item_B01DY0XWFW	compatible_with	item_B01EX5RRBM
item_B0002NYVYQ	compatible_with	item_B00O12LOLC
item_B00JBXOKSA	compatible_with	item_B00N4N2IGO
item_B00QNAIJ4A	compatible_with	item_B00XH7I2WQ
item_B00NAWKASM	compatible_with	item_B00V84SHIE
item_B00VTTOGHE	compatible_with	item_B01DZKLOAQ
item_B013SEP6FS	compatible_with	item_B01EFGF7KM
item_B016OPVW60	compatible_with	item_B01DR117FA
item_B0017QP9PW	compatible_with	item_B00FEMK2V6
item_B00KTFPF7E	compatible_with	item_B016LJ4GBM
item_B005Q5PBAS	compatible_with	item_B00NASDG7I
item_B0000E014L	compatible_with	item_B006SFRKP4
item_B001GOZZWM	compatible_with	item_B006SFRJ7S
item_B00YSAV8DG	compatible_with	item_B0192BK6I8
item_B011LTPIQO	compatible_with	item_B01E564X3Y
item_B00JRBZF7G	compatible_with	item_B01DIZKC56
item_B01CRNNAL8	compatible_with	item_B01GCTF46M
item_B00ULZAECI	compatible_with	item_B019R4QKCG
item_B00KBZO8WK	compatible_with	item_B013C6JCWA
item_B004I764VA	compatible_with	item_B00YFMJZNC
item_B00NJ873Q4	compatible_with	item_B01H3ECSP0
item_B00B738DY4	compatible_with	item_B00QNAIJ4A
item_B00LCJP40E	compatible_with	item_B00UF7V1SI
item_B00B58FQ5K	compatible_with	item_B00GJB29U8
item_B000OTBUY2	compatible_with	item_B00V84SHIE
item_B004DB68BM	compatible_with	item_B019X2NGF6
item_B00B81I7HI	compatible_with	item_B00VTV7E5S
item_B00WHXNEZQ	compatible_with	item_B00WIS3ER8
item_B00F0T5M72	compatible_with	item_B01610O85K
item_B001AE6FDQ	compatible_with	item_B01DUQUIG6
item_B007WZTJ9O	compatible_with	item_B00XBBAV2C
item_B00DMW4T8C	compatible_with	item_B00E879PES
item_B00VTTOGHE	compatible_with	item_B00W1EDJXI
item_B001BXPXZC	compatible_with	item_B001F0K8N8
item_B0097XAXQW	compatible_with	item_B01DUQKRPI
item_B00421BJTE	compatible_with	item_B00SMJHB6C
item_B00B4QOO1K	compatible_with	item_B00V84SHIE
item_B007AK1LW4	compatible_with	item_B00VTVMJGW
item_B014MCFM4K	compatible_with	item_B01G2O5W14
item_B00XPIGNXM	compatible_with	item_B01H6DY7BQ
item_B005GQAFEY	compatible_with	item_B00PXSBBJI
item_B00IB3SL4A	compatible_with	item_B00NJ873Q4
item_B0000ANHTD	compatible_with	item_B00XKXHMD2
item_B00JZYQ3I0	compatible_with	item_B00LE1C2V4
item_B00J3B0QII	compatible_with	item_B013E0HGEA
item_B0118XFD4A	compatible_with	item_B01EYJ2YS8
item_B002JFM28W	compatible_with	item_B0072J71LI
item_B00SZ0A4H6	compatible_with	item_B01CP1704U
item_B019DFQ83A	compatible_with	item_B01EZN27X0
item_B0152R74K4	compatible_with	item_B01879VFZ4
item_B00UFMDXRK	compatible_with	item_B01D410A2O
item_B001LIS1R4	compatible_with	item_B00HRNU3B4
item_B000LWL678	compatible_with	item_B00XKXI3J4
item_B000N8FJ82	compatible_with	item_B019752N26
item_B00XZ3EF0U	compatible_with	item_B013MLTA5O
item_B00XJRV14U	compatible_with	item_B00YV697IK
item_B00D4N0K7S	compatible_with	item_B014V0DUAQ
item_B00V84SHIE	compatible_with	item_B0155P4I16
item_B00L88AM7O	compatible_with	item_B00MGLMHHK
item_B008O9DXPS	compatible_with	item_B00Q5HG12S
item_B002WHY7QM	compatible_with	item_B004XVJLTS
item_B00FLXDYU4	compatible_with	item_B01DZYPTYY
item_B00P19QE7S	compatible_with	item_B01ESQPHWW
item_B00CRS7ULK	compatible_with	item_B013NGSC1G
item_B009X1KFLQ	compatible_with	item_B00O72IPCC
item_B00AKTMJ5U	compatible_with	item_B00C823UFA
item_B008YCR4ZK	compatible_with	item_B00ARH8C9M
item_B00DCKPI2K	compatible_with	item_B00LUEZVKO
item_B00MJU0E6E	compatible_with	item_B019DHQ39M
item_B00IH0KPP0	compatible_with	item_B00KMAPMIS
item_B005X07L3Q	compatible_with	item_B00SUMGC5M
item_B00GNBLIS8	compatible_with	item_B018I887MS
item_B0054IH9IE	compatible_with	item_B00O1FG0P4
item_B00HGIUE2S	compatible_with	item_B01G0M5NX0
item_B000VS9ZXE	compatible_with	item_B00JULWJLI
item_B00XKXHMD2	compatible_with	item_B01EGX73BU
item_B004UUED5E	compatible_with	item_B00YBAQ89C
item_B00WH30N2I	compatible_with	item_B0182G3RB2
item_B00KCXQ3N8	compatible_with	item_B00UXZLXYO
item_B00K0WL08O	compatible_with	item_B01FUZRG4C
item_B00Z9T6XL2	compatible_with	item_B0114KZ62Q
item_B001EJMWUM	compatible_with	item_B00CBE1S6I
item_B0118GNK0Q	compatible_with	item_B017VCPEPK
item_B006SFRJ7S	compatible_with	item_B014F1B3DM
item_B0000WLTOE	compatible_with	item_B00JULWJLI
item_B009YRM6MK	compatible_with	item_B00REH1K7Y
item_B00CCZ22F2	compatible_with	item_B013W7M3XE
item_B00LEOTLXS	compatible_with	item_B01942W0IE
item_B00JWURVRY	compatible_with	item_B01DBXINBU
item_B00CBE1S6I	compatible_with	item_B00EUHD006
item_B00Y4LLW26	compatible_with	item_B016OT9B8C
item_B009HFVT9A	compatible_with	item_B018I887MS
item_B00V84SHIE	compatible_with	item_B012X5IIH6
item_B00N2FPHLM	compatible_with	item_B01GO0VDQO
item_B00GXN62JG	compatible_with	item_B019IBMJKU
item_B001EJ8GW0	compatible_with	item_B018MRRKR8
item_B00N4N2IGO	compatible_with	item_B0144AG27G
item_B00MJU0E6E	compatible_with	item_B015FVCKII
item_B004I764VA	compatible_with	item_B00UXBNGP2
item_B0014DAF16	compatible_with	item_B00XWUD32W
item_B01EFGF7KM	compatible_with	item_B01ESQPHWW
item_B00JO7ZUSW	compatible_with	item_B01FCH2VK2
item_B00HJPIZEW	compatible_with	item_B00O9YLZK2
item_B00ZAIILVC	compatible_with	item_B01GCRJ6OK
item_B008YGVHM2	compatible_with	item_B00XTWALL4
item_B00JC2YXFK	compatible_with	item_B00UVQ7UP6
item_B00R4TJJOS	compatible_with	item_B01F8VL0UE
item_B003AYOM8Y	compatible_with	item_B00FR9LTPY
item_B01DUQKRPI	compatible_with	item_B01EXD5CLQ
item_B00GB40FE0	compatible_with	item_B00Q4LZUW2
item_B00XBBAV2C	compatible_with	item_B00XBBS0BG
item_B00KXU16SW	compatible_with	item_B013L04TQG
item_B0131JMSCE	compatible_with	item_B016YRVDXK
item_B016YKHX1S	compatible_with	item_B01E9GP8RK
item_B01AXHI5YC	compatible_with	item_B01CZSB6IE
item_B003HC8RZS	compatible_with	item_B00V84SHIE
item_B01FQS7RSS	compatible_with	item_B01HBJNO4Q
item_B002ZCXY22	compatible_with	item_B00M0I4A1U
item_B00YMKU9BO	compatible_with	item_B01AYQY8RU
item_B002PK8RJ4	compatible_with	item_B017OJFPS6
item_B00W3KGERS	compatible_with	item_B01HCUODWG
item_B009FV9KGA	compatible_with	item_B00B9X4XQO
item_B000U60MY8	compatible_with	item_B00KOJYK44
item_B00HDQ6EQ8	compatible_with	item_B00O4DOA64
item_B00Y832XG4	compatible_with	item_B01519NUTM
item_B008YWF7OU	compatible_with	item_B012XQT80Q
item_B0032O6A82	compatible_with	item_B006UCX3MO
item_B001GS9G0U	compatible_with	item_B00FXPRJWO
item_B00B58FQ5K	compatible_with	item_B016IXS6A8
item_B000OWBG0C	compatible_with	item_B00XH0MUEO
item_B00N0SAWRA	compatible_with	item_B01BGWYFHE
item_B008X25SMW	compatible_with	item_B008X26P9C
item_B018LLBO9A	compatible_with	item_B01ENQ2RR0
item_B00ABNEQJM	compatible_with	item_B00AELW2CY
item_B00AEA0O4S	compatible_with	item_B00P05R7HY
item_B0072J71L8	compatible_with	item_B00YTWCUSA
item_B00C9WDZIG	compatible_with	item_B00C9WESYG
item_B004I764VA	compatible_with	item_B016LJ4GBM
item_B00OABTQBY	compatible_with	item_B01CA2RYH2
item_B00SH6996K	compatible_with	item_B00Z9T6XL2
item_B009R1BZPM	compatible_with	item_B00IT3CO86
item_B0093QF8ZO	compatible_with	item_B00NX4BEMI
item_B00DQVTLJ6	compatible_with	item_B00V84SHIE
item_B00QHNYQ5Y	compatible_with	item_B01AP40M7G
item_B000U62IYK	compatible_with	item_B00JULWJLI
item_B015YW8JZ6	compatible_with	item_B01CEFB458
item_B004I766BS	compatible_with	item_B005GVDQKE
item_B00V84SHIE	compatible_with	item_B01DD9QL4I
item_B004I7BPTG	compatible_with	item_B005GV95SG
item_B00505DPSO	compatible_with	item_B0150WLXZS
item_B003836K0U	compatible_with	item_B00B81I7HI
item_B00TQBPMHU	compatible_with	item_B01GCTF46M
item_B004DL1PKG	compatible_with	item_B00L5E0QTU
item_B00B58FQ5K	compatible_with	item_B00ID4RQN4
item_B00UWEFCYI	compatible_with	item_B011LTPIQO
item_B0072J71L8	compatible_with	item_B00TBTDE68
item_B00D470SDA	compatible_with	item_B00ZB67SWQ
item_B00DQF8RLA	compatible_with	item_B013CHKUAC
item_B00DSTSJWG	compatible_with	item_B00XRV0NFG
item_B00RZ3XLXS	compatible_with	item_B01B3HP24W
item_B00O12LOLC	compatible_with	item_B011R3JKSQ
item_B00DMW4T8C	compatible_with	item_B016AO8NHG
item_B005IG2MM0	compatible_with	item_B019X2NGF6
item_B0075ILFIQ	compatible_with	item_B00NIQ2PT2
item_B016C26HEM	compatible_with	item_B01GGR0ICU
item_B00Z9T6XL2	compatible_with	item_B014HMWU40
item_B00L5E0QTU	compatible_with	item_B01D69K3RQ
item_B00IYIENWQ	compatible_with	item_B00MYF60V2
item_B001BZ3XOS	compatible_with	item_B00X9HIFIA
item_B016LJ4GBM	compatible_with	item_B016LJ655W
item_B00DHHCC7M	compatible_with	item_B016Y7GSHQ
item_B008LWRD72	compatible_with	item_B008X25QJM
item_B004I764VA	compatible_with	item_B01DDBCR3U
item_B000FBKYV4	compatible_with	item_B004I7BKZ0
item_B00AVF7Y7G	compatible_with	item_B013W7M3XE
item_B00S9X3K48	compatible_with	item_B019VF5RPW
item_B0131JMN10	compatible_with	item_B0131JN0YE
item_B016LJ4J7S	compatible_with	item_B01AIQRKCQ
item_B011KRCFS6	compatible_with	item_B01C4185AE
item_B001NW1NN2	compatible_with	item_B01BMO15OC
item_B004I79ZC0	compatible_with	item_B00I3JVQOY
item_B00XXPMJKI	compatible_with	item_B01GUXR7YM
item_B006FYC6CA	compatible_with	item_B00OZTK5IO
item_B007N1BVL6	compatible_with	item_B00J3KNS70
item_B00ZZNEMAQ	compatible_with	item_B01BBUIS0Q
item_B00XWUD32W	compatible_with	item_B013IOFHFW
item_B000JJIET6	compatible_with	item_B01A16XYT6
item_B00UT1DCEG	compatible_with	item_B013FACD0Q
item_B00F3SJQ72	compatible_with	item_B016X4YL1U
item_B00OLB51XK	compatible_with	item_B00V84SHIE
item_B00EMHPOA8	compatible_with	item_B00F3SJQ72
item_B01FFB5PXA	compatible_with	item_B01GO0VDQO
item_B00J9VE9G2	compatible_with	item_B00OOKH55K
item_B014H6R622	compatible_with	item_B01FA0DBAA
item_B008XBDKNW	compatible_with	item_B0156GCLD6
item_B0179NZ6VI	compatible_with	item_B01B3HP24W
item_B00W9E8FOI	compatible_with	item_B01FQPJGSA
item_B0026P46AW	compatible_with	item_B00ARCWZZE
item_B00Z9T6XL2	compatible_with	item_B01AW46DYU
item_B00P3AUGJ2	compatible_with	item_B013E0HGEA
item_B00LE1C2V4	compatible_with	item_B00LUUB5YE
item_B013W24P8K	compatible_with	item_B01CTVQ5NI
item_B00QGSJVZU	compatible_with	item_B019QSB7GM
item_B00VLIW7SS	compatible_with	item_B0129S227E
item_B00Q435E94	compatible_with	item_B01AYQY8RU
item_B00K022TX4	compatible_with	item_B01839KEKK
item_B00S0HGLXK	compatible_with	item_B014PKHG5W
item_B004I5KRK6	compatible_with	item_B00FXPRJWO
item_B00AASRD7K	compatible_with	item_B01DB9WT4Q
item_B007JA9KL4	compatible_with	item_B00O8YBYWW
item_B006JMK4MW	compatible_with	item_B00VLIW7SS
item_B009AX1OEE	compatible_with	item_B019752N26
item_B000FEP7BS	compatible_with	item_B01DDDAAJ6
item_B00ADCB7C0	compatible_with	item_B019X2NGF6
item_B0064Y4JLM	compatible_with	item_B016LJ4J7S
item_B00JWURVRY	compatible_with	item_B013JXE9MY
item_B00NE4YJVK	compatible_with	item_B015HM8I7M
item_B000E21SXW	compatible_with	item_B00Q11CFV4
item_B00M20E91M	compatible_with	item_B00Q3LQAH2
item_B00XWUD32W	compatible_with	item_B018KBWZU8
item_B004H2OJGS	compatible_with	item_B00PXSBGR0
item_B003EEMI7M	compatible_with	item_B00LFWYKLM
item_B011LTPIQO	compatible_with	item_B01CH3OJNG
item_B00Z9T6XL2	compatible_with	item_B013SEP6FS
item_B012BOQ632	compatible_with	item_B01BUATEP0
item_B00LNCC7K0	compatible_with	item_B0192BK6I8
item_B00XLCHJC6	compatible_with	item_B01C4185AE
item_B00HO0AA9K	compatible_with	item_B017QBXLQU
item_B00LUOIWEG	compatible_with	item_B00RELPMVA
item_B00QHMU6UE	compatible_with	item_B00VXX7F60
item_B01A9M6OAS	compatible_with	item_B01DP724O4
item_B00PXDYMSA	compatible_with	item_B01H6DY7BQ
item_B00FSK0V92	compatible_with	item_B01E7Q8AVS
item_B00APXN95U	compatible_with	item_B01FYCP7DI
item_B004I7BPTG	compatible_with	item_B005CVTYZO
item_B0035E8JMO	compatible_with	item_B015SSQCO6
item_B00L5M2RUS	compatible_with	item_B00NE4YJVK
item_B0002PQ7Z0	compatible_with	item_B00JULWJLI
item_B00E5LRH4M	compatible_with	item_B01DR117FA
item_B000P50VWM	compatible_with	item_B00ACIFHBM
item_B00MY8WSCO	compatible_with	item_B00U0XQF7E
item_B00JRNEA48	compatible_with	item_B00ML2YGNM
item_B00BPBSQM2	compatible_with	item_B01DS6GZYM
item_B0057KLN90	compatible_with	item_B00XXPNFME
item_B003953F7I	compatible_with	item_B00JULWJLI
item_B00AAXRV3G	compatible_with	item_B00FXPRL5O
item_B00LH0WDEI	compatible_with	item_B018CS8UIA
item_B004FGMYMM	compatible_with	item_B017V194DO
item_B00N2LV1PC	compatible_with	item_B00PKHUTX6
item_B004OVDJCC	compatible_with	item_B00NASDG7I
item_B00VLK6KCK	compatible_with	item_B019HHGR3K
item_B0176CYPLE	compatible_with	item_B01D410A2O
item_B00O5I1W3M	compatible_with	item_B00O83M33W
item_B00UZ89CYC	compatible_with	item_B013MC5U2K
item_B00LAV35DC	compatible_with	item_B00V84SHIE
item_B016YKHX86	compatible_with	item_B01897MLRU
item_B0009UL0RI	compatible_with	item_B00I1ZQWIU
item_B01GAHP5X8	compatible_with	item_B01H3EALMM
item_B00WV1V7RG	compatible_with	item_B01EY7H7RS
item_B00375RGUW	compatible_with	item_B00QNAIJ4A
item_B00SFHVJ32	compatible_with	item_B01GO0VDQO
item_B00HUWEK6Q	compatible_with	item_B01B3HP24W
item_B00FZEE2GO	compatible_with	item_B00JKII3K2
item_B00MS4XMBA	compatible_with	item_B01GGR0ICU
item_B003A28O1M	compatible_with	item_B00X9HIFIA
item_B01DY8R444	compatible_with	item_B01GCTF46M
item_B01CPE15LQ	compatible_with	item_B01F8VL0UE
item_B0051D8H56	compatible_with	item_B00V84SHIE
item_B00NQJ5LAQ	compatible_with	item_B01GRJ0BP6
item_B00B738DY4	compatible_with	item_B01DXPYIS8
item_B00793OCD2	compatible_with	item_B00CIYB75S
item_B000R8V0T0	compatible_with	item_B002CNTSVA
item_B00BMHE5W4	compatible_with	item_B018I887MS
item_B00XKXHMD2	compatible_with	item_B01BJH23A2
item_B00X5GXAXU	compatible_with	item_B01D410A2O
item_B013MC5U2K	compatible_with	item_B01DAHYU32
item_B00JULWE54	compatible_with	item_B00S4THPIO
item_B000KGKG44	compatible_with	item_B00TJ1XZFS
item_B00JULWE54	compatible_with	item_B01BUJO8IY
item_B015QHZAEM	compatible_with	item_B017OEW7DC
item_B00YXGLPNI	compatible_with	item_B0182G3RB2
item_B00X7EBCOO	compatible_with	item_B01DUQKRPI
item_B00HIZKH7G	compatible_with	item_B016G50I6S
item_B004NRNR7O	compatible_with	item_B00FXPRJWO
item_B00TU3W13C	compatible_with	item_B017MHDG1S
item_B01H439QI2	compatible_with	item_B01H43GVK8
item_B00NE4YJVK	compatible_with	item_B01DE9K8D2
item_B00DGEJVSE	compatible_with	item_B01DIUCO7A
item_B0028HJ7PM	compatible_with	item_B00XBBAV2C
item_B01EY8JJO6	compatible_with	item_B01H6YB182
item_B00G9TRP86	compatible_with	item_B019S3895C
item_B00TERO8SK	compatible_with	item_B017ACMZ5I
item_B00O70UZ3Q	compatible_with	item_B01EN6VH1M
item_B0185GOM2M	compatible_with	item_B01CRVHEDK
item_B005V2ZU6G	compatible_with	item_B00BMK75NM
item_B0072J71L8	compatible_with	item_B00V5YPUMS
item_B00NOWD7BA	compatible_with	item_B00ULZAECI
item_B00L5E0QTU	compatible_with	item_B00LGZ1HRI
item_B00X1ICQCS	compatible_with	item_B019ARG85E
item_B008LWS790	compatible_with	item_B00XKXHMD2
item_B002806UUY	compatible_with	item_B01ET9QYXO
item_B00K034PL2	compatible_with	item_B00LCJP40E
item_B005DSLU9Y	compatible_with	item_B00XXPMJKI
item_B00APXN95U	compatible_with	item_B00CBESAKU
item_B00EIR7QQM	compatible_with	item_B012B1IZN4
item_B001MBD93Q	compatible_with	item_B0057IO10U
item_B00NHECBBW	compatible_with	item_B01ETTTP94
item_B00QGSJVZU	compatible_with	item_B015NZFBWI
item_B001NODU36	compatible_with	item_B00OIWIEDG
item_B00R4006WQ	compatible_with	item_B01A9RP7WY
item_B000VH2UAK	compatible_with	item_B006SFRKP4
item_B00NE4YJVK	compatible_with	item_B015HW9A6U
item_B00XZATUN0	compatible_with	item_B0166RR7DS
item_B019BRUAF2	compatible_with	item_B01H30LCP6
item_B01325Q0VC	compatible_with	item_B01D410A2O
item_B009IMCE46	compatible_with	item_B00QNAIJ4A
item_B004I7BKZ0	compatible_with	item_B005GV9AEU
item_B005SW296S	compatible_with	item_B00V84SHIE
item_B00YV444DK	compatible_with	item_B01GI5ENRG
item_B0001YRFS0	compatible_with	item_B00JULWJLI
item_B00ESG6NDU	compatible_with	item_B00FZEE2GO
item_B00IGQU8FM	compatible_with	item_B011WRP8KG
item_B00C9WDZIG	compatible_with	item_B00S8P4GTK
item_B00JLTTY7G	compatible_with	item_B00JULWJLI
item_B01DJDB39G	compatible_with	item_B01HGX50S0
item_B00JULWE54	compatible_with	item_B00TIJEF5A
item_B00MJU0E6E	compatible_with	item_B011QBOO62
item_B000CCOIOA	compatible_with	item_B00FXPRJWO
item_B00GJ7QXZO	compatible_with	item_B012XOO8UI
item_B000GIPIF8	compatible_with	item_B00IMB1DAA
item_B01AK98V6A	compatible_with	item_B01DWQGOSA
item_B00V7MMQ5C	compatible_with	item_B01AA2LPD8
item_B0055RSY6A	compatible_with	item_B00XBBAV2C
item_B0052GAA7K	compatible_with	item_B00FXPRJWO
item_B00UO0XCQ0	compatible_with	item_B017MSNUM2
item_B011LTPIQO	compatible_with	item_B01DMNTY8K
item_B011LTPIQO	compatible_with	item_B015LUKLFC
item_B01DBH24MU	compatible_with	item_B01FDB34QC
item_B00K83TP14	compatible_with	item_B01DLU8LAG
item_B00I78ZI3G	compatible_with	item_B011S36MI6
item_B00PUVENNO	compatible_with	item_B00XZ3EF0U
item_B000IV8V5C	compatible_with	item_B00CHVGEBY
item_B0043EVYAO	compatible_with	item_B00NIQ2PT2
item_B00P9SMESO	compatible_with	item_B01D410A2O
item_B01DF56UNW	compatible_with	item_B01EHIOH9A
item_B0029L13AO	compatible_with	item_B00N3Y3WNC
item_B007JK4IRU	compatible_with	item_B00XWUD32W
item_B00V84SHIE	compatible_with	item_B0120YUVI4
item_B004C438OK	compatible_with	item_B019752N26
item_B015PCKEHQ	compatible_with	item_B018I887MS
item_B00XBZZM5E	compatible_with	item_B00XWUD32W
item_B00NXBRFHO	compatible_with	item_B017N5SH18
item_B0010TP3AM	compatible_with	item_B00VTV63PA
item_B012UOSYQK	compatible_with	item_B017K683X2
item_B0009WM4QW	compatible_with	item_B00XKXHMD2
item_B0029F1WO2	compatible_with	item_B00BMDAG1C
item_B00JBRB2IC	compatible_with	item_B00ZBBT7P2
item_B011LTPIQO	compatible_with	item_B0169VPD6E
item_B000KKOZVU	compatible_with	item_B00M3SC0V4
item_B00B01HLL4	compatible_with	item_B00I14WP78
item_B0010B1AQ6	compatible_with	item_B01HF4A6DY
item_B003FSSP24	compatible_with	item_B00C04EDQQ
item_B007G3924E	compatible_with	item_B00JULWPBC
item_B00YAOUFF2	compatible_with	item_B01DKMMUY8
item_B00XKXI2D6	compatible_with	item_B010C7LEQE
item_B00IWN6CAE	compatible_with	item_B0156GCLD6
item_B001JPP0GE	compatible_with	item_B0196YFEUG
item_B00KSYXE4W	compatible_with	item_B0143D7EE4
item_B00DGJIR5W	compatible_with	item_B00W3HY108
item_B00IL3NRRG	compatible_with	item_B01BV0JXE6
item_B0183SZ1S6	compatible_with	item_B01CSEYHUO
item_B004I79ZC0	compatible_with	item_B005GVDQKE
item_B014XC8VXI	compatible_with	item_B01B6G8BKC
item_B007LF1BVY	compatible_with	item_B00JXE2L6U
item_B00D2ZBOUA	compatible_with	item_B00KXU16SW
item_B00BJOH0H2	compatible_with	item_B00EZYTF94
item_B00DH9OSRM	compatible_with	item_B00XKSI06U
item_B00VLIW7SS	compatible_with	item_B01H0WU7W6
item_B00Q4LZUW2	compatible_with	item_B01128IP5A
item_B01CGE8L3K	compatible_with	item_B01D4P2NW0
item_B002A6DOIC	compatible_with	item_B00FBNOSWC
item_B001BF1DU4	compatible_with	item_B00K6006ZI
item_B00R8FXHP0	compatible_with	item_B01E5ZF1GS
item_B00AOYWXH0	compatible_with	item_B018YIF56S
item_B001Q7MTXM	compatible_with	item_B00ARH8C9M
item_B00L49JLTW	compatible_with	item_B01FRGKIZI
item_B000A38D06	compatible_with	item_B00XKXHMD2
item_B00D7NIUV8	compatible_with	item_B00FEC2K34
item_B003Q3XYSS	compatible_with	item_B00FXPRJWO
item_B00M3MQPPW	compatible_with	item_B00XZ3EF0U
item_B00APXN95U	compatible_with	item_B00XV6QT82
item_B00S15TSJU	compatible_with	item_B016OT9B8C
item_B007FMC78E	compatible_with	item_B00XH0MUEO
item_B014BDKETI	compatible_with	item_B01H3EALMM
item_B00505DPSO	compatible_with	item_B019IYFEWC
item_B00F3SJQ72	compatible_with	item_B00G5S56UK
item_B00F4NHC9U	compatible_with	item_B017MHDG1S
item_B00I87JJ9K	compatible_with	item_B00JCYHXXM
item_B00NASDGCI	compatible_with	item_B019P07148
item_B00DH9OSRM	compatible_with	item_B00QYCPOEK
item_B00XOTPOC8	compatible_with	item_B01H6YB182
item_B00RCKZLAA	compatible_with	item_B016LJ4GBM
item_B00PQSWORS	compatible_with	item_B01DBGJDYI
item_B00JAM5NNS	compatible_with	item_B00NAK3MB6
item_B018CS8UIA	compatible_with	item_B019CSC60M
item_B00MNKTAAQ	compatible_with	item_B00MRDORFM
item_B00QV4RVQA	compatible_with	item_B01CYQKNT0
item_B001B9XI3A	compatible_with	item_B008BNKLO8
item_B0197G1WCC	compatible_with	item_B01BU5AVK2
item_B0002XSWR8	compatible_with	item_B00XKXHMD2
item_B001SN4KQS	compatible_with	item_B0143D7EE4
item_B00IJDUSAC	compatible_with	item_B01DXPYIS8
item_B015IW352Y	compatible_with	item_B01BY7JU76
item_B00CIAJ1RS	compatible_with	item_B00QGSJVZU
item_B012XOO8UI	compatible_with	item_B0132HXVDU
item_B00GSNXZKA	compatible_with	item_B00X9HIFIA
item_B00RCKUFF6	compatible_with	item_B00VRQYEI0
item_B00B58FQ5K	compatible_with	item_B00XC09WJK
item_B00E0IKY4U	compatible_with	item_B00VLB4G48
item_B00PXSBBJI	compatible_with	item_B00PXT89CE
item_B000KK0ONI	compatible_with	item_B00ACIFHBM
item_B00TG2JWTI	compatible_with	item_B01H6DY7BQ
item_B00TJEGDHM	compatible_with	item_B00VS6WNU0
item_B004E08MKW	compatible_with	item_B00SF71XFQ
item_B001DBI1DI	compatible_with	item_B00DZP4XO6
item_B00V84SHIE	compatible_with	item_B00WIHVEIA
item_B00W6CZWW6	compatible_with	item_B016YRTP0S
item_B01BNQ7YJY	compatible_with	item_B01DB9WT4Q
item_B01A0GEWJI	compatible_with	item_B01DA04J5S
item_B0020MMNXS	compatible_with	item_B00ARCWZZE
item_B001B2I9TK	compatible_with	item_B017KXTWSA
item_B00V531ZN2	compatible_with	item_B016YKHX1S
item_B00S9X7DB4	compatible_with	item_B019HHGR3K
item_B00O72IPCC	compatible_with	item_B018I887MS
item_B0150YIVVK	compatible_with	item_B016DAXLHY
item_B00GUBHBRS	compatible_with	item_B00YOBUKHE
item_B01AIQRKCQ	compatible_with	item_B01B3ISSBK
item_B00YHY0492	compatible_with	item_B01AMUSWSE
item_B000GL1EGW	compatible_with	item_B008C7BVBA
item_B00OQJF1WS	compatible_with	item_B013SEP6FS
item_B00HUWTOEY	compatible_with	item_B00NASDG7I
item_B00XYE3EUC	compatible_with	item_B013IXB626
item_B00MJB57Q0	compatible_with	item_B0143D7EE4
item_B00O12LOLC	compatible_with	item_B00O72IPCC
item_B00B58FQ5K	compatible_with	item_B01DWOR1JI
item_B00RFM27FC	compatible_with	item_B00V3IJCWA
item_B00KW9CMXC	compatible_with	item_B01H3EALMM
item_B00OQDBUQA	compatible_with	item_B019QT305W
item_B00FZEE2GO	compatible_with	item_B00JKJ7FIC
item_B0013KGG9K	compatible_with	item_B00T24Q4P0
item_B00FBCCAR8	compatible_with	item_B01DDDAAJ6
item_B00KXU16SW	compatible_with	item_B0156IOJMK
item_B00I1ZQWIU	compatible_with	item_B00XKXI3WG
item_B00ZR5G59S	compatible_with	item_B0118XFD4A
item_B003VR7K4I	compatible_with	item_B01EKZS3K4
item_B00K00UN66	compatible_with	item_B00W8IHAVY
item_B0082M9T0K	compatible_with	item_B00KRYL7CE
item_B012UOSYQK	compatible_with	item_B01H2HB7NW
item_B01C05BMV8	compatible_with	item_B01FQS7RSS
item_B019752N26	compatible_with	item_B01F3TSUF4
item_B003836K0U	compatible_with	item_B00ACIFLBI
item_B00B58FQ5K	compatible_with	item_B0195KRCR4
item_B00X6M0QX0	compatible_with	item_B017ACMZ5I
item_B0015DISGE	compatible_with	item_B00H93LSKW
item_B015GAQFZ2	compatible_with	item_B01A16XYT6
item_B015H6QWWG	compatible_with	item_B016LJ4GBM
item_B015CBQ3ZW	compatible_with	item_B01DK8QUO8
item_B0012FP64W	compatible_with	item_B01H7EMBXK
item_B012F61VS6	compatible_with	item_B01D4MYVG4
item_B017BQ2904	compatible_with	item_B01CU3GN0A
item_B00ACIFXM0	compatible_with	item_B00B81I7HI
item_B008YWF7OU	compatible_with	item_B015KGHL3M
item_B00IWP6JF0	compatible_with	item_B00XKSI06U
item_B005I6IXTG	compatible_with	item_B01FA0DBAA
item_B00PXSBGR0	compatible_with	item_B00Z12C5AU
item_B00ACIFHBM	compatible_with	item_B00K6JSKZC
item_B00IUOTWX4	compatible_with	item_B010R2QWLG
item_B000BFJE7O	compatible_with	item_B001I15G4K
item_B00NIMYVJ8	compatible_with	item_B01HIUUQOE
item_B00R4TJJOS	compatible_with	item_B0140CB0C0
item_B00XIP1PIA	compatible_with	item_B019407BLC
item_B004X5LYMG	compatible_with	item_B0131JMSCE
item_B00OYSFE2I	compatible_with	item_B013W7M3XE
item_B00C9WDZIG	compatible_with	item_B00S8Q00BM
item_B004XDR1HU	compatible_with	item_B005GP8TVQ
item_B00PYSDJVK	compatible_with	item_B01H52FZ1Y
item_B0027X168S	compatible_with	item_B00ACIFL9U
item_B00EHFNX1C	compatible_with	item_B00MFEA4C8
item_B00GBJHP3O	compatible_with	item_B00SAF9W7O
item_B00JULWE68	compatible_with	item_B0151E6OVI
item_B00JHDGRRG	compatible_with	item_B016LJ4TDM
item_B009OJEWHA	compatible_with	item_B00I04GJO4
item_B00F9S84AQ	compatible_with	item_B00SVQ13PQ
item_B0060C8IEC	compatible_with	item_B00CBELAVG
item_B007HLCWQK	compatible_with	item_B00ESFANUU
item_B00NJ873Q4	compatible_with	item_B014RVVQS2
item_B00R1MSI0O	compatible_with	item_B00SJ6840K
item_B011TWR7SA	compatible_with	item_B01FUWUZPC
item_B00GTJIHME	compatible_with	item_B00UWK1J4E
item_B00Y5T5RQO	compatible_with	item_B016B9QRPU
item_B011HVE9HA	compatible_with	item_B01E2DKX66
item_B00ACIGVH6	compatible_with	item_B00JULWE54
item_B00JC2YXFK	compatible_with	item_B01BPUDO7Y
item_B00NHECBBW	compatible_with	item_B01CL81SN6
item_B004UJQ8H6	compatible_with	item_B00LO4N7LK
item_B00BOUMDOG	compatible_with	item_B01E61CD1C
item_B00KW4GMZG	compatible_with	item_B00OV4840E
item_B005GPKXX8	compatible_with	item_B016LJ4GBM
item_B00Y7T4M2C	compatible_with	item_B011LTPIQO
item_B00F3SJQ72	compatible_with	item_B00STS4QSM
item_B0156GCLD6	compatible_with	item_B019Q321KS
item_B00B1H2BTE	compatible_with	item_B017OEW7DC
item_B0034N4CA4	compatible_with	item_B01H7EMBXK
item_B00SA7U6QS	compatible_with	item_B019IZ43PK
item_B00VUOU3BQ	compatible_with	item_B01D410A2O
item_B00HRNU3B4	compatible_with	item_B016YRVDXK
item_B016JVXWPI	compatible_with	item_B016YRTP0S
item_B004I79ZC0	compatible_with	item_B01CI4C8GO
item_B00CMWL7A6	compatible_with	item_B01DCK4SW0
item_B00B58FQ5K	compatible_with	item_B00J1Z2SSM
item_B00CFQIIVK	compatible_with	item_B00LCJP40E
item_B008QZ1DNO	compatible_with	item_B015WQG58M
item_B00DMW4T8C	compatible_with	item_B00FIOGHU0
item_B00U27OFPW	compatible_with	item_B017V194DO
item_B016LJ4GBM	compatible_with	item_B017USMNX6
item_B00CJQN66S	compatible_with	item_B016LJ4GBM
item_B00GJ9BI3E	compatible_with	item_B00QGSJVZU
item_B00027FWJA	compatible_with	item_B018MRRKR8
item_B00B6EBM06	compatible_with	item_B00PXSBBJI
item_B0032GEZ9Q	compatible_with	item_B00DM27ELG
item_B001TJX55I	compatible_with	item_B00Q0BHE16
item_B01B3HP24W	compatible_with	item_B01FHNR99Y
item_B005DIF5GI	compatible_with	item_B00KIDBKXA
item_B00TRKMBI8	compatible_with	item_B01B3HP24W
item_B00S9X3K48	compatible_with	item_B019HHGR3K
item_B013W7M3XE	compatible_with	item_B01H2GMJM6
item_B00KIEJVGM	compatible_with	item_B01C06LOKG
item_B016LJ4J7S	compatible_with	item_B01B3GHQWO
item_B007P89GQO	compatible_with	item_B016YRTP0S
item_B0080Q7QTY	compatible_with	item_B00NHECBBW
item_B00E8IR36E	compatible_with	item_B01DDDAAJ6
item_B017LQGXVA	compatible_with	item_B018IAKRJC
item_B00TX4S4MK	compatible_with	item_B014TSHDLW
item_B01BMO15OC	compatible_with	item_B01BU5U3K0
item_B00JULWE54	compatible_with	item_B01B77VNHI
item_B00HZ0Q3YA	compatible_with	item_B00NE4YJVK
item_B009CCRL6I	compatible_with	item_B00B58FQ5K
item_B00IPO8NJS	compatible_with	item_B019X2NGF6
item_B004H2OJGS	compatible_with	item_B0127XUXLS
item_B000VS9ZXE	compatible_with	item_B00ACIFHBM
item_B00B58FQ5K	compatible_with	item_B0195YYBGU
item_B00LPA88ZS	compatible_with	item_B00N4N2IGO
item_B008YCR4ZK	compatible_with	item_B00XKXHMD2
item_B00B22YQUU	compatible_with	item_B01G2OOI2I
item_B008YWF7OU	compatible_with	item_B00KBZO8WK
item_B000MX5ZSM	compatible_with	item_B01GEKV7ZG
item_B004JFWY74	compatible_with	item_B019HHGR3K
item_B00FL48TTE	compatible_with	item_B00Z01UJIW
item_B00XLV4AQU	compatible_with	item_B00XLV4I1W
item_B00VQ2RW5W	compatible_with	item_B01G834CJC
item_B00ND7BW9A	compatible_with	item_B00XWUD32W
item_B00SWVKS1K	compatible_with	item_B01EY7GY72
item_B007I6FKOU	compatible_with	item_B01AYQY8RU
item_B00PUBBF5I	compatible_with	item_B017VCP9NW
item_B00HFA919E	compatible_with	item_B010LH980O
item_B001B0Z8M8	compatible_with	item_B00S0YA5GM
item_B00O72IPCC	compatible_with	item_B01CNLMJU2
item_B00FYEW26C	compatible_with	item_B00Q4LZUW2
item_B00SMJHB9Y	compatible_with	item_B01E689DQS
item_B00ACIFKH8	compatible_with	item_B00XWUD32W
item_B0006UD6PK	compatible_with	item_B00XKXHMD2
item_B00FWIMVGQ	compatible_with	item_B0156GCLD6
item_B00APXN95U	compatible_with	item_B00CAI8EZ8
item_B00L5E0QTU	compatible_with	item_B014ZNX75W
item_B00SJSRTIG	compatible_with	item_B01EHU2SLC
item_B00CHNMU1U	compatible_with	item_B00SI02WZK
item_B001EJ8GW0	compatible_with	item_B00SAF9W7O
item_B01EJLV6QW	compatible_with	item_B01EP4C2XY
item_B00DXZ05NQ	compatible_with	item_B0115KHC8Q
item_B001CQ1INY	compatible_with	item_B00NJ873Q4
item_B011LTPIQO	compatible_with	item_B01C4U0DCS
item_B001OS2VWW	compatible_with	item_B00PXSBGR0
item_B00H7HD0N8	compatible_with	item_B01FQJ32QS
item_B00J9VE9G2	compatible_with	item_B00MVR6888
item_B00F3SJQ72	compatible_with	item_B00PK314TS
item_B00NQJ5LAQ	compatible_with	item_B01H0TGMKA
item_B00JK1L1KI	compatible_with	item_B00O5I1W3M
item_B0060HMLTU	compatible_with	item_B00IJVOPU8
item_B00O72IPCC	compatible_with	item_B01HH97AHC
item_B01CU3GN0A	compatible_with	item_B01F5LBR82
item_B002YT82PK	compatible_with	item_B00SMJHB6C
item_B001NUR7X4	compatible_with	item_B00QNAIJ4A
item_B00914CVB2	compatible_with	item_B00X9HIFIA
item_B00NJ873Q4	compatible_with	item_B013KMH9W6
item_B007KF1JZS	compatible_with	item_B00E6U8ZJ8
item_B00JBH8RYO	compatible_with	item_B00L5E0NQG
item_B00ACIFL9U	compatible_with	item_B00BCBD5SA
item_B0001YS2BO	compatible_with	item_B01A16XYT6
item_B001DD0GQ6	compatible_with	item_B00KBZO8WA
item_B001TE7VDK	compatible_with	item_B00KOJYK44
item_B00E8GR8IY	compatible_with	item_B01F324FMI
item_B00BTOR4D2	compatible_with	item_B00HRNU3B4
item_B00G0KL7EM	compatible_with	item_B00V84SHIE
item_B00VLIW7SS	compatible_with	item_B011VN1U1C
item_B00NQJ5LAQ	compatible_with	item_B01DPLSZBQ
item_B00B58FQ5K	compatible_with	item_B00UXETJ6Y
item_B00V84SHIE	compatible_with	item_B014WBOTEK
item_B00GMZ3K0E	compatible_with	item_B00ZET7QY0
item_B00284B5M8	compatible_with	item_B00FIXHZPC
item_B00YGAISMM	compatible_with	item_B01BZ7GD7K
item_B008XCF3TA	compatible_with	item_B01AK98V6A
item_B001A40JMO	compatible_with	item_B006UCX3PQ
item_B01BHR1MQK	compatible_with	item_B01EJIRYFM
item_B00BSOU1L0	compatible_with	item_B00ZIDSL50
item_B007P87SKK	compatible_with	item_B01FE7HRSQ
item_B00JULWE54	compatible_with	item_B015MA6VHS
item_B00AOMYI5W	compatible_with	item_B016PWILXY
item_B00QNAIJ4A	compatible_with	item_B00TY5BZ92
item_B00ZFE1H12	compatible_with	item_B01F4YO9IU
item_B001BF1DU4	compatible_with	item_B0054M8VBO
item_B000FK573U	compatible_with	item_B00FJ96MJ0
item_B00WB234F8	compatible_with	item_B012P2FLA4
item_B00RT7Z3R2	compatible_with	item_B01AUJGLLW
item_B00AB29UNU	compatible_with	item_B00XH2XZHI
item_B00557TDOM	compatible_with	item_B00Q6BSE9G
item_B00EVQYB72	compatible_with	item_B01E4KJG42
item_B00F98UW7O	compatible_with	item_B00PXSBC1U
item_B01FS0KI9Y	compatible_with	item_B01GDY9Z0M
item_B00E19I0TO	compatible_with	item_B00E19MO1Y
item_B006SFRVEY	compatible_with	item_B006SRSZOW
item_B00LIS0TC2	compatible_with	item_B00QGSJVZU
item_B01DCHDAC2	compatible_with	item_B01GME2VHM
item_B00MPXF6K4	compatible_with	item_B014W2L03C
item_B0094WMKF8	compatible_with	item_B01HF4A6DY
item_B00QNAIJ4A	compatible_with	item_B00UXIRQGU
item_B000CD1IW4	compatible_with	item_B00FXPRL5O
item_B00B58FQ5K	compatible_with	item_B00CBLTQ1U
item_B00QGSJVZU	compatible_with	item_B014E2N31M
item_B00GJMM222	compatible_with	item_B00SV7BNTG
item_B000SZM78A	compatible_with	item_B00SBSZ7OW
item_B00THY52N0	compatible_with	item_B01F4BCFPW
item_B00V4DG42K	compatible_with	item_B0144NKUF8
item_B00SYS4Q1Y	compatible_with	item_B017HFQS3S
item_B00CX7TL58	compatible_with	item_B00FXPRL5O
item_B0014SDHZ2	compatible_with	item_B00JULWE54
item_B017NL5TH2	compatible_with	item_B019IBMJKU
item_B006W240KQ	compatible_with	item_B00QGSJVZU
item_B00IUOSS66	compatible_with	item_B019IBMJKU
item_B001JPP0GE	compatible_with	item_B01BGWYFE2
item_B000P50VWM	compatible_with	item_B00V3ML4MW
item_B00DBS1QGA	compatible_with	item_B00YUOXY64
item_B00180R7RA	compatible_with	item_B012HS9O6I
item_B01E61CD1C	compatible_with	item_B01FIMAUIQ
item_B001888JQU	compatible_with	item_B001MBD93Q
item_B010H3L6K2	compatible_with	item_B019752N26
item_B00XS6P1QG	compatible_with	item_B01ESQPHWW
item_B00VTTOGHE	compatible_with	item_B0158XS67C
item_B01GCX7J52	compatible_with	item_B01H6DY7BQ
item_B00MJU0E6E	compatible_with	item_B011VN1U1C
item_B01CU3GN0A	compatible_with	item_B01EUNPMXM
item_B00FSB60T6	compatible_with	item_B00JULWJLI
item_B00CIZHY7W	compatible_with	item_B00HWF7JSM
item_B00ODZ3H4O	compatible_with	item_B00VJZGGFI
item_B00UYJPR82	compatible_with	item_B00XBRWC1Y
item_B0053HDR78	compatible_with	item_B00FZR1ZVQ
item_B0131JMN10	compatible_with	item_B018837OPE
item_B017JRCAJ0	compatible_with	item_B01GO0VDQO
item_B00JULWJLI	compatible_with	item_B00Q7C6XYC
item_B007EFM16K	compatible_with	item_B00K7I1DYW
item_B00DVFWFKE	compatible_with	item_B01A6UPYAE
item_B002LLMRAM	compatible_with	item_B00487L2Z8
item_B00AZ6P8BK	compatible_with	item_B00E4I4P9G
item_B00165YZPY	compatible_with	item_B001MBD93Q
item_B01G81RRIW	compatible_with	item_B01H6DY7BQ
item_B00NXEFG9U	compatible_with	item_B016ROKUAM
item_B00NE4YJVK	compatible_with	item_B00ZGGYOHI
item_B016R94UBC	compatible_with	item_B017X9VFL8
item_B01325PY14	compatible_with	item_B01D410A2O
item_B003CNP0NE	compatible_with	item_B00MX2DS0W
item_B01H439QI2	compatible_with	item_B01H43GCA2
item_B00YX8PER4	compatible_with	item_B01EJISXTI
item_B019S38C2C	compatible_with	item_B019S3FJ78
item_B00BP5BXFK	compatible_with	item_B01H6YB182
item_B018A6I4S0	compatible_with	item_B019HHGR3K
item_B004WRMWEE	compatible_with	item_B00QNAIJ4A
item_B000FGVVUC	compatible_with	item_B0072J71LI
item_B00284B5M8	compatible_with	item_B00W7B8UQQ
item_B01E7Q8AVS	compatible_with	item_B01GKB91A2
item_B01BI4SXAA	compatible_with	item_B01CL6LGFS
item_B01B3HP24W	compatible_with	item_B01GUHMAZE
item_B00XKY9SEW	compatible_with	item_B019YJWZQO
item_B0013KVNYS	compatible_with	item_B01CU3GN0A
item_B000M520WY	compatible_with	item_B00505DPSO
item_B0092X0R40	compatible_with	item_B00T24Q4P0
item_B00HRNU3B4	compatible_with	item_B00KRYMUH0
item_B00Q7VO8HM	compatible_with	item_B01CU3GN0A
item_B00WH30N2I	compatible_with	item_B00Y0E90P8
item_B005LXPSHG	compatible_with	item_B00NW62PCA
item_B006SRT0V4	compatible_with	item_B00XKXI3WG
item_B000JQGCT8	compatible_with	item_B00NHECBBW
item_B00NHECBBW	compatible_with	item_B01AAJWV70
item_B01AL4H69C	compatible_with	item_B01FX3ZSWI
item_B00Q45AIWU	compatible_with	item_B016YKHXL8
item_B00SQORTF6	compatible_with	item_B01FUVZKDU
item_B01CN6A6Y8	compatible_with	item_B01D1ZDKXO
item_B00VKPH7QO	compatible_with	item_B017XODJ5S
item_B00IOMTJJ4	compatible_with	item_B00IOMTQ4W
item_B019752N26	compatible_with	item_B01F83L1C4
item_B01CSAPXXS	compatible_with	item_B01GA82Q16
item_B001AHDXT2	compatible_with	item_B0032FPQFO
item_B004M17L7S	compatible_with	item_B006JMK4MW
item_B01DA04J5S	compatible_with	item_B01DZWNBGY
item_B0002NYPC4	compatible_with	item_B00JULWJLI
item_B00E95996I	compatible_with	item_B00V2QXPK8
item_B000QTZNM0	compatible_with	item_B00M297DPC
item_B013W7M3XE	compatible_with	item_B01H0WUZBO
item_B00PC5FLO8	compatible_with	item_B019IBMJKU
item_B00W9E8FOI	compatible_with	item_B019GG7PFG
item_B00FF9H55O	compatible_with	item_B00XWUD32W
item_B00H2SPZPI	compatible_with	item_B00UAD74VA
item_B00Y1TPNKS	compatible_with	item_B01D9QYF7A
item_B00FXPRL5O	compatible_with	item_B01A16XYT6
item_B00B58FQ5K	compatible_with	item_B013ICG8DO
item_B007AK1MPU	compatible_with	item_B00VTVMJGW
item_B0183SZ1S6	compatible_with	item_B01FXZNPAS
item_B0019HYOLO	compatible_with	item_B017KXTWSA
item_B00JBRB2IC	compatible_with	item_B0186HXCSU
item_B00LE1C2V4	compatible_with	item_B0176CYPLE
item_B00ACIFL9U	compatible_with	item_B00XKXTJWO
item_B00MOU7FF2	compatible_with	item_B01C75XFGG
item_B001MBD93Q	compatible_with	item_B006NT7IOS
item_B00YBAQ89C	compatible_with	item_B01DIUCO7A
item_B007IV3MF4	compatible_with	item_B00NKWUHA8
item_B00Q2GQPK0	compatible_with	item_B0192BK6I8
item_B00K1LR7AE	compatible_with	item_B012XOO8UI
item_B00H34M6IU	compatible_with	item_B00PXSBBJI
item_B00F3Z858G	compatible_with	item_B00F9S84AQ
item_B00XKJ6ZUM	compatible_with	item_B01AX97URI
item_B00GK1NKS2	compatible_with	item_B00IT3CO86
item_B0156GCLD6	compatible_with	item_B0194IUE0E
item_B008X25S9U	compatible_with	item_B008X26P9C
item_B000SZM78A	compatible_with	item_B00DYVFS6I
item_B01E61CD1C	compatible_with	item_B01G0NXLN8
item_B0081KTPZC	compatible_with	item_B017MHDG1S
item_B006SFRJ7S	compatible_with	item_B00NNLP48Q
item_B00KRYL7CE	compatible_with	item_B00U1RIHQQ
item_B005A8D94G	compatible_with	item_B00MY8WSCO
item_B00R8O7VEE	compatible_with	item_B019JDHWHM
item_B003M35KAM	compatible_with	item_B00MGLMHHK
item_B00NKAYHVA	compatible_with	item_B01FNUPOF2
item_B001I15G4K	compatible_with	item_B01EY13KTI
item_B001TUZN6Q	compatible_with	item_B018YIF56S
item_B004WPHNBS	compatible_with	item_B00DVFWFKE
item_B00WH30N2I	compatible_with	item_B01DONFQ4Y
item_B00IJHIX3M	compatible_with	item_B019SAC0UU
item_B00X8QNJYC	compatible_with	item_B00XMZ45KQ
item_B00XXPMJKI	compatible_with	item_B00YCGXZ2I
item_B00UT1CY9A	compatible_with	item_B016EEPIUM
item_B00KCXQ3N8	compatible_with	item_B01GK8UPH8
item_B0008EOF0Y	compatible_with	item_B00I04GJO4
item_B0044UOBUW	compatible_with	item_B00A6R8IVA
item_B00O4DOA64	compatible_with	item_B00O4DVFP8
item_B009AO5MZK	compatible_with	item_B01FUMB2U4
item_B010CF776W	compatible_with	item_B016YKHXL8
item_B005X15DOO	compatible_with	item_B00NRC7N94
item_B000851FM4	compatible_with	item_B00JULWJLI
item_B0006SCZUE	compatible_with	item_B00XKXHMD2
item_B00HC7QA58	compatible_with	item_B019S38JJI
item_B00XKTZ08A	compatible_with	item_B01C4TKTZ0
item_B00NW6HC3C	compatible_with	item_B019IBMJKU
item_B00026395U	compatible_with	item_B00GE3H6MW
item_B0007UM6BE	compatible_with	item_B00JULWOOK
item_B00LE6UBDA	compatible_with	item_B019ARG85E
item_B00W9E8FOI	compatible_with	item_B01A9RP7WY
item_B011TWR7SA	compatible_with	item_B01EY8JJO6
item_B00JC2YXFK	compatible_with	item_B01GIJLZZK
item_B00WQ7HNG4	compatible_with	item_B01DCK4SW0
item_B01C6E7WR6	compatible_with	item_B01DF56UNW
item_B017V194DO	compatible_with	item_B01DU4ILGW
item_B000UPHME2	compatible_with	item_B0012N84YS
item_B00L5E0QTU	compatible_with	item_B01BGWYFHE
item_B00FLXDYU4	compatible_with	item_B00JZ1RKVC
item_B00MFQOJA4	compatible_with	item_B00QNAIJ4A
item_B0060KRJG2	compatible_with	item_B00XKXHMD2
item_B0002MNQMU	compatible_with	item_B00I04GJO4
item_B00139IETG	compatible_with	item_B003QOOK26
item_B00DMW4T8C	compatible_with	item_B00YZ56V7M
item_B00120R1K4	compatible_with	item_B019HHGR3K
item_B006UCX3MO	compatible_with	item_B00ARCWZZE
item_B00KRYL792	compatible_with	item_B00UPXZR14
item_B01BYUQO22	compatible_with	item_B01GCH9PF0
item_B00XKXHMD2	compatible_with	item_B01AT4KYM0
item_B00HFQSGX0	compatible_with	item_B00QNAIJ4A
item_B00024QWGK	compatible_with	item_B01H7EMBXK
item_B00JULWE54	compatible_with	item_B013RMMWMG
item_B000N8FJ82	compatible_with	item_B018I887MS
item_B01BBUIS0Q	compatible_with	item_B01CR580CU
item_B013SEP6FS	compatible_with	item_B016MZPXNU
item_B0013KKLF0	compatible_with	item_B001DNFAOO
item_B00284B5M8	compatible_with	item_B0184KZG0Q
item_B017OEW7DC	compatible_with	item_B017OF3MHG
item_B000FXSU5Y	compatible_with	item_B01A16XYT6
item_B00UYNHY0C	compatible_with	item_B01DLJOBNS
item_B000TGPR4O	compatible_with	item_B01H7EMBXK
item_B00VC1Z3RG	compatible_with	item_B01F8VL0UE
item_B016YKHXL8	compatible_with	item_B01C7PPU6O
item_B0051U16L6	compatible_with	item_B00ARH8CPG
item_B00LF0YN9S	compatible_with	item_B018I887MS
item_B00P0CHMYA	compatible_with	item_B017A82JKI
item_B0106TDO7U	compatible_with	item_B019752N26
item_B0038PFIZQ	compatible_with	item_B00XWUD32W
item_B004IZVDYK	compatible_with	item_B00ARH8C9M
item_B00ARH8C9M	compatible_with	item_B00DUDRJTO
item_B00Q4LZUW2	compatible_with	item_B01F44EHGO
item_B0118GN0LK	compatible_with	item_B017VCPEPK
item_B004I5KRK6	compatible_with	item_B01A16XYT6
item_B00K5MHETS	compatible_with	item_B00PXSBBJI
item_B00LIRYZSM	compatible_with	item_B00QGSJVZU
item_B00PXSBBJI	compatible_with	item_B011VFL5TM
item_B00NJ873Q4	compatible_with	item_B01EL4J3NK
item_B01F2R2D28	compatible_with	item_B01FCH2VK2
item_B008YWF7OU	compatible_with	item_B00LFWD8B0
item_B008X25S9U	compatible_with	item_B01F5SYO1W
item_B00RDVXJEI	compatible_with	item_B013PX67JG
item_B008ATAQ6G	compatible_with	item_B00L5E0QTU
item_B00CRMM548	compatible_with	item_B00XWUD32W
item_B00B58FQ5K	compatible_with	item_B00XLIGWPU
item_B00W1EDJXI	compatible_with	item_B013X04PDG
item_B00P62RD2A	compatible_with	item_B01CXPBSGE
item_B00FFKL0LS	compatible_with	item_B00M1TIYXS
item_B007OWNX0Q	compatible_with	item_B00XKXHMD2
item_B00LE1C2V4	compatible_with	item_B01DOND1G4
item_B00QHLYETY	compatible_with	item_B01942W59S
item_B003FSSP24	compatible_with	item_B00FGVZ7PQ
item_B006SRT1WC	compatible_with	item_B00XKXI3WG
item_B00CFU7C7C	compatible_with	item_B00K00UN66
item_B005DKRULO	compatible_with	item_B01DUQUIG6
item_B003SS2LLM	compatible_with	item_B01H9J0RB6
item_B00AO5NOQ8	compatible_with	item_B0156GCLD6
item_B006BJFPWM	compatible_with	item_B00HTAT6Y0
item_B0104HPNPU	compatible_with	item_B01E2DKX66
item_B00R8CTCF2	compatible_with	item_B00XKXHMD2
item_B00RLEA7BU	compatible_with	item_B00V84SHIE
item_B00NT0Z7HO	compatible_with	item_B00PF0QL4Y
item_B008YWF7OU	compatible_with	item_B01AK98V6A
item_B0007YXUWO	compatible_with	item_B012XOO8UI
item_B000JVMG4I	compatible_with	item_B003G53VSO
item_B00IY8MNSW	compatible_with	item_B0123S58R6
item_B0065MR7CQ	compatible_with	item_B019HHGR3K
item_B00PXSBGR0	compatible_with	item_B00PXSX8SA
item_B000LUU6T4	compatible_with	item_B00HWF7JZ0
item_B00HIIVOZ2	compatible_with	item_B00NQJ5LAQ
item_B00BMDA36K	compatible_with	item_B013OVICL0
item_B00EXPUNOG	compatible_with	item_B019752N26
item_B005GQAN6Y	compatible_with	item_B00XKXHMD2
item_B005HO2CYQ	compatible_with	item_B00C3XMHOO
item_B017OEW7DC	compatible_with	item_B017OXGBB2
item_B013LC7JUM	compatible_with	item_B019MDWF76
item_B002E6LPU2	compatible_with	item_B01F3TSCTS
item_B010CZCYPQ	compatible_with	item_B012P2FLA4
item_B015U1MC3G	compatible_with	item_B017G4TMD8
item_B001L0ZL16	compatible_with	item_B00FXPRL5O
item_B000LNEEGM	compatible_with	item_B00KDSUZHC
item_B00XXPNFME	compatible_with	item_B01GUXR7YM
item_B00FRGGZ42	compatible_with	item_B00MVWZZF0
item_B00E6MZJ7W	compatible_with	item_B00E6MZJAE
item_B0065ECGKM	compatible_with	item_B01AIQRKCQ
item_B01DQCBV3S	compatible_with	item_B01DY0XWFW
item_B00E5UHN4M	compatible_with	item_B018I887MS
item_B00VTVA3KG	compatible_with	item_B00XWUD32W
item_B00JBXO0EO	compatible_with	item_B01H43C026
item_B00KE8HBDM	compatible_with	item_B0153AR7DE
item_B00FL1LTVM	compatible_with	item_B01FA0DBAA
item_B009W1HTP2	compatible_with	item_B00W3HY108
item_B014HMWU40	compatible_with	item_B01AP40M7G
item_B01FFD5FLA	compatible_with	item_B01GO0VDQO
item_B00PA14KNM	compatible_with	item_B00Y9MH16G
item_B007BZ5CUA	compatible_with	item_B00FEMK2V6
item_B00XXPNFME	compatible_with	item_B01FWOMBPU
item_B004I764VA	compatible_with	item_B005GV8RZ8
item_B00QVCSFC6	compatible_with	item_B01AAJWV70
item_B00B58FQ5K	compatible_with	item_B00SX5IQQ4
item_B00LKW2RQC	compatible_with	item_B00Y953C66
item_B007I0KWMQ	compatible_with	item_B00QNAIJ4A
item_B00V84SHIE	compatible_with	item_B01H3ECSP0
item_B0135IFXG4	compatible_with	item_B0199DTGBC
item_B00XXPMJKI	compatible_with	item_B01H2JOCKA
item_B002BUTCIS	compatible_with	item_B00Q4LZUW2
item_B007N1BVKM	compatible_with	item_B01240158Y
item_B004I764VA	compatible_with	item_B00594V312
item_B0002FHILW	compatible_with	item_B005MJTT0G
item_B0007RR5S6	compatible_with	item_B00ZFQU73O
item_B00B5MHRLW	compatible_with	item_B01FX3ZSWI
item_B00CL8M6HE	compatible_with	item_B00TSR5CS6
item_B005HAR9MK	compatible_with	item_B00XKXHMD2
item_B00ANX1K80	compatible_with	item_B00KWKXO9C
item_B005W0LPYS	compatible_with	item_B00V84SHIE
item_B00PSHH9N6	compatible_with	item_B00VTTOGHE
item_B00QGSJVZU	compatible_with	item_B00X3S2ES2
item_B010I9UX1S	compatible_with	item_B013NGSC1G
item_B00KXU16SW	compatible_with	item_B01EYBEJNY
item_B013M6QQQU	compatible_with	item_B017JHA2GS
item_B01DCK4SW0	compatible_with	item_B01EYLK81G
item_B0057Y5DXI	compatible_with	item_B00PXSBGR0
item_B0013E76CW	compatible_with	item_B00JULWE54
item_B000IBJ3WW	compatible_with	item_B00FXPRJWO
item_B00ST02UL0	compatible_with	item_B00XKSI06U
item_B0018OOF6M	compatible_with	item_B00SXYMA0S
item_B00QGSJVZU	compatible_with	item_B00X7FOENO
item_B00FBD2H0W	compatible_with	item_B00KBZOB40
item_B008YCR4ZK	compatible_with	item_B00PXSBC1U
item_B000OPGSUW	compatible_with	item_B012XOO8UI
item_B00597LPR6	compatible_with	item_B00XXPMJKI
item_B00AEMRYQW	compatible_with	item_B01799BX28
item_B010L2J6CO	compatible_with	item_B012V8CPJC
item_B00O4DOA64	compatible_with	item_B00O4DWD90
item_B00NE4YJVK	compatible_with	item_B01G7TXFU4
item_B00EZ895Z4	compatible_with	item_B016YRTP0S
item_B0012G6KX2	compatible_with	item_B01GK1CF6O
item_B00JMO3GTM	compatible_with	item_B00O4DOA64
item_B0018OPX18	compatible_with	item_B00SMJHB6C
item_B00FXPRL5O	compatible_with	item_B00VRF3XCY
item_B01AU3XZ5S	compatible_with	item_B01GO0VDQO
item_B005GQESI8	compatible_with	item_B00PXSBGOI
item_B0085HC62U	compatible_with	item_B00I04GJO4
item_B01DBGJDYI	compatible_with	item_B01F9XUV6A
item_B00FZE1I0W	compatible_with	item_B017VCP9NW
item_B0031KL1MC	compatible_with	item_B00KYM1DBE
item_B00FXPRJWO	compatible_with	item_B00NUB54UW
item_B00AEA0O4S	compatible_with	item_B00PPBXQUK
item_B00O5I1W3M	compatible_with	item_B01B63W41M
item_B00HGIUE2S	compatible_with	item_B00W9P2FLQ
item_B00PXSBBJI	compatible_with	item_B00PXSBMG0
item_B000RZRRSG	compatible_with	item_B00Z5OMBTO
item_B00KB3L17W	compatible_with	item_B00SMPMKGM
item_B00WHF3E6S	compatible_with	item_B015Z4IM5A
item_B003D5W3T0	compatible_with	item_B00XKXHMD2
item_B00O70UZ3Q	compatible_with	item_B00YZJZTYO
item_B00TKVQM7K	compatible_with	item_B018TKCXG6
item_B00B1P3U9G	compatible_with	item_B00Z5OMBTO
item_B006LRY9K8	compatible_with	item_B00VHVK4W0
item_B016LJ4J7S	compatible_with	item_B018837OPE
item_B007FHDSF0	compatible_with	item_B00Z5OMBTO
item_B00FXLCUPO	compatible_with	item_B00KPP6IM4
item_B00O99COH0	compatible_with	item_B016PWILXY
item_B00XKJ6ZUM	compatible_with	item_B01DI3Z3MK
item_B0051U15VW	compatible_with	item_B00XWUD32W
item_B00FASLXHG	compatible_with	item_B018YIF56S
item_B00AZHQM5U	compatible_with	item_B00W3HY108
item_B003MDDRM0	compatible_with	item_B00ACIFLBI
item_B007AK1MPU	compatible_with	item_B00H7KZ6X2
item_B00HQQNMEW	compatible_with	item_B01B3ISSBK
item_B00Y9MH16G	compatible_with	item_B01DR117FA
item_B000SZM78A	compatible_with	item_B00BYWB6JM
item_B00NKLPMA4	compatible_with	item_B00V84SHIE
item_B0151E6OVI	compatible_with	item_B01FKL94WI
item_B00FM08PHI	compatible_with	item_B00NASDG7I
item_B00QGSJVZU	compatible_with	item_B00X3S1IMK
item_B00XZ3EF0U	compatible_with	item_B01EB5PNB0
item_B00D68YERI	compatible_with	item_B012XOO8UI
item_B000MARQFA	compatible_with	item_B0091CC1OG
item_B00LVUTF4U	compatible_with	item_B01CU3GN0A
item_B00PL44P24	compatible_with	item_B00PL45258
item_B00I9EM0IE	compatible_with	item_B01DUQKRPI
item_B00VHVK4W0	compatible_with	item_B00XDXGTY2
item_B0064YY0D4	compatible_with	item_B00UFBHJ4O
item_B004RC9MGA	compatible_with	item_B006SFRJ7S
item_B01CO8MZYE	compatible_with	item_B01H30LCP6
item_B009B1TRXU	compatible_with	item_B00S5Y3P50
item_B01DZ9HZWI	compatible_with	item_B01GO0VDQO
item_B000UWHZMY	compatible_with	item_B00FWJRV3S
item_B000WLPWAK	compatible_with	item_B009B14SA2
item_B00B1H2BTE	compatible_with	item_B00SZ0A4H6
item_B00HHKSVB6	compatible_with	item_B01F8VL0UE
item_B0065ECGKM	compatible_with	item_B00V84SHIE
item_B00NE4YB36	compatible_with	item_B00WHF3E6S
item_B019SEQD7W	compatible_with	item_B019X2NGF6
item_B00LCJP40E	compatible_with	item_B01DWRO0VM
item_B00B4QPAAO	compatible_with	item_B00V84SHIE
item_B00O70UZ3Q	compatible_with	item_B01FNLWFGM
item_B00C45ZGOE	compatible_with	item_B011S36MI6
item_B00XKXHMD2	compatible_with	item_B01AXHBH0Q
item_B018YIF56S	compatible_with	item_B01BLC0R26
item_B007N1BVKM	compatible_with	item_B014CDPXNY
item_B00SJT4NH0	compatible_with	item_B01D1R3O1U
item_B00R4TJJOS	compatible_with	item_B013X04PDG
item_B00BZ5AADG	compatible_with	item_B011LTPIQO
item_B00NJ873Q4	compatible_with	item_B01FA5CP48
item_B00NJ873Q4	compatible_with	item_B0115I5UGO
item_B0192BK6I8	compatible_with	item_B01B6P3VLM
item_B0070NUCN0	compatible_with	item_B00KBZOB40
item_B00KCXQ3N8	compatible_with	item_B01F7YUA8A
item_B00MBMWJZE	compatible_with	item_B017MHDG1S
item_B0038VTF6I	compatible_with	item_B011LTPIQO
item_B000QWGYW0	compatible_with	item_B003OCPHA4
item_B00MJU0E6E	compatible_with	item_B014IEMZ10
item_B00W9E8FOI	compatible_with	item_B0196IMIVK
item_B00AX8P1QW	compatible_with	item_B0135IFXG4
item_B00QGSJVZU	compatible_with	item_B01EMLQPE2
item_B00FNR2FOY	compatible_with	item_B01D87J7IM
item_B00719ZPQM	compatible_with	item_B00KBZOB40
item_B00IY8440W	compatible_with	item_B00Q4LZUW2
item_B007BL1KF0	compatible_with	item_B00GW94RWA
item_B000KK0ONI	compatible_with	item_B00KBZOB40
item_B0122O03Y4	compatible_with	item_B01B3HP24W
item_B007MU48SG	compatible_with	item_B012XZ5LBW
item_B0131JMSCE	compatible_with	item_B01BLONHSA
item_B002JIO2L4	compatible_with	item_B019QX3ANK
item_B00V4DG42K	compatible_with	item_B00YRR6MX6
item_B00X50ADU4	compatible_with	item_B00XXPNFME
item_B00KRYL7CE	compatible_with	item_B00SJT4NH0
item_B00XWUD32W	compatible_with	item_B01HINJ9GC
item_B000FXSTHS	compatible_with	item_B00ARCWZZE
item_B00S9X6UUO	compatible_with	item_B019HHGR3K
item_B001MS885I	compatible_with	item_B00OV4840E
item_B0010B1APM	compatible_with	item_B0018OOF6M
item_B005GV96BC	compatible_with	item_B012P2FLA4
item_B007EHZ4DA	compatible_with	item_B00XXPMJKI
item_B00V84SHIE	compatible_with	item_B01GKUI6S6
item_B019DFQ83A	compatible_with	item_B01G1PCB5Y
item_B002JIO2L4	compatible_with	item_B00TKPBM4E
item_B005W0LPYS	compatible_with	item_B00HWFCL8U
item_B00WARVH0S	compatible_with	item_B00XKXHMD2
item_B00O91ULTG	compatible_with	item_B01686BLDY
item_B000FBKYV4	compatible_with	item_B01B3ISSBK
item_B0026NEAAK	compatible_with	item_B00V84SHIE
item_B013U19G3M	compatible_with	item_B01A9RP7WY
item_B00UI6P38U	compatible_with	item_B010LWWUKE
item_B00589DHLC	compatible_with	item_B007AK1L9W
item_B009B1TRXU	compatible_with	item_B00BJFKS5W
item_B003WOL168	compatible_with	item_B00APXN95U
item_B00DD1Z4EK	compatible_with	item_B00KKV2MW8
item_B00K5KNKK2	compatible_with	item_B00KBZOB40
item_B004I764VA	compatible_with	item_B007S9UYZW
item_B006SFRJ7S	compatible_with	item_B006SRT0V4
item_B00K00U4IS	compatible_with	item_B01C3NDGT8
item_B00FFBIAQA	compatible_with	item_B00XXPMJKI
item_B00NVS40D6	compatible_with	item_B013OVICL0
item_B00I39JPXS	compatible_with	item_B00SV7BNTG
item_B00UEQ8QCE	compatible_with	item_B01ELP583I
item_B00ZZR2E6G	compatible_with	item_B010HDQUI0
item_B00X7BQFPS	compatible_with	item_B017WWTSO2
item_B013E0HGEA	compatible_with	item_B01FM35FX6
item_B01AOCTAYU	compatible_with	item_B01BDI4VZM
item_B0009YD97I	compatible_with	item_B01DUQKRPI
item_B00B58FQ5K	compatible_with	item_B013E087AM
item_B0001YRCVK	compatible_with	item_B00B81I7HI
item_B014MCFM4K	compatible_with	item_B017K683X2
item_B00QVAMERU	compatible_with	item_B01HJ378QY
item_B00MN7REHA	compatible_with	item_B010SPEM8M
item_B002QB0UTW	compatible_with	item_B00WW6YJG6
item_B00NQEWDC0	compatible_with	item_B01H7EMBXK
item_B006SFRKP4	compatible_with	item_B00GBQHZIW
item_B00O7WDZQS	compatible_with	item_B00S15AZMO
item_B0009YL20E	compatible_with	item_B004VHKKVW
item_B002DETQOW	compatible_with	item_B00XKXHMD2
item_B00DG7FF4U	compatible_with	item_B0198YXSUW
item_B00WW6YJG6	compatible_with	item_B0192Y6TPY
item_B00O2UCPBQ	compatible_with	item_B00VYV88AI
item_B002ZLOH60	compatible_with	item_B00SMJHB9Y
item_B008J0BM1E	compatible_with	item_B00OB8VXNK
item_B00VZ2J0B2	compatible_with	item_B019SS7LE2
item_B01EW3CU4O	compatible_with	item_B01G0NXLN8
item_B00XJS5XFM	compatible_with	item_B00YV599MK
item_B00193MFLY	compatible_with	item_B00ACIFH8U
item_B00F9S7380	compatible_with	item_B00F9S84AQ
item_B00ACIFP5U	compatible_with	item_B00FBD2EB4
item_B019JJ57YG	compatible_with	item_B01E2DKX66
item_B00JJ73ANO	compatible_with	item_B00PXSBC1U
item_B00B58FQ5K	compatible_with	item_B00FQ8Y0R0
item_B00F5VGHCY	compatible_with	item_B00XKXHMD2
item_B011LTPIQO	compatible_with	item_B01G8ZHTRC
item_B012XOO8UI	compatible_with	item_B01AS08HCY
item_B016OT9B8C	compatible_with	item_B01GICGKA2
item_B00VANRPWW	compatible_with	item_B0170MI3TU
item_B013W24P8K	compatible_with	item_B017LQGXVA
item_B0032G5ATU	compatible_with	item_B00HRNU3B4
item_B01E2DKX66	compatible_with	item_B01E7EO1T0
item_B004X9090K	compatible_with	item_B01DDDAAJ6
item_B00GOMDGOA	compatible_with	item_B00H8QYTRO
item_B00QGSJVZU	compatible_with	item_B01DDMR7QG
item_B000EUD0OO	compatible_with	item_B0012N84YS
item_B00B58FQ5K	compatible_with	item_B00KM8GXL0
item_B0012FNQJO	compatible_with	item_B00PXSBBJI
item_B000UMJB0S	compatible_with	item_B00Q4LZUW2
item_B00OHVS3YI	compatible_with	item_B01DCK4SW0
item_B000WG4G3E	compatible_with	item_B00XKXI3WG
item_B00XKXHMD2	compatible_with	item_B00YHZ1558
item_B01C3CV1P0	compatible_with	item_B01COL8S1A
item_B0065ECGKM	compatible_with	item_B00I39JPTM
item_B00Q0BHE16	compatible_with	item_B01BE62MPY
item_B0013EDCFM	compatible_with	item_B00B58FQ5K
item_B00FXLCUPO	compatible_with	item_B00R5RK6ZU
item_B005X07L3Q	compatible_with	item_B00603WQ9O
item_B01DLC1DJK	compatible_with	item_B01H3EALMM
item_B0000ZFIZC	compatible_with	item_B00DMW4T8C
item_B004I766BS	compatible_with	item_B016LJ4TDM
item_B00856LGN6	compatible_with	item_B013W7M3XE
item_B00B58FQ5K	compatible_with	item_B00GJ9L7SA
item_B0009MH2Q4	compatible_with	item_B00HIZKH7G
item_B01H6DY7BQ	compatible_with	item_B01HBE0N8Q
item_B004CO6PY0	compatible_with	item_B00BCBD5SA
item_B00U3792OU	compatible_with	item_B0161GA5FG
item_B004K3AHGU	compatible_with	item_B00X6FKXGW
item_B00K8O6X6I	compatible_with	item_B00W9E8FOI
item_B00PSHH9N6	compatible_with	item_B01F8VL0UE
item_B01ESQPHWW	compatible_with	item_B01F9XUV6A
item_B00L5E0NQG	compatible_with	item_B00PYSDJVK
item_B01DKMMUY8	compatible_with	item_B01EYBC6L6
item_B00ABDGGRC	compatible_with	item_B00HN2PEYK
item_B00MX8LD0S	compatible_with	item_B017D0803I
item_B002Y38LY8	compatible_with	item_B00X9HIFIA
item_B00JUO33XS	compatible_with	item_B01DDDAAJ6
item_B000Q2AKP2	compatible_with	item_B00CBE1N86
item_B0166O2TDY	compatible_with	item_B01A9RP7WY
item_B00JC2YXFK	compatible_with	item_B00JWURWWI
item_B00MQJUHII	compatible_with	item_B01BSEQNP2
item_B001D3GRCI	compatible_with	item_B004LWZR38
item_B00LG6DAFO	compatible_with	item_B00VJL4Y1A
item_B00O70UZ3Q	compatible_with	item_B01F0OR8JG
item_B00ZWWHGDU	compatible_with	item_B015H4F5HQ
item_B005GV4K6I	compatible_with	item_B016LJ4GBM
item_B008YWF7OU	compatible_with	item_B00XH7J194
item_B002A9JX66	compatible_with	item_B018YIF56S
item_B00J3XHPLM	compatible_with	item_B014QXRVNK
item_B00FFKL0LS	compatible_with	item_B00NB4LZME
item_B0182G3RB2	compatible_with	item_B018JJKXXM
item_B00PJIOAV8	compatible_with	item_B01DPFZRXQ
item_B01DR117FA	compatible_with	item_B01ET0FM3Q
item_B003NGLL0G	compatible_with	item_B00XXPMJKI
item_B00O70UZ3Q	compatible_with	item_B01DZKLOAQ
item_B00QP21470	compatible_with	item_B0156GCLD6
item_B005GQAFEY	compatible_with	item_B00BRDBCMO
item_B016LJ4GBM	compatible_with	item_B01BLVDH6A
item_B00P1U4GLS	compatible_with	item_B01G2OOI2I
item_B0177RENBA	compatible_with	item_B01FQS7RSS
item_B000V9ME6S	compatible_with	item_B013I9KNV0
item_B01B3HP24W	compatible_with	item_B01F2NZAPO
item_B00JBXO0EO	compatible_with	item_B00PZA7Z12
item_B0017SKHCU	compatible_with	item_B0085TF7DS
item_B00505DPSO	compatible_with	item_B00E9E1CDC
item_B00YSRM4SW	compatible_with	item_B019DFQ83A
item_B00LKW2RQC	compatible_with	item_B00NPKU05W
item_B0166BU7T0	compatible_with	item_B01AJMB14C
item_B004I7BKZ0	compatible_with	item_B01B3ISY46
item_B001A3ZF7Y	compatible_with	item_B00B58FQ5K
item_B00F3SJQ72	compatible_with	item_B0154G0WBQ
item_B019S0UZXE	compatible_with	item_B01B3ISSBK
item_B00FXPRL5O	compatible_with	item_B00SC1ABYO
item_B00KIDBKXA	compatible_with	item_B0138XYQG4
item_B00YVXPLUG	compatible_with	item_B01H43GCA2
item_B004I766BS	compatible_with	item_B007S9UYZW
item_B001MBD93Q	compatible_with	item_B013MDEIYA
item_B00604PKWI	compatible_with	item_B00F3SJQ72
item_B00O70UZ3Q	compatible_with	item_B01711AFIM
item_B00WGUKCNW	compatible_with	item_B00ZAIILVC
item_B00YEDR4LM	compatible_with	item_B015S961PK
item_B00BG34F0G	compatible_with	item_B00O8DY1TG
item_B013G75M06	compatible_with	item_B01H3EALTK
item_B00KIZM50U	compatible_with	item_B00NQJ5LAQ
item_B00GUBHBRS	compatible_with	item_B01G2OOI2I
item_B00YPDO42S	compatible_with	item_B014Y8R8UI
item_B00HOA8WK4	compatible_with	item_B011LTPIQO
item_B00EVLTJN8	compatible_with	item_B00F4NHQR8
item_B00SZFKPXE	compatible_with	item_B00X9HIFIA
item_B012P2GS6K	compatible_with	item_B0131JMN10
item_B019IBMJKU	compatible_with	item_B01F3LYVO6
item_B003U59DGY	compatible_with	item_B00FNR2FOY
item_B00KV9W3Q4	compatible_with	item_B00W9E8FOI
item_B0030MIIR2	compatible_with	item_B00JULWE54
item_B0061JNNHQ	compatible_with	item_B017V194DO
item_B0064YY0D4	compatible_with	item_B0064YYEI0
item_B00TKH9Q90	compatible_with	item_B01H3EALTK
item_B00EQ5X1TM	compatible_with	item_B015SSQCO6
item_B00QNAIJ4A	compatible_with	item_B01AMS0428
item_B01ALPBI9A	compatible_with	item_B01B3HP24W
item_B002BW99FM	compatible_with	item_B00IL3NRRG
item_B00NASDGCI	compatible_with	item_B01EMLQPE2
item_B00BGO5EO6	compatible_with	item_B00DMW4T8C
item_B013X04PDG	compatible_with	item_B01478Q4VE
item_B00N4N2IGO	compatible_with	item_B00YSAV8DG
item_B00M9NJ7HI	compatible_with	item_B011LTPIQO
item_B00XMY70KY	compatible_with	item_B01CR580CU
item_B00160GPES	compatible_with	item_B00H2SPZPI
item_B01BN4F3OO	compatible_with	item_B01FE7HRSQ
item_B00B98Y0MQ	compatible_with	item_B012BOQ632
item_B00KDDUPCM	compatible_with	item_B00Z5OMBTO
item_B002CSZHGA	compatible_with	item_B01F324FMI
item_B00XXPNFME	compatible_with	item_B01C7SKSH2
item_B000VANDDU	compatible_with	item_B00NGPM7F2
item_B00K17LRYA	compatible_with	item_B01DJP6MTA
item_B0002TOZ1E	compatible_with	item_B00Y1KZ5HI
item_B00DMW4T8C	compatible_with	item_B00E68UG10
item_B00VZ9F7NK	compatible_with	item_B01EJ0VI02
item_B008KSSJFC	compatible_with	item_B00ZE87NFS
item_B00064CERC	compatible_with	item_B018MRRKR8
item_B00QQ4WN1S	compatible_with	item_B017ULEI9U
item_B010E89DI2	compatible_with	item_B014XC8VXI
item_B0166BU7T0	compatible_with	item_B01HH97AHC
item_B00B4WQJG2	compatible_with	item_B01ET9QYXO
item_B00842Z7IG	compatible_with	item_B01E2S8EMG
item_B008X25QJM	compatible_with	item_B008X27GYU
item_B0132K8X08	compatible_with	item_B016LJ4GBM
item_B00FXPRL5O	compatible_with	item_B00JF0K2M2
item_B0072J71L8	compatible_with	item_B0072J7XTI
item_B00FRVL6FU	compatible_with	item_B01FUMB2U4
item_B008I954QU	compatible_with	item_B00SZ0A4H6
item_B00028AVDG	compatible_with	item_B00KYM1DBE
item_B007T4WSJQ	compatible_with	item_B019XHBFS6
item_B00C9WDY3W	compatible_with	item_B00C9WETJU
item_B00VSBMLPM	compatible_with	item_B01ASLRRGU
item_B00398R5XA	compatible_with	item_B011LTPIQO
item_B0053O1O7Q	compatible_with	item_B005LLLEAI
item_B001GS9G0U	compatible_with	item_B00FXPRL5O
item_B00WVRSRSM	compatible_with	item_B018I887MS
item_B00GTJJ0CU	compatible_with	item_B01DZKLOAQ
item_B001BZ2I44	compatible_with	item_B00X9HIFIA
item_B01CHFI8MW	compatible_with	item_B01FKL94WI
item_B00N1Z8FUS	compatible_with	item_B01DY0XWFW
item_B00IAVUEBG	compatible_with	item_B00O5I1W3M
item_B00XZ3EF0U	compatible_with	item_B0172T50RO
item_B00H2SUHDI	compatible_with	item_B0118XFD4A
item_B00V5QFKWG	compatible_with	item_B00XWUD32W
item_B0183SZ1S6	compatible_with	item_B018Q45OI4
item_B00M7VGHGG	compatible_with	item_B00TDC3L4I
item_B004S0SF0U	compatible_with	item_B018YIF56S
item_B005BEERSG	compatible_with	item_B00HGIUE2S
item_B013FXWZ9C	compatible_with	item_B016LJ4GBM
item_B016YKHX1S	compatible_with	item_B01ES46P8E
item_B00QC5QW18	compatible_with	item_B01EHU2SLC
item_B00AMPZEQ8	compatible_with	item_B00VHVK4W0
item_B01590NY2Q	compatible_with	item_B017D0803I
item_B00CQMLCAC	compatible_with	item_B00O72IPCC
item_B0018OOF6M	compatible_with	item_B011NVCV2Y
item_B00078ZTLU	compatible_with	item_B00B58FQ5K
item_B0055NSFXG	compatible_with	item_B00B58FQ5K
item_B00N2LV1PC	compatible_with	item_B00ZYYVV3C
item_B008AEVF9S	compatible_with	item_B00NQJ5LAQ
item_B00AYCZCTI	compatible_with	item_B01H3IRPF4
item_B00F3SJQ72	compatible_with	item_B00K1AIQDW
item_B0114MU2V4	compatible_with	item_B0114MUBCE
item_B00RCKUFF6	compatible_with	item_B01B9DGSFM
item_B00CHNMU1U	compatible_with	item_B00FXPRJWO
item_B0026NEG1I	compatible_with	item_B00XKXHMD2
item_B0009YL20E	compatible_with	item_B01FT7GIUO
item_B005AZ6TZK	compatible_with	item_B00B58FQ5K
item_B0094KCBBS	compatible_with	item_B015G5SQ4A
item_B00KGI1TR4	compatible_with	item_B00NJ873Q4
item_B00VJAI0V6	compatible_with	item_B01BHKUB5A
item_B0072J71LI	compatible_with	item_B018CKEW4O
item_B0031U0PME	compatible_with	item_B00XKXHMD2
item_B00LTSLJMK	compatible_with	item_B01615AOI0
item_B00NK7VWL6	compatible_with	item_B013W7M3XE
item_B00OPQ3FWA	compatible_with	item_B01DUQKRPI
item_B00SMJHB6C	compatible_with	item_B00V9TZIQM
item_B00JWP90H8	compatible_with	item_B01FRGKIZI
item_B009ZHANE2	compatible_with	item_B00HO0AA9K
item_B00CN4RJA0	compatible_with	item_B01B3ISSBK
item_B001UJB43C	compatible_with	item_B00AZEETXU
item_B00SSW1D26	compatible_with	item_B013GOYODK
item_B00K1BV7CI	compatible_with	item_B00QCCIZ2U
item_B01AYQY8RU	compatible_with	item_B01FOK8BZQ
item_B0002NYN44	compatible_with	item_B00O12LOLC
item_B000HE6I3W	compatible_with	item_B00APXN95U
item_B00NT0Z7HO	compatible_with	item_B019YNHJ1Q
item_B00KA3VX62	compatible_with	item_B01DPFZRXQ
item_B019QYXFKC	compatible_with	item_B01H30LCP6
item_B00SQORTF6	compatible_with	item_B01ERUYJ5K
item_B0009UL0RI	compatible_with	item_B0055QMTHQ
item_B000PHQIE0	compatible_with	item_B00LVJ9V3G
item_B0155BAQIE	compatible_with	item_B01BGWYFE2
item_B00GKHVTRU	compatible_with	item_B00XKSI06U
item_B017LRFCN4	compatible_with	item_B017LTOC6K
item_B000GA4ESI	compatible_with	item_B00PXSBGOI
item_B004S0SE4C	compatible_with	item_B01DUQKRPI
item_B017MM13SQ	compatible_with	item_B01DOFVECK
item_B00QNAIJ4A	compatible_with	item_B01ACRFRSK
item_B007BZ5CUA	compatible_with	item_B00HUOESU2
item_B00UWTDKZQ	compatible_with	item_B01CNNTDD6
item_B000H6AB3S	compatible_with	item_B00JULWJLI
item_B00N2LV1PC	compatible_with	item_B01G69I6XG
item_B00F3SJQ72	compatible_with	item_B010EGUS6K
item_B00WIS3ER8	compatible_with	item_B011TAY5J6
item_B007N1BVL6	compatible_with	item_B00O2KA79I
item_B01F093QQU	compatible_with	item_B01HH7C3OY
item_B00VUE6IP6	compatible_with	item_B01DZKLOAQ
item_B00VWJ149O	compatible_with	item_B018SRR0N6
item_B000TGPR4O	compatible_with	item_B001CISJAW
item_B00MBI7NNG	compatible_with	item_B0143WCWTC
item_B000TQ8A2K	compatible_with	item_B00LE1C2V4
item_B00VNHMDOU	compatible_with	item_B01DB9WT4Q
item_B00A10HLGA	compatible_with	item_B00I14WP78
item_B0020BVU60	compatible_with	item_B01CHQKYPK
item_B00A7Y45QY	compatible_with	item_B00XKXHMD2
item_B013E0HGEA	compatible_with	item_B01GU62EJM
item_B01EJIRYFM	compatible_with	item_B01F4NMTGA
item_B00VUE6IP6	compatible_with	item_B01ESQPHWW
item_B00KUL440G	compatible_with	item_B01H5M6SO2
item_B00JULWE54	compatible_with	item_B00KRZIJCE
item_B004UUED5E	compatible_with	item_B01A567MNG
item_B0166BU7T0	compatible_with	item_B01A94EA0M
item_B00VX2JIJ8	compatible_with	item_B018SRR0N6
item_B00H3YCWOI	compatible_with	item_B01B3ISSBK
item_B00404301I	compatible_with	item_B00ZVJB2BQ
item_B00P53L9OI	compatible_with	item_B0152R74K4
item_B00O70UZ3Q	compatible_with	item_B01F7FNHJI
item_B00374NI8M	compatible_with	item_B00LE1C2V4
item_B0148DGDG4	compatible_with	item_B0156GCLD6
item_B00K7I1DYW	compatible_with	item_B00XHQYX70
item_B00FXLCUPO	compatible_with	item_B01FYBQNLY
item_B00B58FQ5K	compatible_with	item_B00KMW2AZO
item_B00ZXRD548	compatible_with	item_B01H3EALTK
item_B00CHNNKJQ	compatible_with	item_B00FXPRL5O
item_B00HHKSSTG	compatible_with	item_B00RGWU7E4
item_B001LNWCGU	compatible_with	item_B016YKHX1S
item_B000OVHWEW	compatible_with	item_B01HDWZ8O0
item_B006XX4QGM	compatible_with	item_B00W3HY108
item_B001B9XI3A	compatible_with	item_B00V4FM4KY
item_B006NT7HKI	compatible_with	item_B00XKXI2D6
item_B00KXU16SW	compatible_with	item_B00NV72J30
item_B00B58FQ5K	compatible_with	item_B00WX5KV4K
item_B000OBVIGU	compatible_with	item_B01EKZS3K4
item_B007HSCKOW	compatible_with	item_B00I14WP78
item_B007BZ5FTS	compatible_with	item_B00FEMK2V6
item_B00NASDGCI	compatible_with	item_B00RW5FVZA
item_B00VJZGGFI	compatible_with	item_B0123M88WE
item_B00DMW4T8C	compatible_with	item_B00TPOJX8C
item_B0020HRYZA	compatible_with	item_B00XWUD32W
item_B0036USVO8	compatible_with	item_B00FBD2G1C
item_B00936T94K	compatible_with	item_B01DUQKRPI
item_B00QNAIJ4A	compatible_with	item_B00Y9MARDA
item_B00KBZO8WA	compatible_with	item_B00PXSBBJI
item_B0092X0R40	compatible_with	item_B016CIVIPO
item_B00JULWJLI	compatible_with	item_B00O9YLZK2
item_B017698176	compatible_with	item_B01H6DY7BQ
item_B005GQ9B8U	compatible_with	item_B017CTN32I
item_B005QT55QO	compatible_with	item_B00HRNU3B4
item_B00KW9CSWC	compatible_with	item_B01H3EALMM
item_B00YEDR4LM	compatible_with	item_B01CP1HHFC
item_B00877BAIY	compatible_with	item_B00KRYL7CE
item_B00NB3ZXR8	compatible_with	item_B00W3KGERS
item_B00J4ST5NW	compatible_with	item_B012P2FLA4
item_B00DE0MXAS	compatible_with	item_B00PXSBC1U
item_B0018OM21C	compatible_with	item_B00SMJHB6C
item_B00CC3LRVE	compatible_with	item_B00ZQ3UCO0
item_B019SAC0UU	compatible_with	item_B01E0FQPNG
item_B0115KIWSA	compatible_with	item_B01H1I9VEY
item_B00ACIFP5U	compatible_with	item_B00E4I4XS4
item_B005HO2CYG	compatible_with	item_B01DJHQPHC
item_B00FBD2H0W	compatible_with	item_B01ES40DAU
item_B00VLO63TQ	compatible_with	item_B014CSCTHC
item_B00D8VA83W	compatible_with	item_B017WSG1QY
item_B013X04PDG	compatible_with	item_B016MZPXNU
item_B00APXN95U	compatible_with	item_B01ES3VFLM
item_B00FGCJZZS	compatible_with	item_B00KXU16SW
item_B00NQJ5LAQ	compatible_with	item_B00OOL67Y4
item_B00IYIENWQ	compatible_with	item_B00XBBAV2C
item_B00QTKTJT8	compatible_with	item_B00XWUD32W
item_B01CTNFTVA	compatible_with	item_B01ESQPHWW
item_B00A9RD91G	compatible_with	item_B00HRNU3B4
item_B00957XX1M	compatible_with	item_B00XWUD32W
item_B000BWLW68	compatible_with	item_B010B4BWLK
item_B00JC2YXFK	compatible_with	item_B015H05976
item_B00PV35L3M	compatible_with	item_B00V3IJCWA
item_B00DIX5SVM	compatible_with	item_B00NQJ5LAQ
item_B00KXD81NC	compatible_with	item_B01H3CSYOQ
item_B015JGVV70	compatible_with	item_B01C3MYJMC
item_B00LG6GPLK	compatible_with	item_B00OEEO0O0
item_B00YVD1I4E	compatible_with	item_B01H3CSYOQ
item_B00F3SJQ72	compatible_with	item_B00XURPNB6
item_B005GVDJU6	compatible_with	item_B015G5SQ4A
item_B00YV6FL9E	compatible_with	item_B01B3ISSBK
item_B00AAXSLHG	compatible_with	item_B00ARH8C9M
item_B013SEP6FS	compatible_with	item_B0148WMJ9U
item_B00AHA9UOK	compatible_with	item_B00AUVMZRU
item_B00295MQLU	compatible_with	item_B006JMK4MW
item_B00AXV91DS	compatible_with	item_B01H6YB182
item_B00PQSWORS	compatible_with	item_B013X04PDG
item_B009LINGLC	compatible_with	item_B00QI58H88
item_B007P89GQO	compatible_with	item_B00TKVQM7K
item_B005AFN9YY	compatible_with	item_B010EAL7M0
item_B00L57P5XO	compatible_with	item_B01615AOI0
item_B00VZ2J0B2	compatible_with	item_B01ENVEMB4
item_B000N5CP0U	compatible_with	item_B008P94GI0
item_B00XXPNFME	compatible_with	item_B00Y2EUUIC
item_B01C4TKTZ0	compatible_with	item_B01CTGJ238
item_B00VHCDWA0	compatible_with	item_B00XZ3EF0U
item_B016LJ4J7S	compatible_with	item_B01B51QMXQ
item_B017MSNUM2	compatible_with	item_B01EUEAWFE
item_B00XZATUN0	compatible_with	item_B019H1PKAM
item_B0149MVZ8A	compatible_with	item_B01E2DKX66
item_B00196SJIE	compatible_with	item_B00XBBIU3Y
item_B00DYUCF74	compatible_with	item_B00T0VSOUS
item_B00OD9ZAH2	compatible_with	item_B00OZTK5IO
item_B00ACIFHBM	compatible_with	item_B00D1ARZMC
item_B00JC2YXFK	compatible_with	item_B00NZON2MQ
item_B003JH8TFY	compatible_with	item_B00K2XORPY
item_B0012N84YS	compatible_with	item_B004OVCZA4
item_B00BN0AVXM	compatible_with	item_B01DZKLOAQ
item_B00FBBKGCA	compatible_with	item_B00JULWE54
item_B00NQJ5LAQ	compatible_with	item_B01H4QETSG
item_B00KVMEY0E	compatible_with	item_B016LJ4GBM
item_B00WF2Q9YW	compatible_with	item_B0158WEHEY
item_B00CBAOD3C	compatible_with	item_B01A16XYT6
item_B00PVA4OXS	compatible_with	item_B019X2NGF6
item_B005GVE0T0	compatible_with	item_B015G5SQ4A
item_B00NAK3MB6	compatible_with	item_B00VJL4Y1A
item_B00378LDBM	compatible_with	item_B00NJ873Q4
item_B00YWYZR76	compatible_with	item_B016OT9B8C
item_B000VB2P4M	compatible_with	item_B00Q4LZUW2
item_B01DK8QUO8	compatible_with	item_B01EHU2SLC
item_B011K36PTA	compatible_with	item_B01GFLOHRO
item_B00QVCSFC6	compatible_with	item_B0186MYH1G
item_B019S0V254	compatible_with	item_B01AUJGLLW
item_B00KKDZ2I2	compatible_with	item_B00SMJHB9Y
item_B00O5I1W3M	compatible_with	item_B00TEU8S60
item_B00K00U4IS	compatible_with	item_B01CC38G4O
item_B01C2IPCQ4	compatible_with	item_B01ET645HO
item_B00H9ZJOG0	compatible_with	item_B00OIWIEDG
item_B005GV4OMS	compatible_with	item_B016LJ4GBM
item_B00XV9XJY6	compatible_with	item_B01E2DKX66
item_B00HHHGFW6	compatible_with	item_B00XZATUN0
item_B003RAG5KE	compatible_with	item_B0156GCLD6
item_B00HVTA5F8	compatible_with	item_B00IWLE2RG
item_B00BN0AVXM	compatible_with	item_B00Z5A68SS
item_B00J36X1GW	compatible_with	item_B0182G3RB2
item_B0009G5V0E	compatible_with	item_B00JULWE54
item_B0059EQFOW	compatible_with	item_B00FXPRJWO
item_B0023RSLAO	compatible_with	item_B00XKXI3WG
item_B00YHYURHG	compatible_with	item_B019IBMJKU
item_B00O72IPCC	compatible_with	item_B00QOCIVMC
item_B000EOIG08	compatible_with	item_B018MRRKR8
item_B007HGO4UC	compatible_with	item_B00IL3NRRG
item_B00HIZKH7G	compatible_with	item_B00XHFMNNM
item_B00WHF3E6S	compatible_with	item_B016U2FMEU
item_B003LNXAQY	compatible_with	item_B008X9ZE1A
item_B01DPBMH88	compatible_with	item_B01H6DY7BQ
item_B014MCFM4K	compatible_with	item_B017TYWCWI
item_B0122YZ0D8	compatible_with	item_B014GSTE4Y
item_B01AP40M26	compatible_with	item_B01F0OR8JG
item_B00JC2YXFK	compatible_with	item_B01D448CIU
item_B00UMMLDEI	compatible_with	item_B01H6DY7BQ
item_B00NJ873Q4	compatible_with	item_B00NK7VWL6
item_B004KTUUHK	compatible_with	item_B00D62452S
item_B00KYDXDIE	compatible_with	item_B01610O85K
item_B00HRNU3B4	compatible_with	item_B00RJ3TE5S
item_B00XXPNFME	compatible_with	item_B01FWON91K
item_B00O5I1W3M	compatible_with	item_B0109W7KQK
item_B006QZ3LKY	compatible_with	item_B00THE56JA
item_B00R4TJJOS	compatible_with	item_B00VTTOGHE
item_B00AHXIC96	compatible_with	item_B00R756RZI
item_B01AP40M26	compatible_with	item_B01CTNFTVA
item_B014V7MHMG	compatible_with	item_B016YRTP0S
item_B00W308L7Y	compatible_with	item_B01F8VL0UE
item_B008TYP0XQ	compatible_with	item_B00WKKSI7U
item_B00KRC44SK	compatible_with	item_B017D0803I
item_B0018OOF6M	compatible_with	item_B01H3RJBKM
item_B00566SJPG	compatible_with	item_B01FGS8XZO
item_B008TUUOSG	compatible_with	item_B00UNJWDA8
item_B00KZHNJ1K	compatible_with	item_B00XPE0SQY
item_B00L5E0QTU	compatible_with	item_B01GDEMZCM
item_B00XKXI41Q	compatible_with	item_B010MC6BYO
item_B00XKXI2D6	compatible_with	item_B01B48NSOG
item_B00WHF3E6S	compatible_with	item_B015J252Y2
item_B009T1R6HG	compatible_with	item_B00BBSLNW4
item_B012UOSYQK	compatible_with	item_B01F83L1C4
item_B00HRH2ZSE	compatible_with	item_B00I14WP78
item_B0020MMO1E	compatible_with	item_B00BRDBCMO
item_B00NT0Z7HO	compatible_with	item_B00X7ZC2J2
item_B00CHY6OAW	compatible_with	item_B00XKXHMD2
item_B00ET9V5B6	compatible_with	item_B00UVOKN6G
item_B000851FM4	compatible_with	item_B005WO818C
item_B00XNS6Q6I	compatible_with	item_B016K6TBX4
item_B00KRVHRJ4	compatible_with	item_B013W7M3XE
item_B008C7BVBA	compatible_with	item_B00AZGKDFG
item_B00PXSBGR0	compatible_with	item_B00PXSJ5TQ
item_B00FEC2K34	compatible_with	item_B00Z5A68SS
item_B00LH50LRO	compatible_with	item_B01FUMB2U4
item_B0029L13AO	compatible_with	item_B00NX4BEMI
item_B006YG78LI	compatible_with	item_B00MQ9UZJE
item_B0176MGB5C	compatible_with	item_B01AOCTAYU
item_B00MK9QIGO	compatible_with	item_B00NJ873Q4
item_B00COR3IXI	compatible_with	item_B00XXPMJKI
item_B00S9X3K48	compatible_with	item_B00XKXHMD2
item_B00AZ15Z90	compatible_with	item_B01076JRQE
item_B017VM05DG	compatible_with	item_B019S38JJI
item_B011UFIFP0	compatible_with	item_B019HHGR3K
item_B00CBE1S6I	compatible_with	item_B00TR431U6
item_B00GBM60XW	compatible_with	item_B00ZUJ9Q8I
item_B0048GZASE	compatible_with	item_B00D076MXE
item_B00BYL4AZK	compatible_with	item_B00SZ0A4H6
item_B006SFRJ7S	compatible_with	item_B00TGA3I36
item_B00ACIFHBM	compatible_with	item_B00CEH1HGS
item_B01DDDAAJ6	compatible_with	item_B01ENGKR40
item_B007Y9SZXY	compatible_with	item_B00N28UFMU
item_B019IBMJKU	compatible_with	item_B01AVQVWCM
item_B00T3IXPOI	compatible_with	item_B0198YXSUW
item_B003M54R86	compatible_with	item_B00K7I1DYW
item_B00JDTRD9U	compatible_with	item_B00K00U3AC
item_B00NAWKKLO	compatible_with	item_B00V84SHIE
item_B00EVLZD92	compatible_with	item_B00KPQP4JQ
item_B00UEQ8QCE	compatible_with	item_B015WQG58M
item_B01DLB48OI	compatible_with	item_B01GYJZF1E
item_B000GGO5OU	compatible_with	item_B00ZLP8CCM
item_B00XWUD32W	compatible_with	item_B01GQPH8V6
item_B000HZEVUI	compatible_with	item_B01DUQKRPI
item_B00XXPNFME	compatible_with	item_B01ENGKR40
item_B000IO8S0M	compatible_with	item_B01A16XYT6
item_B0065ECGKM	compatible_with	item_B00M3EV6J0
item_B00GUZRWDW	compatible_with	item_B00XWUD32W
item_B00AMEZI1U	compatible_with	item_B00MOVQRFU
item_B013W7M3XE	compatible_with	item_B01CI40NS4
item_B005FSMDW0	compatible_with	item_B019752N26
item_B003COZCHM	compatible_with	item_B00F3SJQ72
item_B00JULWJLI	compatible_with	item_B013C6J8GK
item_B001RJ1U6G	compatible_with	item_B00EINOKYC
item_B01B3HP24W	compatible_with	item_B01FUWUZPC
item_B00CTWATH6	compatible_with	item_B00JO7ZUSW
item_B015G2HA3Q	compatible_with	item_B01FQS7RSS
item_B00F4GY3PI	compatible_with	item_B00O72IPCC
item_B00GD4WKZU	compatible_with	item_B017V194DO
item_B001IHZCZW	compatible_with	item_B018CS8UIA
item_B002SB3YIY	compatible_with	item_B00XKXHMD2
item_B002DEZFTC	compatible_with	item_B0085TF7DS
item_B00TDMYF1Q	compatible_with	item_B0156GCLD6
item_B00B58FQ5K	compatible_with	item_B00XH7J194
item_B00UBTS7GO	compatible_with	item_B01HH3X0YU
item_B003JH8SU0	compatible_with	item_B0170H8I9K
item_B009NUR5JM	compatible_with	item_B01DDDAAJ6
item_B00P3ATW5G	compatible_with	item_B00QTM7L1E
item_B013RMMWMG	compatible_with	item_B013RMOICI
item_B00JPQ5YI8	compatible_with	item_B01B3HP24W
item_B00MCW8R04	compatible_with	item_B017WSG1QY
item_B00FXPT5QW	compatible_with	item_B01A16XYT6
item_B00JY392MQ	compatible_with	item_B01E9XG2SW
item_B00AASRD7K	compatible_with	item_B00SMJHB6C
item_B00PF0QL4Y	compatible_with	item_B00RDVXJEI
item_B00EA91H2M	compatible_with	item_B00JBRB2IC
item_B005CSNUF2	compatible_with	item_B00PXSBBJI
item_B007Y9SZXY	compatible_with	item_B00PXMQ2LG
item_B00139IETG	compatible_with	item_B00QHR27KG
item_B000OLCRB0	compatible_with	item_B00NASDGCI
item_B00GTEM0XQ	compatible_with	item_B018YIF56S
item_B000LNECBY	compatible_with	item_B001DBLLSA
item_B00EJCE46Q	compatible_with	item_B00FXLCUPO
item_B007FHJNC2	compatible_with	item_B00GYG6A2G
item_B00DM27ELG	compatible_with	item_B013RDEALG
item_B00KBZOB40	compatible_with	item_B01ES40DAU
item_B010RXZ2FM	compatible_with	item_B01BBUIS0Q
item_B008PPPCB4	compatible_with	item_B00NE4YJVK
item_B00GTJIHME	compatible_with	item_B01AD2O6V8
item_B0031DOJPA	compatible_with	item_B00Q4LZUW2
item_B00IJLIJZA	compatible_with	item_B019HHGR3K
item_B00139IETG	compatible_with	item_B001UTT19Q
item_B0152R74K4	compatible_with	item_B0185NFGXE
item_B0002M34U4	compatible_with	item_B00XWUD32W
item_B00O70UZ3Q	compatible_with	item_B00R4TJJOS
item_B00VHVK4W0	compatible_with	item_B01H4VRDW0
item_B00GUBHBRS	compatible_with	item_B00KIZF1VU
item_B00X6CYBGI	compatible_with	item_B019X2NGF6
item_B00W1EDJXI	compatible_with	item_B01F8VL0UE
item_B00KBZOB40	compatible_with	item_B017WOAM7M
item_B00Z9T6XL2	compatible_with	item_B01AD2O6V8
item_B00SJGI3MO	compatible_with	item_B00V84SHIE
item_B00LUOIWEG	compatible_with	item_B010WE65IO
item_B009REO5S8	compatible_with	item_B00N2LV1PC
item_B01DUQKRPI	compatible_with	item_B01EKK612Q
item_B000N8Q3EQ	compatible_with	item_B00KBZO8WA
item_B00DVFWSWO	compatible_with	item_B00XXPMJKI
item_B00RHQQI38	compatible_with	item_B00YOBUKHE
item_B01FV38AVQ	compatible_with	item_B01HAH59Q0
item_B007EHZ4DA	compatible_with	item_B00XBBAV2C
item_B00K00Z6R2	compatible_with	item_B01D1ZDKXO
item_B00MFL4XIC	compatible_with	item_B01DDDAAJ6
item_B00GBVNW9I	compatible_with	item_B00WW6YJG6
item_B001CXOPPU	compatible_with	item_B00B58FQ5K
item_B000A2KE3G	compatible_with	item_B00FXPRJWO
item_B00F3SJQ72	compatible_with	item_B00LZKSZRY
item_B00BCG27RK	compatible_with	item_B00QNAIJ4A
item_B00VHVK4W0	compatible_with	item_B01A6L8S60
item_B00M185GCG	compatible_with	item_B019407BLC
item_B00JWURVRY	compatible_with	item_B01FM20C8A
item_B00N0U3BBC	compatible_with	item_B016B9QRPU
item_B008YWF7OU	compatible_with	item_B00M0QMBD6
item_B0042LD0BE	compatible_with	item_B006SRSZOW
item_B00STUNZ2I	compatible_with	item_B01CDDR02W
item_B00593B4GM	compatible_with	item_B016IO9QVA
item_B00BLXM8X2	compatible_with	item_B01DDDAAJ6
item_B01095N2UU	compatible_with	item_B013W7M3XE
item_B00R4TJJOS	compatible_with	item_B00VUE6IP6
item_B00CDZNL7O	compatible_with	item_B01C3ND116
item_B00W9E8FOI	compatible_with	item_B01CNNTDD6
item_B0000865SC	compatible_with	item_B0043029D4
item_B00V84SHIE	compatible_with	item_B01B8F4V2I
item_B0199BW2PG	compatible_with	item_B019IYZO9U
item_B001AH8FBS	compatible_with	item_B007TLEZUY
item_B00HUS75BM	compatible_with	item_B012XOO8UI
item_B00TLRMWR2	compatible_with	item_B01H30LCP6
item_B0131JMSCE	compatible_with	item_B019719OHC
item_B007BZ5CUA	compatible_with	item_B00FSWJESO
item_B00ACIFHBM	compatible_with	item_B00ACIFZ50
item_B000OBVIGU	compatible_with	item_B00O72IPCC
item_B001J5LET6	compatible_with	item_B00V84SHIE
item_B0039PRFJW	compatible_with	item_B00Z8A3TPK
item_B007SW5JR2	compatible_with	item_B01B3ISSBK
item_B011LTPIQO	compatible_with	item_B01FLKKNOG
item_B008X26P9C	compatible_with	item_B00V84SHIE
item_B000SNBD6E	compatible_with	item_B002HIBU9S
item_B00KFB7KSY	compatible_with	item_B01C2IPCQ4
item_B007GBY03O	compatible_with	item_B00B58FQ5K
item_B00C0PCYA2	compatible_with	item_B0156GCLD6
item_B001T6UGLW	compatible_with	item_B001T6UGMQ
item_B00UX6OI36	compatible_with	item_B01CCCDZOQ
item_B00KRYL7CE	compatible_with	item_B00N1NI3GQ
item_B00XXPMJKI	compatible_with	item_B01EMLQPE2
item_B013IXB626	compatible_with	item_B013IXD58Y
item_B002WHY7QM	compatible_with	item_B0196YFEUG
item_B00IIJ80ZW	compatible_with	item_B01E62JVLQ
item_B00DAQMTL4	compatible_with	item_B01H6YB182
item_B00KIDBKXA	compatible_with	item_B0193H249A
item_B00V84SHIE	compatible_with	item_B011B7PZDW
item_B019DFQ83A	compatible_with	item_B01HF19LY2
item_B00Q4LZUW2	compatible_with	item_B00ZYSWTYS
item_B00MR44E2C	compatible_with	item_B0194IUE0E
item_B00BLF9ERS	compatible_with	item_B00SZ0A4H6
item_B003C1XM3Q	compatible_with	item_B00L5E0NQG
item_B00T454BY8	compatible_with	item_B016UK7Y0M
item_B00CWDV8VI	compatible_with	item_B014K09RHM
item_B005GV4DJM	compatible_with	item_B01A7VLY60
item_B00KC7PKZQ	compatible_with	item_B013W7M3XE
item_B00L57P5XO	compatible_with	item_B00T2QQLJW
item_B00HNKMWLU	compatible_with	item_B00MN7REHA
item_B001EYHZCM	compatible_with	item_B00J08Y4M8
item_B004050740	compatible_with	item_B00IPDUM20
item_B000UDCURI	compatible_with	item_B00DVFWFKE
item_B00NB3ZXR8	compatible_with	item_B00XPIGNXM
item_B0013EDCFM	compatible_with	item_B01610O85K
item_B00B58FQ5K	compatible_with	item_B01E66WRUY
item_B00ATQXD3G	compatible_with	item_B00NASDG7I
item_B00H34M6IU	compatible_with	item_B00Z5OMBTO
item_B000HOSFDI	compatible_with	item_B00XLV5GVS
item_B00XKXHMD2	compatible_with	item_B0162MEQUO
item_B015XXRYLQ	compatible_with	item_B01FX3ZSWI
item_B007NLX4BG	compatible_with	item_B00W3HY108
item_B00L3VDGU6	compatible_with	item_B00L4I4DF0
item_B017LQGXVA	compatible_with	item_B01EYBC6L6
item_B00VC1Z3RG	compatible_with	item_B01890QD8K
item_B000TGPR4O	compatible_with	item_B00ACCV3C0
item_B00OY7T43Y	compatible_with	item_B01BNO36CK
item_B00UIJ4OSC	compatible_with	item_B01B3ISSBK
item_B016F1I0TU	compatible_with	item_B01AOSQC9K
item_B00M0NSDMM	compatible_with	item_B019IBMJKU
item_B000CQJIA0	compatible_with	item_B00B58FQ5K
item_B00B58FQ5K	compatible_with	item_B00V5YP8Z2
item_B00O70UZ3Q	compatible_with	item_B01DM1JJLY
item_B0043VDHYS	compatible_with	item_B01CRF8Z5W
item_B00QMTU4RM	compatible_with	item_B019HHGR3K
item_B00VHVK4W0	compatible_with	item_B013WQ0MOM
item_B005KSZHHI	compatible_with	item_B00B58FQ5K
item_B00VQ2RW5W	compatible_with	item_B00VUOU3BQ
item_B008PR653Q	compatible_with	item_B00P3ASAGS
item_B00R3UR2OM	compatible_with	item_B01DBGJDYI
item_B00O70UZ3Q	compatible_with	item_B0148WMJ9U
item_B00VANRPWW	compatible_with	item_B01GGR0ICU
item_B01DQBO88E	compatible_with	item_B01E2DKX66
item_B000AL9CUI	compatible_with	item_B0019MNPHS
item_B000BWLW68	compatible_with	item_B00QNAIJ4A
item_B013E0HGEA	compatible_with	item_B0196N8K8A
item_B016LJ4GBM	compatible_with	item_B0170AD4BE
item_B000JHAYHS	compatible_with	item_B00CBE1S6I
item_B00PYEHWD0	compatible_with	item_B01FUMB2U4
item_B00XWUD32W	compatible_with	item_B017VIUT7W
item_B00CRNZUM6	compatible_with	item_B00MJU0E6E
item_B00SYS4Q1Y	compatible_with	item_B0156GCLD6
item_B016LJ4GBM	compatible_with	item_B01B7H802Y
item_B000HOSFDI	compatible_with	item_B010832QQE
item_B00NE4YJVK	compatible_with	item_B00UCPJHEI
item_B00NJ873Q4	compatible_with	item_B00W8KV9SM
item_B004LPGSLK	compatible_with	item_B00655S5PG
item_B003VR7K4I	compatible_with	item_B015N6XQ9C
item_B00N4N2IGO	compatible_with	item_B00RD5RFKI
item_B00B58FP9W	compatible_with	item_B00S7XIQXK
item_B004I79ZC0	compatible_with	item_B016LJ4GBM
item_B00LE1C2V4	compatible_with	item_B00V84WMK8
item_B00MA794US	compatible_with	item_B016YKHX1S
item_B001F10DJQ	compatible_with	item_B00X9HIFIA
item_B00O05NLRK	compatible_with	item_B00Z9T6XL2
item_B0072J71L8	compatible_with	item_B00TIWZCN6
item_B01EP4C2XY	compatible_with	item_B01FQJJ0PA
item_B00UEQ87LO	compatible_with	item_B00W3HY108
item_B002LX8SKI	compatible_with	item_B00V84SHIE
item_B009A55M22	compatible_with	item_B017OEW7DC
item_B00P6S43JU	compatible_with	item_B01CXPBSGE
item_B00UYCGTAY	compatible_with	item_B01H43Z5GY
item_B005DKRULO	compatible_with	item_B008Y8UYEC
item_B007XD4QRU	compatible_with	item_B00NQJ5LAQ
item_B0018OHRFS	compatible_with	item_B01F324FMI
item_B011LTPIQO	compatible_with	item_B01DV8J22E
item_B009YLU0CO	compatible_with	item_B00JC2YXFK
item_B007N1BVKM	compatible_with	item_B01AXW2H5U
item_B00NAK23ZC	compatible_with	item_B00ULZAECI
item_B00DCDDRKW	compatible_with	item_B00XWUD32W
item_B006MXVQ48	compatible_with	item_B00MBI7NNG
item_B00B58FQ5K	compatible_with	item_B00Z6CCTOC
item_B008YWF7OU	compatible_with	item_B00C7WBA9Y
item_B0047EZUS2	compatible_with	item_B00EZYTF94
item_B004CK739A	compatible_with	item_B0078J8972
item_B0009UL0RI	compatible_with	item_B00B6E96I6
item_B003U0Q0OC	compatible_with	item_B00SAF9W7O
item_B00N9KKP6M	compatible_with	item_B01AYQY8RU
item_B002JFM28W	compatible_with	item_B0072J71L8
item_B00QVCSFC6	compatible_with	item_B017C0BFVI
item_B000PU6IW4	compatible_with	item_B01F324FMI
item_B015SSQCO6	compatible_with	item_B019HMO2YQ
item_B001MBD93Q	compatible_with	item_B01BSPCPRQ
item_B01H439QI2	compatible_with	item_B01H43L1KS
item_B00IMWRJWA	compatible_with	item_B01BBUIS0Q
item_B002TNQBB8	compatible_with	item_B008QZ1DNO
item_B00O70UZ3Q	compatible_with	item_B0140CB6VA
item_B0050C9LW6	compatible_with	item_B00DMW4T8C
item_B00RYMBDYE	compatible_with	item_B01H3EALMM
item_B00V64VFSK	compatible_with	item_B0118XFD4A
item_B00L5E0QTU	compatible_with	item_B00P87ZT88
item_B00GTJIHME	compatible_with	item_B014OW3MRW
item_B00Q4LZUW2	compatible_with	item_B017876G50
item_B01A1QHKUK	compatible_with	item_B01H30LCP6
item_B002RMFDXI	compatible_with	item_B00JULWJLI
item_B00D6MTW94	compatible_with	item_B0156GCLD6
item_B00N71VEQI	compatible_with	item_B01AYQY8RU
item_B00XH7I3K2	compatible_with	item_B00XKXI3WG
item_B00CYJUSQG	compatible_with	item_B00KDN7ARA
item_B00JMPYMDK	compatible_with	item_B00STUNZ2I
item_B011TWR7SA	compatible_with	item_B01DE7X91C
item_B00VDGZKJQ	compatible_with	item_B01H3EALMM
item_B00BUFALOO	compatible_with	item_B00ZUJ9Q8I
item_B002M4FN68	compatible_with	item_B00DVFWFKE
item_B0013KBX5W	compatible_with	item_B00NW62PCA
item_B00QY2W8TO	compatible_with	item_B00Y953DZG
item_B016YRUO08	compatible_with	item_B01CTGJ238
item_B00H9AT140	compatible_with	item_B00QVCSFC6
item_B0144QJ1VE	compatible_with	item_B01H7EMBXK
item_B01E2A08QO	compatible_with	item_B01GO0VDQO
item_B00295MQLU	compatible_with	item_B00NM9J3PE
item_B00KVU1HII	compatible_with	item_B00KW0EZ7M
item_B00B58FQ5K	compatible_with	item_B00ZZHDHL2
item_B00XKXHMD2	compatible_with	item_B01F2MWMG0
item_B01ELHZ0OS	compatible_with	item_B01FUMB2U4
item_B00AHXIC96	compatible_with	item_B00BDW3V2S
item_B000YD735I	compatible_with	item_B00O2UCPBQ
item_B001BSK500	compatible_with	item_B00DVFWFKE
item_B007BZ5CUA	compatible_with	item_B01EOFF81C
item_B00TF67E5E	compatible_with	item_B019S38C2C
item_B002UP39VA	compatible_with	item_B01G4RTNGE
item_B00P8XVEV8	compatible_with	item_B00RCKUFF6
item_B00BRBRPIG	compatible_with	item_B015VXB9V4
item_B00KG410BI	compatible_with	item_B01AOGZ0OK
item_B00EUD4I06	compatible_with	item_B00KBZOB40
item_B00OIKLWBY	compatible_with	item_B00QN26DAU
item_B00PGZPDME	compatible_with	item_B013V0MQVQ
item_B00E8HR18U	compatible_with	item_B00N2DQKDI
item_B00B58FQ5K	compatible_with	item_B01DZ520EU
item_B00LTTQJJM	compatible_with	item_B00SMJHB9Y
item_B00O70UZ3Q	compatible_with	item_B0158XS67C
item_B00745SUII	compatible_with	item_B00AR1MZAA
item_B003836K28	compatible_with	item_B00ACIFHBM
item_B015BKC22W	compatible_with	item_B019407BLC
item_B005GPJ5N2	compatible_with	item_B016LJ4GBM
item_B002GHC2MO	compatible_with	item_B00XKXHMD2
item_B006HT4O3C	compatible_with	item_B00APXN95U
item_B00FLXDYU4	compatible_with	item_B00MOTCACG
item_B00E9ALSGC	compatible_with	item_B00IL3NRRG
item_B015DN1ZI4	compatible_with	item_B015P0X9HU
item_B004QMXVHM	compatible_with	item_B00CBE1S6I
item_B00V43GXFS	compatible_with	item_B011CYSJXM
item_B00YHY0492	compatible_with	item_B016UK7Y0M
item_B0131JMSCE	compatible_with	item_B01C7PPU6O
item_B00K83TN7U	compatible_with	item_B00ZET7QY0
item_B019752N26	compatible_with	item_B01H3EB126
item_B00O72IPCC	compatible_with	item_B018EVCPUE
item_B00AZOH842	compatible_with	item_B00QGSJVZU
item_B00XWUD32W	compatible_with	item_B01AT1XH9K
item_B00ACIFHBM	compatible_with	item_B00ACIFP5U
item_B00OLKBQ6C	compatible_with	item_B013OVICL0
item_B007N1BVKM	compatible_with	item_B00P3AS5C2
item_B000XBM1L2	compatible_with	item_B00ZUJ9Q8I
item_B00B58FQ5K	compatible_with	item_B00Z6XFVPK
item_B00DFYCLVY	compatible_with	item_B00ZAIILVC
item_B00MBI7NNG	compatible_with	item_B00WQTTC3E
item_B00C1JJ824	compatible_with	item_B01DCK4SW0
item_B00NASDG7I	compatible_with	item_B0182NF25Y
item_B00IMM76Q4	compatible_with	item_B00XIYVK72
item_B016A5VW4Q	compatible_with	item_B01H3CSYOQ
item_B001BZ8DAM	compatible_with	item_B00XXPNFME
item_B00JBXOVZW	compatible_with	item_B00N4N2IGO
item_B00VY2HMKE	compatible_with	item_B00ZJW09BO
item_B00XKXHMD2	compatible_with	item_B01B48NSOG
item_B004NRNR7O	compatible_with	item_B00WW6YJG6
item_B00JUIOW1G	compatible_with	item_B00KXU16SW
item_B00Z9T6XL2	compatible_with	item_B01F4Q6NS2
item_B01E7Q94HW	compatible_with	item_B01FUMB2U4
item_B00335I28G	compatible_with	item_B00XWUD32W
item_B002HIBU9S	compatible_with	item_B01AHGM7BQ
item_B005GPI8GC	compatible_with	item_B012P2FLA4
item_B00LKW2RTE	compatible_with	item_B00TJSRYPI
item_B008SW4IRS	compatible_with	item_B01C2Y6MXU
item_B00Y3OZC98	compatible_with	item_B01FUMB2U4
item_B00A17XVLW	compatible_with	item_B00N4N2IGO
item_B00TF67T40	compatible_with	item_B019S3895C
item_B005SN5I6A	compatible_with	item_B00ACIFLBI
item_B00JDWG65E	compatible_with	item_B019DFQ83A
item_B00YTGUX6C	compatible_with	item_B017ULEI9U
item_B008HDZA20	compatible_with	item_B00R70LP8W
item_B014H6R622	compatible_with	item_B01BBUIS0Q
item_B013IXB626	compatible_with	item_B01GPL9GDE
item_B01H0YB6BU	compatible_with	item_B01H6DY7BQ
item_B016LJ4GBM	compatible_with	item_B01H3EEV6O
item_B00K00U4IS	compatible_with	item_B01F7YVCI2
item_B00FXW6NWY	compatible_with	item_B00WIS3ER8
item_B00N8NBSDE	compatible_with	item_B01FA0DBAA
item_B01DBGJDYI	compatible_with	item_B01GHRWFN4
item_B0055LIS94	compatible_with	item_B0156GCLD6
item_B00GUBHBRS	compatible_with	item_B011K36PTA
item_B000B5GUBW	compatible_with	item_B004TNF2Q6
item_B0026UPI4A	compatible_with	item_B00RCKUFF6
item_B007W0T2OQ	compatible_with	item_B019HHGR3K
item_B009KY1UJC	compatible_with	item_B00EVLTJN8
item_B00B81I4IU	compatible_with	item_B00VTVEVKE
item_B00BP570Z2	compatible_with	item_B00W8WGKP2
item_B00GNS0R8I	compatible_with	item_B011LTPIQO
item_B01F324FMI	compatible_with	item_B01GUEASU6
item_B00DMW4T8C	compatible_with	item_B00NS1DPN2
item_B000BWLW68	compatible_with	item_B00375HMIS
item_B00NASDGCI	compatible_with	item_B00QUF98SE
item_B00165YZPY	compatible_with	item_B001MBGN52
item_B01CZ8XB7I	compatible_with	item_B01FUMB2U4
item_B00J9Y7IAI	compatible_with	item_B00NJ873Q4
item_B00F0T6NHK	compatible_with	item_B00XWUD32W
item_B00EYT7S80	compatible_with	item_B00XWUD32W
item_B00JMPYMDK	compatible_with	item_B00UCIVQ26
item_B00LPQXVFE	compatible_with	item_B00XFSTNC0
item_B003V3TZI6	compatible_with	item_B00H9AQ5VM
item_B00SYS4Q1Y	compatible_with	item_B018Z43R84
item_B000FBKYUK	compatible_with	item_B01B3ISSBK
item_B00QA8AVDM	compatible_with	item_B01GJ313B6
item_B00CBE1S6I	compatible_with	item_B00FR9LTPY
item_B00EA0214O	compatible_with	item_B00XZ3EF0U
item_B00EK93ZVS	compatible_with	item_B0118XFD4A
item_B00VLB4G48	compatible_with	item_B016YKHX1S
item_B0149X6QKG	compatible_with	item_B014KMJ8L0
item_B0072LBZXG	compatible_with	item_B01BDI4VZM
item_B0010B1AQ6	compatible_with	item_B00ACIFHBM
item_B002NSM3X4	compatible_with	item_B017OEW7DC
item_B000G0M03O	compatible_with	item_B00V84SHIE
item_B00IWP5JGU	compatible_with	item_B00PXSBC1U
item_B00KRYL792	compatible_with	item_B014QJY1O6
item_B00XC2FB66	compatible_with	item_B01H30LCP6
item_B0024FAYTG	compatible_with	item_B00T6CLQTW
item_B0186SA2QE	compatible_with	item_B019IBMJKU
item_B00NHECBBW	compatible_with	item_B01FKZRSSG
item_B00MX2DS0W	compatible_with	item_B01EB03MMM
item_B0043EVXVE	compatible_with	item_B00NIQ2PT2
item_B001M5AX36	compatible_with	item_B00XH0MUEO
item_B00A9ZBGKO	compatible_with	item_B012XD7VL2
item_B00MBI7NNG	compatible_with	item_B015QSLDHO
item_B00K730Z00	compatible_with	item_B00MW7TCPI
item_B00EBSITI2	compatible_with	item_B00WDX1AVU
item_B00H34MCUW	compatible_with	item_B00XKXHMD2
item_B00V3MYAZA	compatible_with	item_B00XKXHMD2
item_B00X2C955Y	compatible_with	item_B017OEW7DC
item_B001414L3G	compatible_with	item_B00JULWJLI
item_B000RU1AKC	compatible_with	item_B00SAF9W7O
item_B0159WJ342	compatible_with	item_B0196YFE60
item_B019752N26	compatible_with	item_B01EL4J3NK
item_B009A55NGW	compatible_with	item_B00BSOU1L0
item_B00IQX47NO	compatible_with	item_B01H3EALTK
item_B016YKHX1S	compatible_with	item_B01CRK31CO
item_B001TFKTMY	compatible_with	item_B00DVA2CCA
item_B0198YXSUW	compatible_with	item_B01BUHS2VA
item_B00KBOCHO2	compatible_with	item_B019MDWF76
item_B003O86LQM	compatible_with	item_B010P4LAZY
item_B00XZ3EF0U	compatible_with	item_B01DOKVR2W
item_B007KF1JZS	compatible_with	item_B00JFVIO44
item_B00DRYHK7M	compatible_with	item_B00ECG6JH6
item_B00J9Y7IAI	compatible_with	item_B016YRTP0S
item_B00XTHG3I4	compatible_with	item_B015G5SQ4A
item_B004FGMWY2	compatible_with	item_B017V194DO
item_B00I5QWK1I	compatible_with	item_B00Q4LZUW2
item_B00ZXYYKE0	compatible_with	item_B01H6DY7BQ
item_B00SSW18M6	compatible_with	item_B01H3EALTK
item_B00I87JJ9K	compatible_with	item_B00JD0GSD6
item_B00B8IUX1O	compatible_with	item_B00IY8MNSW
item_B00APGAJG4	compatible_with	item_B01F324FMI
item_B00F3SJQ72	compatible_with	item_B00WD3HLKO
item_B007N1BVL6	compatible_with	item_B00CE85RMW
item_B000WLPWAK	compatible_with	item_B001918HAE
item_B00O70UZ3Q	compatible_with	item_B01CZSTIU2
item_B00C4U3BKA	compatible_with	item_B00EDG6VSW
item_B00AGIH3V0	compatible_with	item_B00FR9LTPY
item_B00OY7T43Y	compatible_with	item_B01E0FPAAK
item_B0037NYGB6	compatible_with	item_B004YAUAD4
item_B00V84SHIE	compatible_with	item_B016X12TNA
item_B00L3ESYXC	compatible_with	item_B00SSAD9ZM
item_B00VHQYWB4	compatible_with	item_B01DPFZRXQ
item_B01CH1N4BG	compatible_with	item_B01F0YU16I
item_B00I39JPV0	compatible_with	item_B00KRYL792
item_B010PP72UA	compatible_with	item_B017ULEI9U
item_B001AESJOE	compatible_with	item_B00XKXHMD2
item_B015QYTO4W	compatible_with	item_B016PWILXY
item_B00XKJ6ZUM	compatible_with	item_B01G5BE4DQ
item_B00NARZ6CC	compatible_with	item_B01DUQKRPI
item_B00XKSI06U	compatible_with	item_B015JSWWBM
item_B00LE1C2V4	compatible_with	item_B01CDTZVWW
item_B01A16XYT6	compatible_with	item_B01ELSW5VI
item_B00M0DH350	compatible_with	item_B00O9ZM6WW
item_B00XZ3I7XQ	compatible_with	item_B01EAH8U5K
item_B00LYT8NKU	compatible_with	item_B00MNKTBJ6
item_B01519NUTM	compatible_with	item_B01G82TR8Y
item_B00CTSM8C4	compatible_with	item_B00PXSBGR0
item_B0085TF7DS	compatible_with	item_B00FXPTQMA
item_B01AXSD2IK	compatible_with	item_B01GO0VDQO
item_B00J0EQHV8	compatible_with	item_B00V84SHIE
item_B00NJ873Q4	compatible_with	item_B012BJHTJW
item_B00GSOHKBE	compatible_with	item_B01FA0DBAA
item_B01AP40M7G	compatible_with	item_B01ESQPHWW
item_B00IUOTRNY	compatible_with	item_B01B3HP24W
item_B00ESXF2CG	compatible_with	item_B00R70LP8W
item_B00WMNCH9A	compatible_with	item_B01GE8ZQZA
item_B002JXUO5W	compatible_with	item_B00WKKSI7U
item_B0094VPFE2	compatible_with	item_B011LTPIQO
item_B00CIZHY7W	compatible_with	item_B016YKHXL8
item_B00W3HK0N0	compatible_with	item_B01AYQY8RU
item_B019C3BC0W	compatible_with	item_B01FQS7RSS
item_B000N26626	compatible_with	item_B00XKXHMD2
item_B01B3ISSBK	compatible_with	item_B01GRZ62SA
item_B00295MQLU	compatible_with	item_B0195BRO9E
item_B004I764VA	compatible_with	item_B00E1ZPCBC
item_B003MAEV28	compatible_with	item_B00A41E812
item_B0059WCB8S	compatible_with	item_B00V84SHIE
item_B004I764VA	compatible_with	item_B00VRZKN2M
item_B00V84SHIE	compatible_with	item_B0132IGDOI
item_B000GEQMV6	compatible_with	item_B01EHYZ9LY
item_B007BZ5CUA	compatible_with	item_B0084020T2
item_B00KONEPI6	compatible_with	item_B00QGSJVZU
item_B00OOKH55K	compatible_with	item_B014Q9QPG8
item_B0166BU7T0	compatible_with	item_B016JHEA3K
item_B00GO2AG7U	compatible_with	item_B013H93H3C
item_B00N20O5MY	compatible_with	item_B00O7VMTKC
item_B00BF8D7WO	compatible_with	item_B00QV4RVQA
item_B00BRB0LCI	compatible_with	item_B01H7EMBXK
item_B000JJKFVG	compatible_with	item_B00FXPRL5O
item_B01AKVN0JG	compatible_with	item_B01FQS7RPG
item_B005GINM60	compatible_with	item_B00N71VEQI
item_B0159J7FPE	compatible_with	item_B01DBGJDYI
item_B000KGMM4G	compatible_with	item_B00DMW4T8C
item_B005GQ0K5S	compatible_with	item_B00XXPNFME
item_B00AERKFZY	compatible_with	item_B01A16XYT6
item_B000GWXTRI	compatible_with	item_B003BR07RA
item_B00JBRB2IC	compatible_with	item_B00K034PL2
item_B00BIV05U0	compatible_with	item_B01DKI2ZYW
item_B00ZUIB9A2	compatible_with	item_B01EP4C2XY
item_B000VNOGCE	compatible_with	item_B01B8ZSVA6
item_B0031U0PJM	compatible_with	item_B00ARH8C9M
item_B016BCXLZQ	compatible_with	item_B01E0FPAAK
item_B0050FZ3IE	compatible_with	item_B00CBE1S6I
item_B00UURE5FE	compatible_with	item_B011S36MI6
item_B00KVTSPM0	compatible_with	item_B00KVU1HII
item_B00Y8E1W5Q	compatible_with	item_B01F4BCFPW
item_B00KCXFCP8	compatible_with	item_B011LTPIQO
item_B00XLAG1A4	compatible_with	item_B01H3EALMM
item_B00NJ873Q4	compatible_with	item_B01DL96ZZA
item_B017AP8R8O	compatible_with	item_B01F8VL0UE
item_B019IZ43PK	compatible_with	item_B01F0ZC8UY
item_B00VFLRF4M	compatible_with	item_B01GO0VDQO
item_B012P2FLA4	compatible_with	item_B016FA7A5Q
item_B00CSLYQP4	compatible_with	item_B01DUQKRPI
item_B00OZACS06	compatible_with	item_B00XXPMJKI
item_B019752N26	compatible_with	item_B01EUY3OBI
item_B000KK0ONI	compatible_with	item_B009YRM6MK
item_B0030DF838	compatible_with	item_B00F3SJQ72
item_B00CK253RG	compatible_with	item_B00ZE87NFS
item_B013FA8M56	compatible_with	item_B01BY7JU76
item_B011I11TVS	compatible_with	item_B011IWJVLC
item_B00ATMQ26A	compatible_with	item_B00REAYMHQ
item_B00VTTOGHE	compatible_with	item_B0148WMJ9U
item_B001PR8ZCW	compatible_with	item_B00XKXI3WG
item_B00FXPRIPC	compatible_with	item_B01ETQAI1G
item_B00W5R4WPK	compatible_with	item_B01FNUPOF2
item_B0119D83N2	compatible_with	item_B01DUQKRPI
item_B007G3924E	compatible_with	item_B00XWUD32W
item_B00D7HH8I0	compatible_with	item_B017ULEI9U
item_B0011E0M8E	compatible_with	item_B00XKXHMD2
item_B0155X7YF0	compatible_with	item_B015G5SQ4A
item_B00E24XKCK	compatible_with	item_B018MRRKR8
item_B0007YXUWO	compatible_with	item_B00V84SHIE
item_B012P2FLA4	compatible_with	item_B01DTY57Q0
item_B0009S6TJY	compatible_with	item_B00842PFGA
item_B009OJFK94	compatible_with	item_B00F4GY3PI
item_B00FXT6EUS	compatible_with	item_B016YKHX1S
item_B00284B5M8	compatible_with	item_B00UZBPNA6
item_B000KAYQQE	compatible_with	item_B00V84SHIE
item_B00KIH3UW0	compatible_with	item_B01A9RP7WY
item_B019S3895C	compatible_with	item_B019S38JJI
item_B00G4GNP4M	compatible_with	item_B01H3EALMM
item_B0009GCQP2	compatible_with	item_B00O72IPCC
item_B00PIM2CW4	compatible_with	item_B01B3HP24W
item_B00MMENHIO	compatible_with	item_B011LTPIQO
item_B006SFRKP4	compatible_with	item_B0151XEAJM
item_B01DE7X91C	compatible_with	item_B01H6YB182
item_B00ORP5UA4	compatible_with	item_B01CEFB458
item_B00JULWOOK	compatible_with	item_B00NMS6AOC
item_B000TGPR4O	compatible_with	item_B0011RL29E
item_B00E8DUX16	compatible_with	item_B00X3RZIK4
item_B00NI4XHHS	compatible_with	item_B00PBGJQYE
item_B001BF1B0Q	compatible_with	item_B019752N26
item_B00DVFWFKE	compatible_with	item_B00WSKQG1M
item_B01F324FMI	compatible_with	item_B01GGS94LU
item_B0057X9IY4	compatible_with	item_B007WPNNCS
item_B00HRKAPBA	compatible_with	item_B011TWR7SA
item_B00Q0BHE16	compatible_with	item_B00QIX05K8
item_B007EI0OV6	compatible_with	item_B00X9HIFIA
item_B00DVFWSWO	compatible_with	item_B01DDDAAJ6
item_B002JIO2L4	compatible_with	item_B00TKPB7YO
item_B0000TW41Y	compatible_with	item_B00FXPRL5O
item_B00IFQY8YA	compatible_with	item_B00NE4YJVK
item_B00ACIFKH8	compatible_with	item_B00ACIFXM0
item_B003C1PX56	compatible_with	item_B004I79ZC0
item_B00NE4YJVK	compatible_with	item_B00ZYTLQRS
item_B007GBXZIK	compatible_with	item_B00B58FQ5K
item_B00QVCSFC6	compatible_with	item_B00QYB2IYK
item_B00N1Z8FUS	compatible_with	item_B01C4185AE
item_B00SMJHB9Y	compatible_with	item_B00UV3CMFC
item_B00004U1J2	compatible_with	item_B00080QZCY
item_B00MX2DVSG	compatible_with	item_B00O4FZOIU
item_B00SGMDXVC	compatible_with	item_B015CBQ3ZW
item_B00M30FFJG	compatible_with	item_B00TKH7YD0
item_B01BHC6XI2	compatible_with	item_B01CZKPW7S
item_B0094KFN9U	compatible_with	item_B017LZINE6
item_B01DS353S4	compatible_with	item_B01GU62EJM
item_B01AA2LPD8	compatible_with	item_B01H0YB6BU
item_B00K01Q01M	compatible_with	item_B01C3ND116
item_B00OWV5TV8	compatible_with	item_B00UA07NMS
item_B00G9EMVIA	compatible_with	item_B015E03PJ8
item_B00CK0GNWM	compatible_with	item_B01EYBK0SC
item_B01DW1ZX3C	compatible_with	item_B01FA0DBAA
item_B0078Z1F9A	compatible_with	item_B00OQDBUQA
item_B000N21JKU	compatible_with	item_B01D1R3O1U
item_B002HEX1KS	compatible_with	item_B00AYCZCTI
item_B00B2DJKMS	compatible_with	item_B017WWTSO2
item_B00774KHKK	compatible_with	item_B00SAF9W7O
item_B003MAEV28	compatible_with	item_B00AA9Z8RG
item_B014IFAMYG	compatible_with	item_B01E61CD1C
item_B00246H4AW	compatible_with	item_B01H7EMBXK
item_B00139IETG	compatible_with	item_B00I2Q7GDI
item_B00NP5INR4	compatible_with	item_B0115KHC8Q
item_B00T6HSKUK	compatible_with	item_B0132I2BV2
item_B017LXZNZU	compatible_with	item_B01EXEQFEI
item_B00P3ASWQQ	compatible_with	item_B00P3AUGJ2
item_B003N277Z8	compatible_with	item_B00XKXHMD2
item_B00XWUD32W	compatible_with	item_B017KUE24C
item_B005UAJI4Y	compatible_with	item_B01DUQKRPI
item_B00S9X3K48	compatible_with	item_B01DJHQPHC
item_B0009G5V0E	compatible_with	item_B00JULWJLI
item_B0018OUOB2	compatible_with	item_B01F324FMI
item_B00O5I1W3M	compatible_with	item_B01BI84HEM
item_B0001YS2BO	compatible_with	item_B00FXPRL5O
item_B0072J71L8	compatible_with	item_B00TLM6AGQ
item_B00JJ8NM8Q	compatible_with	item_B00N4N2IGO
item_B00KHB8TJ6	compatible_with	item_B01FUMB2U4
item_B00E4I4XS4	compatible_with	item_B00YWK89X4
item_B00F3SJQ72	compatible_with	item_B013HVE56S
item_B0038356V4	compatible_with	item_B00ACIFLBI
item_B00VHVK4W0	compatible_with	item_B017BN1NTK
item_B00Y9L0CRW	compatible_with	item_B016LJ4GBM
item_B00IUOTWX4	compatible_with	item_B00KNV64WO
item_B01G0P1JSK	compatible_with	item_B01GYJZF1E
item_B01C3CV1P0	compatible_with	item_B01EH14W24
item_B00A6SOSIG	compatible_with	item_B019IBMJKU
item_B000HT98GQ	compatible_with	item_B00XKXI3J4
item_B00DMW4T8C	compatible_with	item_B01GMX2TWA
item_B003GU679O	compatible_with	item_B0060HMLTU
item_B0159PSAIE	compatible_with	item_B01H6DY7BQ
item_B00CN7PKVM	compatible_with	item_B01DXPYIHO
item_B00VTVMJGW	compatible_with	item_B01BSEQNP2
item_B00ZQW1PRO	compatible_with	item_B01E91R4GS
item_B00MY8WSCO	compatible_with	item_B017OHFWF4
item_B001LF2VU0	compatible_with	item_B00NASDG7I
item_B00XKXHMD2	compatible_with	item_B01CMSB6O6
item_B00BYS1Q8C	compatible_with	item_B01DUQKRPI
item_B000BVZR24	compatible_with	item_B00B58FQ5K
item_B006IX4ES2	compatible_with	item_B00IL3NRRG
item_B00F6Q3B18	compatible_with	item_B00XXPMJKI
item_B0019WQ7SM	compatible_with	item_B00FXPRJWO
item_B0085TF7DS	compatible_with	item_B00FXPSNZQ
item_B001VH6IFM	compatible_with	item_B0072J7XTI
item_B00F4NIGJU	compatible_with	item_B00V84SHIE
item_B00M9D0EZW	compatible_with	item_B01B3HP24W
item_B00GJB29U8	compatible_with	item_B01H7EMBXK
item_B000P4ZM6I	compatible_with	item_B00V84SHIE
item_B01CTVQ5NI	compatible_with	item_B01EMSY0OC
item_B000BF0L6M	compatible_with	item_B00V84SHIE
item_B00XKXHMD2	compatible_with	item_B01CKI7B2E
item_B00DNNLX2U	compatible_with	item_B0127XUXLS
item_B01AIQRKCQ	compatible_with	item_B01AUJGLLW
item_B00B58FQ5K	compatible_with	item_B00JRS14MY
item_B00O70UZ3Q	compatible_with	item_B01FFT1NEM
item_B0068CK4H8	compatible_with	item_B00GBVNW3O
item_B008Y8UYEC	compatible_with	item_B01BRISJBK
item_B001DNAQX4	compatible_with	item_B00K1BV7CI
item_B00IV3TRXE	compatible_with	item_B00QNAIJ4A
item_B00XZ3EF0U	compatible_with	item_B017B6ZJPG
item_B003KIW8BS	compatible_with	item_B01CU3GN0A
item_B00MXF0CBW	compatible_with	item_B00UEQ8QCE
item_B00JULWOOK	compatible_with	item_B01BHFHKR2
item_B01AA2LPD8	compatible_with	item_B01G81RRIW
item_B0094GUYXY	compatible_with	item_B016YRTP0S
item_B0043FX1SG	compatible_with	item_B00VHVK4W0
item_B013PDQHXC	compatible_with	item_B01H7EMBXK
item_B001AXVHPS	compatible_with	item_B00B58FQ5K
item_B00A0GG2B0	compatible_with	item_B00TF67E5E
item_B002KIPDSY	compatible_with	item_B00NJ873Q4
item_B018E0990Y	compatible_with	item_B01FUMB2U4
item_B00180R7RA	compatible_with	item_B00N3V4Y5K
item_B00HIZKH7G	compatible_with	item_B0183IV2V6
item_B00Z5OMBTO	compatible_with	item_B00ZDH6ZOU
item_B001O6OGVS	compatible_with	item_B01H9J0RB6
item_B01CQJYF6M	compatible_with	item_B01FVZH0EM
item_B00PJI9NUQ	compatible_with	item_B012UOSYQK
item_B00EZ8EYK0	compatible_with	item_B019IBMJKU
item_B019S3895C	compatible_with	item_B019S3BJIQ
item_B004UUED5E	compatible_with	item_B00KYKZNGM
item_B00V9TZIQM	compatible_with	item_B01DUQKRPI
item_B000OVHWEW	compatible_with	item_B0037MTGGC
item_B007W6JYNO	compatible_with	item_B008QZ0GF0
item_B019S1AFRE	compatible_with	item_B01CZKPW7S
item_B016LJ4GBM	compatible_with	item_B01H3EBD2O
item_B00SXQJK3G	compatible_with	item_B0118XFD4A
item_B00W2Z4RQ4	compatible_with	item_B015QZRTB6
item_B005GK97MG	compatible_with	item_B00BXUSRYC
item_B016LJ4J7S	compatible_with	item_B016LJ5PIU
item_B0047F6490	compatible_with	item_B00EVLTJN8
item_B00HVKZYIA	compatible_with	item_B019752N26
item_B00NOMUWP4	compatible_with	item_B015SSQCO6
item_B00MACUGDW	compatible_with	item_B00Q2M3UEI
item_B00FN5ASL8	compatible_with	item_B011LTPIQO
item_B014JTIJIM	compatible_with	item_B015RJWTNY
item_B009SIPDYS	compatible_with	item_B00W9E8FOI
item_B0146JL91E	compatible_with	item_B01HH3X0YU
item_B00K6ZI9AC	compatible_with	item_B00Q4LZUW2
item_B00J2HY6KC	compatible_with	item_B013W7M3XE
item_B00QI5P362	compatible_with	item_B00XKXHMD2
item_B00LPQXVFE	compatible_with	item_B00XCO2MSE
item_B00ES6FQBA	compatible_with	item_B00ZUJ9Q8I
item_B005C17708	compatible_with	item_B00FBNOSWC
item_B007PBF00C	compatible_with	item_B01D87J7IM
item_B00ZUJ9Q8I	compatible_with	item_B01BESKYVQ
item_B00KH5ZCLU	compatible_with	item_B012XZ5LBW
item_B00FLXDYU4	compatible_with	item_B014YXTVO4
item_B01FYFOTWK	compatible_with	item_B01H7EMBXK
item_B00BDW3V2S	compatible_with	item_B00CAD7VVQ
item_B007BRX8G8	compatible_with	item_B00X9HIFIA
item_B00O0TOYKE	compatible_with	item_B01E0SUB10
item_B00139IETG	compatible_with	item_B0070NTRKY
item_B00FZEE2GO	compatible_with	item_B00JKI7FMO
item_B014W7YYZI	compatible_with	item_B015SSQCO6
item_B00QNAIJ4A	compatible_with	item_B012U9J4DC
item_B00V84SHIE	compatible_with	item_B0132HVJA2
item_B00A0FCDBO	compatible_with	item_B019S3895C
item_B00TCCTY18	compatible_with	item_B0182G3RB2
item_B00JAXL1D8	compatible_with	item_B00KRYL7CE
item_B0076TOT5A	compatible_with	item_B00DG7AZSG
item_B00N4N2IGO	compatible_with	item_B01015X8J8
item_B007D4L1JA	compatible_with	item_B00XBBAV2C
item_B00EDTOM8K	compatible_with	item_B01FUMB2U4
item_B009JM2Q1Q	compatible_with	item_B00HAYJTSI
item_B000KGIC1S	compatible_with	item_B01FUMB2U4
item_B00ZUJ9Q8I	compatible_with	item_B01G5VFJNU
item_B00NJ873Q4	compatible_with	item_B01095N2UU
item_B004DB68BM	compatible_with	item_B00ACIFHBM
item_B00KBZO8WK	compatible_with	item_B01B8UCPAI
item_B00O70UZ3Q	compatible_with	item_B0166RRGE8
item_B00UD8DHTU	compatible_with	item_B013OVICL0
item_B0148WMJ9U	compatible_with	item_B01F8VL0UE
item_B000GGO5OU	compatible_with	item_B00Y1NHZ2S
item_B017C0BFVI	compatible_with	item_B01BU5AVK2
item_B004Z0CN60	compatible_with	item_B00QNAIJ4A
item_B0047F940G	compatible_with	item_B00EVLTJN8
item_B003VRK1XU	compatible_with	item_B0044UOBUW
item_B00FBBKGCA	compatible_with	item_B00NASDG7I
item_B009GWZF6M	compatible_with	item_B00SJ68E3M
item_B002WJ8CXO	compatible_with	item_B016LJ4GBM
item_B00LCJP40E	compatible_with	item_B00TWIRMA2
item_B00N71VEQI	compatible_with	item_B013W93UUM
item_B001KTVIIS	compatible_with	item_B01GL96GWO
item_B002BZJ1RU	compatible_with	item_B00CPGN3SS
item_B016LJ4GBM	compatible_with	item_B01DTSXY48
item_B000HOSFDI	compatible_with	item_B00XLV4AUQ
item_B00HRNU3B4	compatible_with	item_B00NNLP48Q
item_B00APXN95U	compatible_with	item_B01GJBAS9G
item_B00QNAIJ4A	compatible_with	item_B011T7DD7O
item_B017KXTWSA	compatible_with	item_B01EY13KTI
item_B00OC0W3KE	compatible_with	item_B01EP4C2XY
item_B00VZ2J0B2	compatible_with	item_B0148LLQPY
item_B00MMMDDFS	compatible_with	item_B00XZ3EF0U
item_B010HDQUI0	compatible_with	item_B01GTEXWU0
item_B00KQF4W3A	compatible_with	item_B0155EHRBK
item_B018296NNI	compatible_with	item_B0183SZ1S6
item_B00APXN95U	compatible_with	item_B00SMJHB9Y
item_B0016IQQ5I	compatible_with	item_B01H3EALEA
item_B00JRKEKDM	compatible_with	item_B01G2LYHFO
item_B00374NI8M	compatible_with	item_B01EHU2SLC
item_B006OVW1G0	compatible_with	item_B007R8T4M8
item_B005A8PZ8Y	compatible_with	item_B01FNUPOF2
item_B00LAC8WO8	compatible_with	item_B00O5I1W3M
item_B00GTJIHME	compatible_with	item_B013W94G7I
item_B00CYRHL5E	compatible_with	item_B00NE4YJVK
item_B005S2AGZ4	compatible_with	item_B00O9ZM6TU
item_B004XH4ZPW	compatible_with	item_B01H3CSYOQ
item_B006SFRJ7S	compatible_with	item_B00BCJVLRY
item_B00EA91H2M	compatible_with	item_B01FNUPOF2
item_B0009FB2WQ	compatible_with	item_B00ARH8C9M
item_B01DLVZTPK	compatible_with	item_B01E2DKX66
item_B00MOI74Y6	compatible_with	item_B00QNAIJ4A
item_B00139IETG	compatible_with	item_B00I2ZAFA0
item_B00APXN95U	compatible_with	item_B00WYEOA0Q
item_B00VNVQ75M	compatible_with	item_B01GO0VDQO
item_B001F7NKM2	compatible_with	item_B00NASDGCI
item_B00NNLP48Q	compatible_with	item_B019X2NGF6
item_B00FXPRJWO	compatible_with	item_B01BW676D4
item_B00XLV4I1W	compatible_with	item_B01BGWYFE2
item_B01DKMMUY8	compatible_with	item_B01E3N2JL2
item_B00JY392MQ	compatible_with	item_B01FX04MGE
item_B00Q4LZUW2	compatible_with	item_B017876JAW
item_B0009UL0RI	compatible_with	item_B00YQLH502
item_B00WB234F8	compatible_with	item_B00WXWUP2Q
item_B002QGKSH6	compatible_with	item_B006SFRKP4
item_B00O12LOLC	compatible_with	item_B016ELDFPU
